timestamp,motor_id,current_A,current_A_ph2,current_A_ph3,current_imbalance_pct,voltage_V,rpm,vibration_mms,winding_temp_C,bearing_temp_C,power_factor,true_condition
2026-01-01 00:00:00,MTR-001,28.2472532672767,27.587344705674347,28.3768121113968,2.812448116941771,416.4746932354916,1480.3756735079437,1.0167541614249958,81.80238137150602,55.752819052195036,0.8627826244666275,normal
2026-01-01 04:00:00,MTR-001,27.93117510341701,27.72115432665751,27.540966594187136,1.4071152167696748,413.42664475069057,1478.7117833766242,0.81732214255072,77.87867837237076,53.19589689128498,0.8717682087213939,normal
2026-01-01 08:00:00,MTR-001,28.3224049611879,28.3719861501058,28.432870502452595,0.3892955294365664,415.11497929173925,1480.366892509097,0.777270167486654,76.58318646617907,53.26067383745061,0.8645331991541273,normal
2026-01-01 12:00:00,MTR-001,28.758130417411994,28.3038287543491,28.674806400827354,1.5896389140488205,420.1138074504292,1481.629894087109,0.8994938313883573,74.97257121477435,57.250869568829536,0.8672834488967395,normal
2026-01-01 16:00:00,MTR-001,27.88344365347105,27.989595651004514,28.205798707382463,1.1501885428029426,415.76439627207964,1480.1465802109772,0.8744723066212607,74.39372064748811,52.62117621426535,0.8867345209029853,normal
2026-01-01 20:00:00,MTR-001,27.883451825874186,28.058402964135926,28.934227248917793,3.7140336752172725,415.1857461926246,1480.1217750736116,0.8320157926009087,74.83172811398902,58.28534590651193,0.8834046105179034,normal
2026-01-02 00:00:00,MTR-001,28.786097045941457,28.63599319257024,27.614824932001778,4.132107020548944,409.56057543608034,1477.8940249365796,1.0044581171185074,78.53425330202296,53.19875853070426,0.8570041876307241,normal
2026-01-02 04:00:00,MTR-001,28.382011954067227,27.705528908668388,27.38043854768498,3.59984779836615,417.9850142641089,1478.011297247347,1.0432957812855765,79.01745004645987,56.27678385121676,0.8782973241787917,normal
2026-01-02 08:00:00,MTR-001,27.766306083445713,28.272332918626862,27.114592587212094,4.176892380321959,417.5819367245643,1475.792184184601,0.9132610329437771,74.83761859593574,54.34276304850203,0.8781139655449159,normal
2026-01-02 12:00:00,MTR-001,28.270074332807237,27.89935299078846,28.744697612830173,2.986586587359677,423.6530188932218,1485.2487302295608,1.1216295121582893,79.79007662815224,56.20637486216469,0.8585173671124738,normal
2026-01-02 16:00:00,MTR-001,27.76932097068891,27.89164313439356,28.32572868227402,1.9874852543385484,413.768887060188,1476.268410293826,0.7287466328799743,77.03387789663311,53.911771995771616,0.8781877764375486,normal
2026-01-02 20:00:00,MTR-001,27.768170078222806,28.546946699655845,27.972331186035685,2.7718597735921024,415.87660131065576,1477.9212844066124,0.8709510811080423,78.2935860239711,54.67441418785541,0.8853793191841255,normal
2026-01-03 00:00:00,MTR-001,28.120443441846202,28.41087391594071,28.139362160656976,1.0290355849733381,415.99753473484304,1477.8447782032924,0.7924766519095793,81.22444125651084,55.08183835079144,0.8587745519375558,normal
2026-01-03 04:00:00,MTR-001,27.047611611548117,28.404947018809207,27.439756563122586,4.912404982631687,421.3098131190539,1482.6847731308333,0.6200195074390411,79.79367863173107,52.99562508843705,0.8608249717898574,normal
2026-01-03 08:00:00,MTR-001,27.141374234482402,28.649838339561267,29.217440985409265,7.3265485241743535,414.6188178704522,1479.115150965124,0.8875978971235952,77.46293870418833,56.48164869084025,0.880176614668435,normal
2026-01-03 12:00:00,MTR-001,27.72010576322227,28.01045524561275,28.06432343280545,1.2323580557817095,416.11608610308133,1483.7432262180212,0.8817378737425074,76.21761554916942,53.97357286705683,0.8727149531082565,normal
2026-01-03 16:00:00,MTR-001,27.495835175655753,28.33946103460016,28.05445429775888,3.0169091712716685,417.43158603886616,1477.9795281272684,1.1270174614863198,73.6963691973414,54.54280016931996,0.8755147627523953,normal
2026-01-03 20:00:00,MTR-001,28.156425338891868,27.84555610338459,28.361270497229572,1.8339065244240997,415.74643649262543,1480.8369824866713,0.9946217526832166,76.56169336151515,53.01130125078298,0.873405892164005,normal
2026-01-04 00:00:00,MTR-001,27.548005793518332,28.161362806572026,28.239435706464498,2.470898491018215,413.2142655417979,1477.4939588402208,0.7463719763506192,77.57773952234461,49.87533268240938,0.8739069592092814,normal
2026-01-04 04:00:00,MTR-001,27.296986602001986,27.935217679603642,28.111444492085614,2.9316855047773855,415.77635997159325,1486.4354473833203,1.1781138849501283,76.02564094569763,54.617944474799664,0.8567352787168891,normal
2026-01-04 08:00:00,MTR-001,28.729567387196507,28.048282435907485,27.606519382178334,3.992616223578545,419.2945269994391,1476.4372047429115,1.0831550543288029,77.73748606581539,59.82523084322583,0.8804731770662145,normal
2026-01-04 12:00:00,MTR-001,27.887613574868926,28.296255941550818,28.234686471107697,1.4522009831900036,410.89393880235576,1480.929462130681,0.9873146555202924,78.15370376591754,56.56920857579605,0.8816958999242778,normal
2026-01-04 16:00:00,MTR-001,28.033614039666876,27.592707926568227,28.936829971578682,4.768467166404456,415.5318786965875,1481.9013306427962,0.8660273851725252,77.55028803638385,54.96147924053121,0.8677060925593197,normal
2026-01-04 20:00:00,MTR-001,27.290792013973746,29.041543888341206,28.6697202007527,6.178974796484752,412.1995167402433,1481.2413972923546,0.756084114491478,76.69999483835308,54.474218341583466,0.8695652305018614,normal
2026-01-05 00:00:00,MTR-001,27.729018377125243,27.49922690343126,28.79305289859383,4.619635818065582,419.78018651569937,1479.444137023367,0.8441689835893421,78.33730934393346,55.044931785624094,0.8546889249744428,normal
2026-01-05 04:00:00,MTR-001,28.055214800211132,27.39560389052344,27.74552819662092,2.3785091570695274,408.9072523808649,1479.6105379007997,1.063312292955628,78.88388129913882,56.09423823035042,0.8751425475601784,normal
2026-01-05 08:00:00,MTR-001,27.42706097479423,28.576481857031144,27.507396711693506,4.129114898670008,412.76431261091363,1480.1314344159373,1.1826879458901913,75.8192018451143,52.63837436938231,0.8757205744171415,normal
2026-01-05 12:00:00,MTR-001,28.187014124687625,28.39407209655044,27.937386066439288,1.6210161556992593,416.50884750025807,1479.5589939951146,1.1314865292408283,80.82186475949254,57.22864338933775,0.8693780898300069,normal
2026-01-05 16:00:00,MTR-001,27.70101540768486,28.310672975599296,28.027738623005927,2.1763269561635807,421.26209611693736,1482.8916373503848,0.8266725867320589,77.80282373543147,56.43076263088249,0.881243533598705,normal
2026-01-05 20:00:00,MTR-001,27.854801333436235,28.31277643127822,28.54466422252776,2.4430809747500954,414.73699895570803,1486.631569004774,0.7320573850066483,78.0376992458897,56.436371451415866,0.8666592276902005,normal
2026-01-06 00:00:00,MTR-001,27.700483819690255,27.993903828627314,27.15752871765307,3.0284457414835324,412.7792018932272,1478.3275246449764,0.9211329370366806,79.41642884651311,55.87695147761946,0.875646059258936,normal
2026-01-06 04:00:00,MTR-001,28.922022918511114,27.553366712860385,28.761376159020394,4.817133286179923,422.52462827776236,1475.8905910612627,0.6347340951655722,78.46643226252701,55.03923331538798,0.8598033566130788,normal
2026-01-06 08:00:00,MTR-001,27.993281381463785,28.037733824523098,27.921347179374013,0.4159024541138326,409.20794439833503,1479.7351538549462,0.9484751571277172,79.90627326782649,56.34572247193364,0.8697644784912576,normal
2026-01-06 12:00:00,MTR-001,27.473495004253063,27.662923948047304,27.787508089626172,1.1360282728084365,406.2047761735197,1487.739128012963,0.8778596120551997,78.57424833040365,56.18362826748275,0.8682564574209717,normal
2026-01-06 16:00:00,MTR-001,28.40944457846914,28.485392933967947,27.496196933203827,3.5164730729825164,416.7600578002133,1477.5889762960908,0.8300945247197637,76.77512525071913,54.29191857811795,0.8722530792204094,normal
2026-01-06 20:00:00,MTR-001,27.392291160903312,27.926798103430045,27.17624912333793,2.7294232429172642,412.9917831025896,1484.9173504163323,0.6607945399099807,78.7230070504122,53.8527964542062,0.8663047307116664,normal
2026-01-07 00:00:00,MTR-001,28.103967656180146,27.58908583981884,28.4097560240166,2.927382053755701,410.91506873147716,1485.0331024422294,0.9770400159854575,75.71254758535868,55.20371259052397,0.8686852740432833,normal
2026-01-07 04:00:00,MTR-001,27.024519760557624,27.84002126993273,28.036496054778226,3.6621120668721865,417.8334257891974,1478.339235274876,0.8200948740507134,78.21711941155304,58.09804030299038,0.878260471714415,normal
2026-01-07 08:00:00,MTR-001,27.338858500103893,28.205548101683867,27.357886129906674,3.1363050635460765,415.9752028550848,1481.7069492375558,0.7245124746434568,77.93354001871108,52.5217858486922,0.8656323576276178,normal
2026-01-07 12:00:00,MTR-001,28.097993148521518,27.719390444826466,27.355338566794998,2.67871928117223,412.7436854770531,1484.8851898693856,0.46916066800775263,77.58376628545491,52.06494946849512,0.8539342289926132,normal
2026-01-07 16:00:00,MTR-001,28.367592253153273,27.590716958651377,27.83285383857558,2.7814697859061526,409.87878240531643,1478.8626167770376,0.8958727642424046,77.74292497712214,55.329521682473036,0.8874958390420542,normal
2026-01-07 20:00:00,MTR-001,28.085303322192342,28.121302078609308,28.83080182592183,2.6300137599746076,418.4898293131206,1479.389258919693,1.1658377395004615,74.23630190900472,55.10177540371203,0.8838145407869049,normal
2026-01-08 00:00:00,MTR-001,27.942432854988965,28.121938915396342,27.870781193987895,0.8976848645824912,417.60080471183466,1478.254957258154,1.1491888821821805,76.90255018451808,55.346683328740816,0.8570773730489438,normal
2026-01-08 04:00:00,MTR-001,27.850117271528887,27.74765495270415,27.251768841114544,2.1666327515648995,414.6032965448825,1476.9557298079214,0.8314355615120592,78.18568980228223,55.487906395817,0.876897078052452,normal
2026-01-08 08:00:00,MTR-001,27.264024609239325,27.7655275989811,27.877674563654995,2.220493839834378,422.38654798419066,1478.052167364802,0.809668190945733,78.3197127839948,54.55359549073039,0.8649702522944865,normal
2026-01-08 12:00:00,MTR-001,27.641677549599077,28.115509302151356,27.86424426750338,1.699917399918234,410.7196609346954,1476.3281791997133,0.9703161384112535,75.94464971814809,57.979726877204165,0.8726348721533106,normal
2026-01-08 16:00:00,MTR-001,27.77070425623335,27.279175794454666,26.657549759957973,4.087098929149062,408.89789931630105,1480.1022504047776,0.7502421841217564,80.5314156817294,51.79819204304697,0.872942241290135,normal
2026-01-08 20:00:00,MTR-001,28.52621195260675,27.299395810088114,27.97297322200002,4.392017602575051,412.232367720475,1477.690080306824,0.9452687849729199,76.267650303571,53.343005950439505,0.8676559219968367,normal
2026-01-09 00:00:00,MTR-001,28.17104554858519,27.642374432087678,27.88504592274057,1.894913284698397,414.817655934578,1480.7013577353723,1.0149120417577036,79.93891440105347,54.79349047970191,0.862162343344136,normal
2026-01-09 04:00:00,MTR-001,27.12239778933055,27.89375075114788,28.346556057151567,4.405417052132762,415.97335779729076,1475.3323130613892,1.0840399835826462,78.85438872374337,51.713622377691664,0.8630945894768374,normal
2026-01-09 08:00:00,MTR-001,28.161321798098744,28.154762877097674,28.920369256150572,2.6946441706838797,414.0350557685747,1480.9926406966433,0.8849768885280072,76.7075453803124,54.648291191135854,0.8608380808451875,normal
2026-01-09 12:00:00,MTR-001,27.808314598192766,28.734399539103777,28.56077903693044,3.264560265517289,416.4082215860572,1482.5005868848268,0.8694489374734551,81.55062178521902,58.32294033145604,0.8616817779176955,normal
2026-01-09 16:00:00,MTR-001,27.663043270958813,28.42692390132723,27.86615318514604,2.7295709727282356,409.99384230323824,1474.0187930722857,0.7683026119865158,75.61272633648704,55.04177297659192,0.8693282170995065,normal
2026-01-09 20:00:00,MTR-001,28.304478863778566,27.920386153973762,27.449195992093035,3.066480321487789,420.77505841629306,1481.1221697095427,0.775967946894021,79.83830834722,55.46140181143737,0.8628424001088925,normal
2026-01-10 00:00:00,MTR-001,28.513208651197985,27.99053415428844,29.280961324284377,4.512787622524791,414.67139528642974,1483.6830069774198,0.866028166214771,80.00116463608596,52.47967046965484,0.8768205206571262,normal
2026-01-10 04:00:00,MTR-001,28.463570548182286,27.500963160713624,28.029477620487214,3.438128643578373,419.4691833263525,1476.3710769439265,0.9551048260224267,76.65875958184671,53.767277183921045,0.8848724615533593,normal
2026-01-10 08:00:00,MTR-001,27.582256166218066,27.990784572306012,28.006933691974446,1.5243275508878855,416.3709013855108,1485.017717160513,1.0370376939349875,80.78493060012866,54.24960723935212,0.8641994675862996,normal
2026-01-10 12:00:00,MTR-001,27.846080950687394,27.856312144181974,27.987991067749686,0.5086968538221032,416.82701287661513,1481.2570570280982,0.7795231573979483,77.4999069708021,54.36456980648753,0.8723940450053538,normal
2026-01-10 16:00:00,MTR-001,28.164895574743106,28.16064212781274,28.098602192026664,0.23557260802142552,417.2790691209288,1477.8849644327247,1.1239032853439284,78.57738725855971,57.56328759000754,0.8749968511030294,normal
2026-01-10 20:00:00,MTR-001,28.485604685500906,27.58822281920951,27.928140594953415,3.2048601476576177,416.7908342400693,1479.8326927670269,0.8593314598436147,78.52064367754244,56.115382121450246,0.8747200227091927,normal
2026-01-11 00:00:00,MTR-001,27.76147771271701,28.258519153755607,27.714443801019616,1.9492887815295852,417.57089103947015,1481.6749807375652,0.8967949058477346,77.7313825170589,52.77708408612594,0.8707595526791608,normal
2026-01-11 04:00:00,MTR-001,27.90758308717179,28.76296337002795,27.72778577147145,3.679613937459435,420.31661012052973,1480.2280161742372,0.7879182481278265,79.62161654631956,55.49300955686401,0.8774268241835972,normal
2026-01-11 08:00:00,MTR-001,27.449291035161444,27.945861614990363,27.983696149936925,1.9228082030376237,415.7860846788059,1481.616267977339,0.5363639609590588,79.58697744110442,55.99644349699357,0.8748224895268065,normal
2026-01-11 12:00:00,MTR-001,27.404554924902065,28.199963168333696,27.729495225035638,2.863446311149519,417.8360150303541,1477.2379792207619,1.0326068094541574,74.50293605352364,57.28029807704253,0.857623375776727,normal
2026-01-11 16:00:00,MTR-001,28.404457298258446,28.343538342540644,27.6451612104007,2.6991385896246998,414.6410572228511,1480.5080824721083,1.0105265845638651,80.60868048575631,58.161081373136746,0.8786915606438928,normal
2026-01-11 20:00:00,MTR-001,28.675106147555255,27.800281365105718,28.052978602228855,3.1048445249509014,420.7604688617979,1475.7588565092851,0.857800866432268,74.67501602392865,52.96981161634426,0.8788729083726674,normal
2026-01-12 00:00:00,MTR-001,27.964154961702235,28.111548257612295,27.873078007328285,0.8521990913966717,412.2944307917629,1479.666321815954,0.9100486075837309,80.06509240868331,53.37828497757933,0.8623671389582142,normal
2026-01-12 04:00:00,MTR-001,28.499536375839586,28.00626821727805,28.748654287650048,2.612365664335261,422.2037617316433,1477.2882770756057,0.9773908826556149,80.25341027365516,52.48484428217077,0.870379378354476,normal
2026-01-12 08:00:00,MTR-001,28.1800143769126,28.04862099127764,26.680406139822146,5.426217248979518,414.83936819742263,1477.7934101722308,0.6656181214670186,75.8180671395696,54.531960281786034,0.8768332899281107,normal
2026-01-12 12:00:00,MTR-001,27.678873722152115,27.615212907591946,28.543327855179182,3.3211244166677236,409.2768995915278,1483.7082795256313,0.8206420983980558,77.17837142409083,55.932716748892666,0.8679068618042064,normal
2026-01-12 16:00:00,MTR-001,28.17989470140863,28.012200620075564,28.620273518043263,2.150887563764053,415.5124176596432,1483.2739303617827,1.0191397019432742,75.78859066302813,56.9746690331782,0.8807297804776602,normal
2026-01-12 20:00:00,MTR-001,28.765600424196393,28.24789248275329,26.96791241764572,6.421735857845384,412.2757933701005,1481.8274143627216,0.7118565865246126,77.57015793942253,54.84809795271495,0.8936387249461936,normal
2026-01-13 00:00:00,MTR-001,27.98216659386527,28.722347040324642,27.82941773094667,3.1688907458510815,418.3625741959549,1476.7230617059822,0.9440336898249944,77.38393143162851,54.36030495349031,0.8621401396736502,normal
2026-01-13 04:00:00,MTR-001,28.778844842005196,28.47750370009575,27.81510499114876,3.39857782192388,412.38950408279044,1479.0507746509156,0.6965127293064892,79.55932106453868,55.30351598449748,0.8561895539684623,normal
2026-01-13 08:00:00,MTR-001,26.695949103741995,29.071806378850198,27.29937195640713,8.580496334797143,413.21526626714086,1483.6392930999375,0.969964497365029,80.62061749223922,53.32971419673996,0.8730381859560488,normal
2026-01-13 12:00:00,MTR-001,28.40912480217789,27.618031435362393,27.61282013773254,2.8561868341731116,407.4418370762179,1480.4251507409197,0.8946537776553775,80.79136762157991,59.179077443389545,0.8772156250512614,normal
2026-01-13 16:00:00,MTR-001,28.043330096189667,28.434221828056515,27.44718002359034,3.5283108383819553,413.1907747230037,1486.9579886199451,0.6577302276141737,76.87566394684339,51.78467794576388,0.8676913362615523,normal
2026-01-13 20:00:00,MTR-001,27.85116078554588,28.091263576189757,28.87224128739309,3.6116884763939456,405.30448269348415,1481.179953518183,1.0747109031685758,77.58155625251095,55.36948115779145,0.8845326066332103,normal
2026-01-14 00:00:00,MTR-001,28.045676475431005,29.090035237868353,28.465759911255624,3.6600729261450136,408.6643887060571,1480.5761473494701,0.7898112634802926,74.6331236155581,59.047212438459276,0.8566139420027675,normal
2026-01-14 04:00:00,MTR-001,27.010632362509778,27.597647075734326,28.632951869508204,5.846812264227062,418.04165862457717,1479.0726506073925,0.7784621344478428,76.38825986700762,55.01359968911999,0.8769291862303161,normal
2026-01-14 08:00:00,MTR-001,27.890652215831995,27.58200512744779,28.359232316323745,2.7813777979902112,418.1432006346033,1480.4006227143468,0.9300853795846414,79.92970326619492,54.61992192999701,0.863941391792411,normal
2026-01-14 12:00:00,MTR-001,28.177762702263625,27.70163566093453,27.437983118327423,2.6637163966809365,416.70183024713987,1479.5425904908584,1.0722956024143073,81.23116564709646,54.28510915437914,0.887193779062073,normal
2026-01-14 16:00:00,MTR-001,28.735662813382444,26.94277190612134,27.738905467451847,6.4479072453384205,411.13209542748314,1482.1243260300657,0.7476267271532405,75.53130225624015,54.63921663647518,0.8899251535316812,normal
2026-01-14 20:00:00,MTR-001,27.74201660245934,27.738290833652243,28.24359978158901,1.8106260137484402,414.8091545754321,1482.8701069503838,0.9092519774771958,76.81507148169422,57.74569694935306,0.8623334341221666,normal
2026-01-15 00:00:00,MTR-001,27.59754985100428,27.62212063069327,27.391651935129342,0.8369386501322417,414.98558984363774,1477.642031618476,0.964322475049586,77.94718848608214,50.576276177340986,0.8645044286409141,normal
2026-01-15 04:00:00,MTR-001,27.750236493860143,28.074862684823714,28.354914774130254,2.1549471847642647,410.36654124322985,1476.0063011393268,1.0039658410894716,78.56032231763922,58.06686740259265,0.8785958788697981,normal
2026-01-15 08:00:00,MTR-001,28.45566683192281,28.17011853016463,27.880371357361284,2.0423203358003015,421.0135932070686,1474.4913838806901,0.9264662332915838,76.38079296015671,52.15208569509971,0.8661286935021049,normal
2026-01-15 12:00:00,MTR-001,28.163644996808376,28.933916151076353,27.81342253135309,3.9588292509579377,418.5094491623027,1481.5239739807375,0.8449458241375016,78.84812208892818,54.46669534153117,0.8695458878206777,normal
2026-01-15 16:00:00,MTR-001,27.73629714301374,28.473099866119277,28.353900073061293,2.613909634067516,414.1161433046814,1476.6899001814784,0.7758614669026921,77.05232130585817,54.141511159402675,0.870253884205424,normal
2026-01-15 20:00:00,MTR-001,28.25549312226087,27.712830180292492,28.221144403939718,1.9337202981027677,415.1075433559781,1473.5413282211425,0.9129215824569562,77.97109545824344,56.17710653954144,0.8508032684380235,normal
2026-01-16 00:00:00,MTR-001,28.04832304678658,27.55278914137326,27.820319064125613,1.7820381332755375,415.83353123179023,1481.1657358135928,0.739179148202159,79.0925684960074,51.803751296232505,0.8698616225390576,normal
2026-01-16 04:00:00,MTR-001,28.482169950843037,28.244866432038794,28.577088613230202,1.1683685210060484,406.83306052630286,1487.4789985522984,0.46179742747580893,78.01284453962188,55.92434533216389,0.8631027222593582,normal
2026-01-16 08:00:00,MTR-001,27.650533571047717,27.342817248060836,27.461870699150275,1.1195761189680644,414.01129046991764,1479.9817872653803,0.9654839706236502,77.12722821894687,59.04861924657371,0.8650687717760023,normal
2026-01-16 12:00:00,MTR-001,27.836897064804667,28.91165947455861,28.306599057678923,3.79081927089433,412.2720630080088,1482.515472323355,1.0355902261629293,77.78078039214834,52.27365199081438,0.8844363200346881,normal
2026-01-16 16:00:00,MTR-001,27.804817274885327,28.587099082314595,28.295232626188707,2.771194272637678,410.9935199604203,1480.2454880756427,0.5455601346687242,77.82327408158933,55.37941233522079,0.8574349310572075,normal
2026-01-16 20:00:00,MTR-001,27.271494781374233,27.76645478650788,27.84591466131926,2.0791256004542618,413.8755988284562,1479.7033310404265,0.7485403942935094,77.25997794023574,53.67603564440678,0.8781320518674798,normal
2026-01-17 00:00:00,MTR-001,28.147402093472145,27.147239701074763,28.16234177107163,3.6489531251704213,422.19074610739807,1482.7572294489632,0.9928731391507797,77.4824078746658,55.85177441238607,0.8672103706966819,normal
2026-01-17 04:00:00,MTR-001,28.129947513262877,28.673927581806783,27.377223464199314,4.621123291808212,417.563371445068,1479.129176367434,1.2086243204567548,81.19729434100944,55.03829555483151,0.8672023983150416,normal
2026-01-17 08:00:00,MTR-001,28.00254536508425,27.94298461036314,28.459960116227435,1.8374711359514482,412.7152840408688,1480.8021769422157,0.9031190561513112,79.12183889588248,53.71702618191138,0.8779037189605171,normal
2026-01-17 12:00:00,MTR-001,27.88322773805326,28.616157453071235,27.907959825415045,2.604973707706446,417.29033112542464,1480.9650934185881,0.7907995588156298,77.40903936394167,55.97574456974215,0.8734005129456889,normal
2026-01-17 16:00:00,MTR-001,27.29545989729046,27.206329343177917,27.739800096452743,1.9459889731313833,420.597421746344,1477.9957286390709,0.872565533834274,79.39390880902147,58.60869621957349,0.8757061299721953,normal
2026-01-17 20:00:00,MTR-001,27.790612106001245,27.701644433018565,28.522173481305472,2.9299575611775266,418.6985347316511,1482.9761270486097,1.1062314628722278,77.33236102048798,54.618192416545405,0.8796818466053286,normal
2026-01-18 00:00:00,MTR-001,27.82940432955112,28.00261019719305,27.649393362929825,1.2693251462530097,415.2385214796807,1479.4751207299137,0.8031053731313197,80.34624927517328,56.43951588429636,0.8666869161681667,normal
2026-01-18 04:00:00,MTR-001,27.60064420376524,28.023385895562893,27.29889926581014,2.6210601891399268,412.4122528891777,1477.7327645215214,0.780121199002462,78.73928438439619,52.41345408425767,0.8638776326549225,normal
2026-01-18 08:00:00,MTR-001,27.919715556859586,27.775967409752553,27.225144589179212,2.5128944855731734,417.7928932544544,1481.6095295307111,0.8275884716726951,77.78539571199154,53.087127246363984,0.859148494734422,normal
2026-01-18 12:00:00,MTR-001,28.201127537614347,28.31004085521298,28.301658286892053,0.3852482762186069,416.573941541687,1477.304596054627,0.7570007087611932,78.89543385162055,55.944812555760755,0.8617458947002105,normal
2026-01-18 16:00:00,MTR-001,28.938901426380355,27.468562275151776,27.36263072231296,5.6449883991728305,418.58077288011094,1480.0845434721075,0.9184005473992194,74.858247695863,57.96823205707193,0.8994909442530873,normal
2026-01-18 20:00:00,MTR-001,28.086900955720736,27.929126656344955,28.87349754836555,3.337411383451056,417.54068720672785,1479.9726430100675,1.143701768770434,75.74646506218039,55.71122669757132,0.8824467958073678,normal
2026-01-19 00:00:00,MTR-001,28.128202861159775,28.059880492229922,26.963661805853437,4.201503118459398,419.19821086127735,1483.2576866974948,0.9484618909674044,75.61214998720189,54.37388393895369,0.8564892563379198,normal
2026-01-19 04:00:00,MTR-001,27.962942477485285,28.256076219620354,28.844458281104373,3.108910551040249,412.85905915375776,1481.42409469864,0.8621469746810568,78.28588618952742,54.998582810846706,0.8567754204325643,normal
2026-01-19 08:00:00,MTR-001,27.044878328384478,28.354226072648693,28.105039805896414,4.7040099268111275,420.2695762625373,1479.9249191237645,0.8562283096626684,81.46502999897018,52.49918453206057,0.8748186606171849,normal
2026-01-19 12:00:00,MTR-001,27.986801981998614,27.440178158729594,27.951858362091183,1.9667717843678136,415.7903984187696,1482.453298897601,0.6655213786955014,82.46260029238526,56.20903065271073,0.8754726479737797,normal
2026-01-19 16:00:00,MTR-001,28.029981260059532,27.236352057233823,27.728751387899546,2.8687091734821237,423.30104349050106,1484.170622647052,1.0324664665720737,79.27610220288152,56.764666124646816,0.8754888383531736,normal
2026-01-19 20:00:00,MTR-001,29.226147184881565,28.635999129122812,28.19868108803303,3.581650773755671,412.24324872764174,1481.6734309190556,0.8883244204480797,79.00168894988892,54.09581933433384,0.867450442064463,normal
2026-01-20 00:00:00,MTR-001,27.904246986420063,28.165418530407617,27.981266281459632,0.9321902984288264,421.943855212661,1480.0310578595302,0.8729280129614062,74.39788453169452,54.059915704481,0.868745457399971,normal
2026-01-20 04:00:00,MTR-001,28.150103565961622,27.627420035136293,28.549199159048225,3.2793132250631345,415.7916431338506,1476.0644913029496,1.378966135176729,76.91465240053196,55.5317564593041,0.8732787952415936,normal
2026-01-20 08:00:00,MTR-001,27.98272125241339,28.77212898337121,28.05685998511177,2.792330430202741,412.3943279855422,1476.8046590107738,0.944812936254853,76.42443249618353,54.12656052791881,0.8708589300629332,normal
2026-01-20 12:00:00,MTR-001,27.418258043496056,28.057580262403555,28.07481687681658,2.3574638590853705,413.0644566637827,1479.084325886936,0.7872313424857224,76.75830480349777,54.867734770748356,0.8478069962725246,normal
2026-01-20 16:00:00,MTR-001,28.568871801003034,28.58702793162288,27.819001921031326,2.7114806689223157,413.71861076722274,1478.1714633935221,0.8360463605691686,77.66371236283042,59.19944357833303,0.8677020036942481,normal
2026-01-20 20:00:00,MTR-001,28.374295554048526,28.033609199635254,27.97165373396996,1.431538019261436,416.69666378560765,1479.4390860910437,1.0722668563795132,77.05581884460574,54.505948598508006,0.8614859356573968,normal
2026-01-21 00:00:00,MTR-001,28.393758124750317,29.025794522607924,28.15321688051516,3.0590723435983054,417.091341952142,1480.1699497746913,0.9169905615806647,74.04140037924843,54.28331969595756,0.8717521141890852,normal
2026-01-21 04:00:00,MTR-001,27.547327133613287,28.87376966379395,27.148716177877592,6.1926194082540205,412.70519998424567,1481.5890782630702,0.684258303252395,79.49582051223507,53.70491638872968,0.8998525900260341,normal
2026-01-21 08:00:00,MTR-001,28.69827983477708,27.87607117942375,27.328903256551822,4.896269841237612,414.9025816309561,1479.7885036658226,1.0378843401862805,75.85451394852039,56.488383942999874,0.873674816654743,normal
2026-01-21 12:00:00,MTR-001,27.30218969318784,28.4836264289195,28.36998034902464,4.211605564699019,423.56908143444747,1481.4595049314787,0.799778387169151,78.4784937282223,54.6375516535638,0.866864703138276,normal
2026-01-21 16:00:00,MTR-001,28.292124420025022,28.32125380601572,28.085053018090353,0.8366180499065601,421.91017268040287,1480.1934232444303,1.1809946664326318,82.14816533949994,53.70125392335715,0.8792180150197725,normal
2026-01-21 20:00:00,MTR-001,29.090360133736525,28.68127437530499,27.90841718368222,4.138453210648604,416.74529467869615,1474.0736003009383,1.0620072098571973,76.16123081682716,57.642608064546025,0.8748268788720921,normal
2026-01-22 00:00:00,MTR-001,27.50693302926828,27.519682544066793,28.009176002236995,1.814553568186139,415.1520139126728,1477.1819938185438,0.8329017156511873,72.93942495450734,57.83920600902727,0.8742009449045184,normal
2026-01-22 04:00:00,MTR-001,27.718109574597733,28.341501171199223,28.173018448891142,2.2202498101797428,415.48012530687305,1479.5677373328351,1.092152454260267,77.42799155623977,53.79915286852259,0.8760685059321567,normal
2026-01-22 08:00:00,MTR-001,28.049604235065846,28.52686018900957,27.73131962580156,2.830843814151364,417.4540718909217,1476.3709157714766,0.9101783265791105,80.20191926999715,51.26692009727877,0.8905654356482954,normal
2026-01-22 12:00:00,MTR-001,27.749381007728825,27.12453856675827,27.612577203355293,2.2725262874967895,410.9088297392064,1481.7997861899887,1.027916051268333,81.91669490844119,57.015027379673846,0.8586911156467408,normal
2026-01-22 16:00:00,MTR-001,27.228114203202637,27.411000207028593,28.097487415870845,3.15231660527518,413.97049385030664,1484.592252497031,0.9727099225941712,75.54090081109517,53.63074034847999,0.8747363207681146,normal
2026-01-22 20:00:00,MTR-001,28.034129125236777,26.98491553818164,27.512987772920518,3.8138413271154423,408.32566370448967,1483.656285555092,0.773046501751369,78.99339844647304,56.58125119832554,0.8607361887001846,normal
2026-01-23 00:00:00,MTR-001,27.47120881805634,27.86589526463204,28.203219149511202,2.628707801693248,416.5968924904211,1479.3596713872093,0.8034675251523807,77.0693790864399,51.05979236457633,0.8755551264634225,normal
2026-01-23 04:00:00,MTR-001,28.235743787693956,28.357176589551766,27.15249171700161,4.31552550435026,417.58878375881096,1484.4721784105498,1.0544941226371742,77.78810329139174,56.78519467659862,0.860813134885139,normal
2026-01-23 08:00:00,MTR-001,27.542331047848062,28.747839954821135,28.512290806135432,4.26464827055732,413.0672541508025,1480.4460023716063,0.8497837001840189,83.28868669403407,52.57765614143844,0.8658263318639492,normal
2026-01-23 12:00:00,MTR-001,28.771522903830952,28.03688273514229,28.235248524578935,2.5915167072048773,421.29594705316015,1478.988742086646,0.8394527305137005,74.9940593432097,56.46152823813305,0.8670491008576209,normal
2026-01-23 16:00:00,MTR-001,27.61011391670374,28.810688627128823,28.127445912191796,4.259963035365064,410.09693734799066,1478.1597920093773,0.7567316130975971,78.50747932298914,55.02854613567287,0.8797581671934471,normal
2026-01-23 20:00:00,MTR-001,27.839684934155397,27.31301616302192,28.489161734230656,4.2185056551625,409.14250047916073,1479.0925909405355,0.9635398598390191,78.93538634353087,53.09212116120671,0.8791845444394242,normal
2026-01-24 00:00:00,MTR-001,28.404950792646236,27.1520940746321,28.82903616791026,5.96167782425712,415.8978072742399,1478.8354695443763,1.2093787378864718,80.1715726498787,54.18592737414644,0.8575428262355361,normal
2026-01-24 04:00:00,MTR-001,27.387303095819544,27.972349589882572,28.504930876809023,3.9979729231818832,419.1883932104486,1480.5112486671264,0.7398700628618591,78.19596630694178,56.372636913913404,0.8705493411099985,normal
2026-01-24 08:00:00,MTR-001,28.11322450078072,28.191179245694233,27.083653715959358,3.984475343728233,421.73571076583147,1480.4817219431495,0.9036329185009138,78.6161010790082,55.21178890623047,0.8629042014525082,normal
2026-01-24 12:00:00,MTR-001,28.65066661546503,27.98372528094872,27.363055021002673,4.598752611117918,413.16446294852426,1480.0091380604601,1.1118330833123145,77.21670286515642,56.16882596094497,0.8574149508932466,normal
2026-01-24 16:00:00,MTR-001,27.199830567685076,26.970873265757927,27.688979196880375,2.6317201748378602,419.31472333372517,1481.310814509239,0.8880537913131428,78.53825388249021,58.952881169030974,0.8678298294957563,normal
2026-01-24 20:00:00,MTR-001,28.091906631802747,27.955638024775855,28.012987544993837,0.4863231416384362,414.84596612199715,1483.571938824359,0.9678557694374601,77.31361544900518,51.8715167765779,0.8669151721154418,normal
2026-01-25 00:00:00,MTR-001,28.12936387980366,27.350664070859807,28.25767915685574,3.2494862254754335,414.30949080023674,1482.848662406324,0.7406409707779681,79.2431437797121,58.234425149937245,0.8942671648634553,normal
2026-01-25 04:00:00,MTR-001,28.38917405172915,28.333348113195395,27.638740857452497,2.6686413908155866,418.5346397499467,1475.5453060946502,0.9642460645811473,77.26077932791273,55.208711875046426,0.874329598253607,normal
2026-01-25 08:00:00,MTR-001,27.384273423918465,28.18248446027932,28.092968344984147,2.8623487274182278,417.60929151365366,1472.3382365952941,0.8719283602493177,78.75420078780438,53.20243190335374,0.8562238249924576,normal
2026-01-25 12:00:00,MTR-001,27.342706041486938,27.532148728583717,27.623987162561903,1.0228547982697336,408.694431372063,1482.802959733718,1.0478594993519794,77.94147437263004,52.339372748522024,0.8643522599582906,normal
2026-01-25 16:00:00,MTR-001,28.259810912662633,27.744208467814623,27.69560002695512,2.0222704345681146,420.9061613989036,1475.8993639047537,1.0781079077347127,80.25210050154433,54.62175921844593,0.880213832954294,normal
2026-01-25 20:00:00,MTR-001,28.147832370676074,27.472747046881945,27.29979536512444,3.068137382787411,420.5203654165898,1479.325703794322,1.288434546302792,77.89721255282302,56.84330022384892,0.8908844277286992,normal
2026-01-26 00:00:00,MTR-001,28.12468977439439,27.968799738246243,27.54043500638035,2.0957575698166484,412.4977491939619,1476.489660921822,0.9869449759820363,74.45393506358624,54.74490175924493,0.8541401668776204,normal
2026-01-26 04:00:00,MTR-001,28.172454219838496,28.475448621760616,27.32716144075987,4.102243412900748,416.58321413374966,1474.59405868726,0.9488694474873249,80.52384300142798,58.022309860494694,0.8512007561486096,normal
2026-01-26 08:00:00,MTR-001,27.661498805258706,27.509327479157417,27.51423198074017,0.5521118178811801,416.97612074513097,1481.6243881846144,0.9291576452366004,76.18853539827477,52.09764861989688,0.8887096517537179,normal
2026-01-26 12:00:00,MTR-001,28.115610729253476,28.250903154391104,28.524479472089237,1.444919160466431,416.04269506329564,1482.277465480908,0.8470250560783967,76.69246732270236,54.97582210430789,0.873896141773709,normal
2026-01-26 16:00:00,MTR-001,28.145884964486456,27.73604954107683,27.527410330892543,2.224479648437167,412.79877938461834,1478.2704687978198,0.9507725765192537,76.80867741191301,52.49521311117376,0.8613170726812364,normal
2026-01-26 20:00:00,MTR-001,27.64441173858243,27.605325523496077,29.310341294496833,6.049009651262351,412.3135065282478,1472.2268731235654,0.8556897884791456,80.74887618634163,55.72726376524994,0.8753462908612244,normal
2026-01-27 00:00:00,MTR-001,28.928741089992055,27.946722665267064,28.245562688438486,3.461019441681205,414.8977837160342,1478.3612666552426,0.9252691464404421,73.72865157204261,56.7737747801946,0.8436425226098312,normal
2026-01-27 04:00:00,MTR-001,28.235863498409422,27.48467937728458,28.092007314905892,2.6888006130939583,419.69091607703746,1481.1754120162077,1.097639630341194,84.27549706731999,54.158476412637896,0.8700337550659716,normal
2026-01-27 08:00:00,MTR-001,27.40699559250357,27.72440567911607,27.57272857164313,1.1513696615176627,417.1744006183777,1475.5632652936777,0.7490186152080538,80.1121136181321,49.79157228674573,0.8732782117284309,normal
2026-01-27 12:00:00,MTR-001,28.32681779629773,27.403723004577994,28.348598695528032,3.371379737980498,413.5175426716556,1480.5500797593375,1.0709817841693567,78.44647782825832,55.397896293592986,0.8792427013953783,normal
2026-01-27 16:00:00,MTR-001,27.51482512415351,28.97799651060727,27.71346028205053,5.212810801571485,418.0867948425934,1479.9540704524811,1.0975672601009798,77.89021199876743,55.87347710346702,0.8598610404770746,normal
2026-01-27 20:00:00,MTR-001,28.39179322497402,28.017553412537037,28.060733774401246,1.3291326725819217,403.6058295174797,1481.7378744988032,0.8822897209513382,78.57110814971531,55.808589509923394,0.8708568716140336,normal
2026-01-28 00:00:00,MTR-001,28.576723132661463,27.651692191577023,29.27435319238269,5.693363018380743,419.59506280148844,1480.3587411052424,0.5817217651487108,79.04224485675867,57.471564383644306,0.8607457537394041,normal
2026-01-28 04:00:00,MTR-001,27.59148257930937,28.10651444445437,27.952183516581506,1.8470917641233062,408.0411448848876,1477.0807931773554,0.8088267019358352,79.29043117190011,52.857892640701905,0.8725538375567432,normal
2026-01-28 08:00:00,MTR-001,28.479547228779396,27.944085593042786,28.572082722417758,2.2165721837406083,413.55023623438746,1483.5897145049935,1.0945491819841664,79.1112089320069,56.360432210900896,0.8610465367763698,normal
2026-01-28 12:00:00,MTR-001,28.2054731725195,27.890006243787905,27.649974401715113,1.9899543634146768,410.52132042149543,1479.5244112809191,0.8965697906551677,78.1791613625105,57.38501502495595,0.8659189916083978,normal
2026-01-28 16:00:00,MTR-001,28.4092032796417,28.305718535132726,27.982583506952622,1.5110944687280206,409.8212740971164,1479.9180863814702,0.7501046651557635,77.60532315938535,51.44282483198697,0.8600418460520977,normal
2026-01-28 20:00:00,MTR-001,28.944181395809967,28.37707050455688,28.88146520529412,1.9736415868120396,419.6433071495141,1477.2001961227804,0.8242837618157675,77.69745343269298,55.639303651837956,0.8765113624182366,normal
2026-01-29 00:00:00,MTR-001,27.877851248923015,27.73592831763387,27.687909731234534,0.6840492166112079,413.1291951947524,1478.6701532464256,1.026093003975683,77.61018343929464,53.991640337984656,0.8785845111665667,normal
2026-01-29 04:00:00,MTR-001,27.624806887075383,27.71337047576798,28.902196615536248,4.549088524186899,416.38601552692285,1477.3455918579193,0.9820100352302069,80.26754019373413,54.83695465379671,0.8676537943004259,normal
2026-01-29 08:00:00,MTR-001,27.557219483919738,27.86308537741785,28.35230318564895,2.8472924035620224,414.8123176844833,1479.4811618202298,0.8641601851245458,79.18711344456172,55.69535296707667,0.8703823799496003,normal
2026-01-29 12:00:00,MTR-001,27.593907769261648,26.854154797998287,27.720016538221522,3.161306980701241,416.9081633088925,1485.135125440427,0.8449763382277969,72.11922273067144,54.0255428717729,0.8555140858536645,normal
2026-01-29 16:00:00,MTR-001,27.96162048242498,27.245771560150054,28.314798518996525,3.8397949754145797,415.307287564241,1475.8842965712058,0.8412362776434268,79.31180155305952,53.648583841676775,0.8670032335199321,normal
2026-01-29 20:00:00,MTR-001,28.16981787190873,28.680399635350163,28.48411599270308,1.7949929735198333,409.8680311032457,1475.1593158063697,0.7616384723252246,78.38947238943754,55.06830483497605,0.8694979538295825,normal
2026-01-30 00:00:00,MTR-001,28.137730531222054,28.81882837294286,28.30952318119256,2.3963731828523973,418.9850672777886,1484.4135109824808,1.1423063534204163,77.96258248710821,52.82550812227439,0.8962079309102997,normal
2026-01-30 04:00:00,MTR-001,28.411753439520155,27.876035393643047,27.218377028321196,4.287263337578453,413.02497366735474,1479.3720289685443,0.851651929618299,77.22296309382223,52.828349742229626,0.8588803297422584,normal
2026-01-30 08:00:00,MTR-001,28.00647205284589,28.286997243832204,27.63804727247829,2.3195695653343917,408.77367240536097,1477.9927817840203,1.0825737781238245,80.24822543997203,56.35874656591301,0.8846417723875244,normal
2026-01-30 12:00:00,MTR-001,28.723536962851643,28.15493341026167,27.876790723636585,2.997145763901828,413.28753935613634,1483.1197140621882,1.1281974077883676,79.89505292424572,52.70241192968269,0.879968587734658,normal
2026-01-30 16:00:00,MTR-001,27.868259709677105,29.532598446875497,27.9629486930702,5.84910209123041,421.0030391625372,1478.1831533807895,1.049746634722194,76.45424466435279,56.33262500181842,0.8728063640449013,normal
2026-01-30 20:00:00,MTR-001,29.35403976292461,28.557299511469655,28.30895677744745,3.636323580408902,418.40088696845396,1485.4780291406407,0.8352569530922928,78.81410457424907,55.9251825857079,0.8875862048419513,normal
2026-01-31 00:00:00,MTR-001,28.31144330199858,27.93632546557402,28.088455609353442,1.3343655322345378,413.6053914623686,1482.0337776140177,0.9605595135504914,76.05668653091743,51.548386542418804,0.8737210547260686,normal
2026-01-31 04:00:00,MTR-001,27.573326016361673,27.52435320290112,27.335295252553195,0.8662701983046648,413.60296918272627,1478.536265775563,0.8963706590413626,75.24076367042214,53.64487069532869,0.8738915919566793,normal
2026-01-31 08:00:00,MTR-001,27.466933512076245,27.200346720582896,28.189254041389635,3.5805528054163545,413.71345979513046,1486.4719246397965,0.7644447208904808,76.74656555082007,57.38821880609474,0.8694687934698245,normal
2026-01-31 12:00:00,MTR-001,28.24016404669883,28.101279676520573,28.30393601543017,0.7182542255772915,423.30699193424334,1478.18285523099,0.9486538922582405,79.72478694476551,53.03766893772064,0.8822356888241862,normal
2026-01-31 16:00:00,MTR-001,27.888765191304465,27.623505406791814,28.27865124519234,2.345644936187082,416.52774180892624,1482.226286116028,0.7231440313260297,79.90625009075217,54.07119147538123,0.8809646923381088,normal
2026-01-31 20:00:00,MTR-001,28.355413579281397,27.29203370900027,28.537988627831634,4.440037300773376,416.7201665887643,1480.8978777412194,1.0781519082692346,79.02617084019458,55.92412178650379,0.8637432271250378,normal
2026-02-01 00:00:00,MTR-001,28.235567173121055,27.678150386510385,28.41510791693101,2.621728191715826,419.1211338161274,1483.9052238681963,0.8303074054052411,79.45019157369599,56.566781018565194,0.8568075280540123,normal
2026-02-01 04:00:00,MTR-001,27.96374738569969,27.461629438200834,28.228569639438156,2.7504029409064397,415.95515663610604,1484.6845335901805,0.9301739483809259,79.03235657422992,54.49692222791101,0.8679701936260434,normal
2026-02-01 08:00:00,MTR-001,27.57848490478373,28.83982161390279,27.965073068073917,4.484307390730394,413.9638314167172,1480.0960124471974,0.9424931807319213,76.7170368095541,53.80497961061672,0.8619996143560236,normal
2026-02-01 12:00:00,MTR-001,27.245942714823038,28.438860679014837,27.173210557538706,4.582478125358582,414.2146006036601,1477.7397463889615,0.8611642539443884,78.86384508934788,57.84473972339701,0.8693647542538464,normal
2026-02-01 16:00:00,MTR-001,27.77773477941553,27.996031396322394,28.213854402412665,1.5577996614084089,414.71359496234373,1481.3799164288173,0.9880040702212912,79.60081905045537,58.47779932759516,0.8823743813468414,normal
2026-02-01 20:00:00,MTR-001,28.426296288729905,28.736683304691923,28.10338231538786,2.2281975275831325,414.8511110539606,1477.9668538907438,0.8287644515066214,79.50858265962715,56.95771610156359,0.865426983449132,normal
2026-02-02 00:00:00,MTR-001,28.106571108189257,28.03851222425126,28.135185910070586,0.34411501062420696,417.9105181745479,1486.0401617425798,1.0306945946185866,80.37782674294928,55.17063628513005,0.8695717661868843,normal
2026-02-02 04:00:00,MTR-001,27.379898919041143,27.571271864227707,27.364462931147223,0.7537168472685856,415.2077835432292,1480.4096059932483,0.6981030479629877,79.41660769440213,53.38346855671815,0.8705802273480839,normal
2026-02-02 08:00:00,MTR-001,28.0862056164237,28.75817731846312,27.461874077663442,4.612836413577356,417.9305603088623,1478.9040353460637,0.9189569369319618,78.70289641508316,53.33911118688687,0.8784843088220529,normal
2026-02-02 12:00:00,MTR-001,28.191802429020576,28.268257443967475,28.524236086992378,1.1735120737895375,414.67713367956566,1480.5540409175946,1.1908393498587428,80.14030047663286,56.04502821053151,0.847531106660154,normal
2026-02-02 16:00:00,MTR-001,27.560035409535438,27.48368191429083,27.980310323413576,1.794522946656598,415.31454076126437,1475.9586211314108,0.7499503013091638,77.94695748150188,55.836796441777366,0.863932997052347,normal
2026-02-02 20:00:00,MTR-001,28.076520941626217,27.90525363579838,28.339235902692153,1.5440360513567597,407.00719726187157,1477.0851578844681,0.7983382544212723,76.23625069754456,57.803197185892856,0.8721128369227947,normal
2026-02-03 00:00:00,MTR-001,28.028975006515342,27.564136691648475,28.014096258340498,1.6679362685165633,418.66531069880995,1483.6012417238333,0.9770861774488373,77.67386607211247,56.30090018507228,0.8820007895642686,normal
2026-02-03 04:00:00,MTR-001,27.43105478507987,27.311673022808865,28.014811944993436,2.5489118850711727,416.385953903592,1478.0293171630858,0.9269372672909397,76.5101947103871,51.99383939648036,0.8650809755249379,normal
2026-02-03 08:00:00,MTR-001,28.178098597151145,28.461030601437972,28.46705682786361,1.0185801204485279,418.9920404394386,1476.8592670519542,0.9525945148910339,76.64964345005124,57.10389523544584,0.8512344729395812,normal
2026-02-03 12:00:00,MTR-001,28.279146075347743,28.950465172145133,27.743124401954017,4.262569967755211,403.41497848722526,1481.6099582575819,0.9733780695221496,77.71096265856896,53.003878745371175,0.8761971144596613,normal
2026-02-03 16:00:00,MTR-001,28.539118841047248,27.30382414103225,28.047846786743957,4.417510086932353,423.35349881912293,1483.557112463989,0.9952082202842655,76.41516015800008,54.2320574560953,0.8636463761117437,normal
2026-02-03 20:00:00,MTR-001,28.524559243679597,28.280233575597084,27.769889634066825,2.67693447159826,414.4416414873793,1482.1568599319953,1.0664549762934334,77.38407694072193,55.50040041250339,0.8581033334090964,normal
2026-02-04 00:00:00,MTR-001,27.314226803505804,27.67612458781491,27.783717433455912,1.7015859070935626,419.43273126695004,1482.9881430574173,0.9614727985392769,74.21277066609242,58.99133497956793,0.8637565461028678,normal
2026-02-04 04:00:00,MTR-001,27.533171535686694,27.75751980897046,27.846100987428944,1.1292092572886396,410.8403762914979,1477.7296147342915,0.8638113518072187,78.42658741474588,61.21983711201072,0.8681547464234415,normal
2026-02-04 08:00:00,MTR-001,28.25637311078831,27.70511946882332,28.110573255213225,1.96707540069741,417.45109562025027,1475.7345679997745,1.0008860551804097,78.00241095072445,56.213446118272365,0.8639525533546178,normal
2026-02-04 12:00:00,MTR-001,28.25575122889852,27.56992459464827,27.76168957499418,2.4614723683905786,410.78633774730537,1484.5040009558666,1.1849822902342824,76.36582273786362,54.633606762559225,0.8479443394290093,normal
2026-02-04 16:00:00,MTR-001,28.25637929273901,28.024152988132535,28.62508749361882,2.1233029347728825,412.5049241572168,1479.0319604834735,0.880104938042614,79.31849133686481,56.0690112969611,0.8789706619688713,normal
2026-02-04 20:00:00,MTR-001,29.91780411979257,27.586371497608727,27.554684365117403,8.334651164478938,422.65612541546716,1479.247500950635,0.7538206042994038,79.87514027525312,56.77531085174767,0.8827487504127872,normal
2026-02-05 00:00:00,MTR-001,28.284176609767265,28.13462739772152,27.906979448239678,1.341928219589981,414.2372703969466,1483.9845824255472,1.066062100393046,74.78488027126205,54.358664748885616,0.8765152199133951,normal
2026-02-05 04:00:00,MTR-001,28.5652593408899,27.974992585518653,27.78111165099241,2.789854160189296,415.86973149271887,1481.668690028202,0.8819428254069603,76.47455044286757,58.590422711824644,0.8586231432957518,normal
2026-02-05 08:00:00,MTR-001,28.474880877827726,27.8810569722265,28.72027343576719,2.9592871527433156,418.48027092275504,1481.3676633162447,0.5740995680978946,76.4617153004254,55.460141518382805,0.8679850846605248,normal
2026-02-05 12:00:00,MTR-001,28.324248089538887,27.548234977117072,28.097840599863538,2.772454881216179,416.98272755189043,1486.4950070347033,1.0271132515725632,76.12019379778226,55.99548617818279,0.8699347868477054,normal
2026-02-05 16:00:00,MTR-001,27.84306597600125,27.71289604878376,28.51362928186883,2.8573942871839315,415.6016756205743,1478.0694453088595,0.8197007721069116,79.6589496838635,56.331848504108926,0.8759879438956191,normal
2026-02-05 20:00:00,MTR-001,28.37779801197887,28.376016965744377,27.26052105875493,3.9895939405109355,416.4598440098649,1482.7835203842437,0.8864200076543759,77.61234772245439,55.84317322122891,0.8766834048871808,normal
2026-02-06 00:00:00,MTR-001,27.615304782096853,28.249345444506357,28.132931687899365,2.264496124620108,424.6136623409531,1480.1710393746912,0.9497970495853522,77.47097031737877,56.67788100093922,0.8626582620122151,normal
2026-02-06 04:00:00,MTR-001,27.88211696020053,27.513394722589165,28.44283844048811,3.3258421111541545,414.76952481186567,1480.8057768365898,0.92857495196686,73.99227527118649,53.76549362690616,0.8708199555641356,normal
2026-02-06 08:00:00,MTR-001,27.75839681174729,28.049445414258102,28.040959141328212,1.041333678351906,415.8043961868599,1484.5854052792376,1.0064177725708559,79.27083606041845,53.88339649210794,0.8745728040461525,normal
2026-02-06 12:00:00,MTR-001,28.04075512716119,28.374023812522847,28.530372453365864,1.7291769506860855,419.20261758403046,1481.5235072688688,0.8346770444145235,75.52148321029306,52.79969153405661,0.8845582232214677,normal
2026-02-06 16:00:00,MTR-001,29.152185597633036,27.169007148952918,27.742505304838925,7.077413299615729,419.42210373183195,1481.614888237149,0.9769658697264124,78.11986526053266,55.879002461240454,0.8770450653982472,normal
2026-02-06 20:00:00,MTR-001,27.070516881909885,28.27047262909579,28.70154183689238,5.822141225961368,419.74812122224154,1483.2175220119293,0.8610679983624124,78.55475387591639,56.55787300702423,0.8778905668737552,normal
2026-02-07 00:00:00,MTR-001,28.34160507254198,27.670160617769177,29.144340399312693,5.193449474986536,417.5549208881167,1478.9051418113713,1.0108215721331255,80.7213171916773,55.91554573230377,0.8708382662792936,normal
2026-02-07 04:00:00,MTR-001,27.19722587745226,28.28403133725526,27.819387027692258,3.9140350102472024,410.42798034907804,1477.482370997983,0.992305122601958,75.38235920176177,58.348984866695076,0.884104591452035,normal
2026-02-07 08:00:00,MTR-001,27.765082804584814,27.620066553187726,27.778238744902726,0.5705835055194618,421.5337261292044,1476.8655724179368,0.7596841946933107,71.96097568835835,54.98880796234191,0.874097627959595,normal
2026-02-07 12:00:00,MTR-001,28.5420554082682,27.10156979878033,28.723462495276365,5.767270415515394,410.41461842792523,1474.100930231872,1.0628973174262548,78.36769908950738,56.337483311185025,0.8613891208982642,normal
2026-02-07 16:00:00,MTR-001,28.03199716506085,27.18984554203149,28.78627591254151,5.700986035902878,416.21054186095614,1486.168621389821,0.8196054832328928,81.60102236302171,52.81659824772137,0.8840336997012519,normal
2026-02-07 20:00:00,MTR-001,27.463522599430746,28.023935617893667,27.73973189759482,2.020059854318432,411.9828965999226,1476.690374902835,1.0212086697421718,80.47789270587887,54.2258005950512,0.8769790327253902,normal
2026-02-08 00:00:00,MTR-001,27.64393770916837,28.129284089745806,27.79084033993451,1.7424226449319533,414.743446613628,1479.3362391292426,0.9550930970102011,78.41931883054926,56.391075515131554,0.8655695597887152,normal
2026-02-08 04:00:00,MTR-001,28.33828865724748,27.549851279948026,27.859733883589435,2.824324993563398,416.31504964121393,1479.1695601003332,1.1757275515192684,77.01672762873591,56.698204221486286,0.8652050703260076,normal
2026-02-08 08:00:00,MTR-001,27.636439721100803,28.317877135035847,27.33076241228516,3.555671909379901,416.2854288618011,1480.9222200934273,0.8664801026442221,79.61424519327463,54.41206610467164,0.8729657554514076,normal
2026-02-08 12:00:00,MTR-001,28.107748275703027,27.17293223567056,27.542715475527867,3.386057872513368,416.68768301694115,1482.4472116376178,0.8476024805822704,76.05290760059107,54.856801496283865,0.8746318479526758,normal
2026-02-08 16:00:00,MTR-001,28.022684649196567,27.967106944673336,27.500161040550083,1.8775562525510374,421.45484507623456,1482.5814204650792,0.8970870591168402,78.95271553871244,51.96425250663838,0.8719729226563121,normal
2026-02-08 20:00:00,MTR-001,27.67564782696955,27.397183047229355,27.617807434259277,1.0102647123176596,416.81413720605593,1478.2507676842931,0.8545230325748587,79.01094031833325,54.285941598386785,0.8731130867344289,normal
2026-02-09 00:00:00,MTR-001,29.06720772446416,27.675530470782924,27.982734633834134,4.927717275141216,414.0233734588374,1479.4986348586408,1.0199912852913076,80.12041981499776,56.78076632703957,0.8869995737457638,normal
2026-02-09 04:00:00,MTR-001,28.31555080222052,28.023594005277502,28.116586889084846,1.0370763158807554,418.85634867315343,1480.847739851465,0.6575534087345118,83.51932007782216,56.15041003221313,0.8807154315223489,normal
2026-02-09 08:00:00,MTR-001,26.991929023530435,27.571705347058654,28.77180468975634,6.407390491830431,419.75788195569856,1479.2539266214494,0.7419476371280469,78.78483193435753,56.00133144276242,0.8719063559126502,normal
2026-02-09 12:00:00,MTR-001,28.092812814463002,27.808576795761155,27.50304154416558,2.121366678488694,410.08956873945203,1484.82203672806,0.7398295617631211,76.982072748585,55.09954737436192,0.8794131058076748,normal
2026-02-09 16:00:00,MTR-001,27.67057740420418,28.500910198364522,28.489973816130565,2.9423049646658166,417.3896002793994,1481.4729248549147,1.0425461387960364,77.94885137561602,55.014126317256355,0.8596747609647246,normal
2026-02-09 20:00:00,MTR-001,28.424322371098565,27.7128360471707,27.893481108652193,2.5400960694816126,417.8046909692436,1482.2046333581495,1.1565920058872887,74.46184819022176,53.67935772105311,0.8739792704994681,normal
2026-02-10 00:00:00,MTR-001,27.605500787980166,28.415988962450204,27.975378064528567,2.8947085607602814,413.80974598656,1481.9886438060023,0.8843326172193793,76.61057373782188,56.39765684040507,0.8880930634973311,normal
2026-02-10 04:00:00,MTR-001,27.942886749136477,27.43765703234821,28.33591014721182,3.218912433732595,420.5028272532465,1483.520421572456,0.8746767415214984,77.1814351237738,55.84194588877878,0.8678195410460763,normal
2026-02-10 08:00:00,MTR-001,28.25137144553694,28.263724746340053,27.441133927044543,2.9393559648771763,414.3997776518699,1480.543064676111,0.9105078244669772,76.95182320413082,55.9840376959856,0.8615236607138091,normal
2026-02-10 12:00:00,MTR-001,28.43095369665357,28.717580824505266,28.19035507365606,1.8534073504557467,415.50230581388615,1476.1095041561325,1.0742817453912286,78.30470974406744,53.94793031466484,0.8634791111140694,normal
2026-02-10 16:00:00,MTR-001,27.402519121821125,26.76967029326997,28.0828562103105,4.789442059351297,414.30771270286454,1481.199063855258,0.7608970298714139,76.3551601352356,50.693314160257515,0.8591036696265761,normal
2026-02-10 20:00:00,MTR-001,27.83349271815917,27.603323250610252,28.245131295861835,2.300883522303672,415.0623161903259,1478.0459293186245,0.9357553474102178,80.24206133464894,57.194305423507394,0.8621523809187229,normal
2026-02-11 00:00:00,MTR-001,27.763582778444324,28.287253681085424,28.143941724967448,1.8659265358247272,410.6148996524192,1478.4141499547507,1.0462796444673645,78.0004141298364,54.042325087983194,0.8662949190140997,normal
2026-02-11 04:00:00,MTR-001,27.674787226452196,27.89892851894749,29.22219384742231,5.4745799475489205,409.23979646962283,1481.7590920562652,0.9751641254909769,77.98139935772276,53.27444847191376,0.8559443298082136,normal
2026-02-11 08:00:00,MTR-001,28.87880388849548,28.184748168078162,27.682547207839345,4.234731832047185,421.3780202528999,1483.714849214301,0.9284372424898115,77.34421056697417,56.386957823827984,0.8701561833394961,normal
2026-02-11 12:00:00,MTR-001,28.201590896122788,27.699349595945904,27.735681515732427,1.8015121418821933,411.6121546067267,1480.0638147302082,1.0501569138850713,78.31038136771795,54.21597472016174,0.8790227717378665,normal
2026-02-11 16:00:00,MTR-001,27.372359987175443,28.04310247198651,27.689814493513005,2.4212992582638115,411.0344306021748,1480.926499037797,0.4945151560501145,79.65019652933528,57.119872768093245,0.8609224381985308,normal
2026-02-11 20:00:00,MTR-001,28.456891280311712,27.92250733171594,27.723495834018006,2.6160649444622837,406.3864395455851,1485.1066448339056,1.0016812979296361,76.2657395685782,56.234011899153394,0.8851928392364177,normal
2026-02-12 00:00:00,MTR-001,29.05636219584629,28.58129595958177,27.6827228521852,4.8299339294037535,412.444153009242,1480.7222595384658,0.8018886475308864,76.68376702184949,56.36713864640095,0.8751079208852759,normal
2026-02-12 04:00:00,MTR-001,28.513938263029903,28.126645041998827,28.591866006595758,1.6374783372562822,409.70764082637,1487.8050493425412,0.6254050654715315,77.39254794244667,52.26808857759893,0.8803058058562405,normal
2026-02-12 08:00:00,MTR-001,27.243691394725115,28.168051102899657,28.707095447888282,5.219059448174032,421.56806064054547,1481.6965289368945,0.9766803899287472,75.30825815305357,57.4238879707728,0.8634216544614787,normal
2026-02-12 12:00:00,MTR-001,27.758959039284356,27.794976799085706,27.715895178222482,0.2849109451686038,419.03926835737053,1474.7177117225326,1.1060487817744438,76.36148428055701,55.52250106246771,0.8785452522706662,normal
2026-02-12 16:00:00,MTR-001,28.630640216484007,27.757280457350582,27.585671892499228,3.7332033513725897,412.24739861928913,1482.2600248633137,0.8793827228058463,77.04755825291068,54.26144572150759,0.8590806609960469,normal
2026-02-12 20:00:00,MTR-001,27.647737866003094,27.784682146507567,28.2346601880679,2.1044919482946622,424.0097432213772,1481.1434751546483,1.0429311820804408,79.74877836142545,55.286776934684504,0.878902475008365,normal
2026-02-13 00:00:00,MTR-001,28.220923448677233,28.196349510872754,27.72511564018014,1.767745663326764,418.92706194796637,1483.8692582622482,1.1418417386982969,78.52512265800385,51.44752953420336,0.8717183933979353,normal
2026-02-13 04:00:00,MTR-001,28.385595617707047,27.79044328065836,28.31505939372719,2.1131894924286514,413.7006744659655,1482.0195440538098,1.0972371680376072,78.38717982273509,55.81730562296134,0.8755325121998478,normal
2026-02-13 08:00:00,MTR-001,27.538594609703352,28.14424348432177,28.101010570379312,2.1686120330101066,405.0023771405057,1479.5846320480487,1.145994679405709,79.70179592433594,52.94125698363586,0.8582440539437515,normal
2026-02-13 12:00:00,MTR-001,27.970369600538127,29.033088397547953,27.245496262756934,6.365392248987894,424.16377029036295,1476.3271052911318,1.011319123660784,77.7252564232012,52.29465942831293,0.8610493015772339,normal
2026-02-13 16:00:00,MTR-001,26.386569146276727,28.433626519041553,28.77031370021763,8.555078460583161,409.4417101329456,1479.372930228142,0.9113150458352389,78.78092969985778,51.95528162756422,0.8759722821825339,normal
2026-02-13 20:00:00,MTR-001,27.4900825963136,27.83771273065423,28.893947997274214,5.000604400537976,408.41840501217246,1477.4484386373722,0.6597051282154247,77.793556494135,57.22537674997985,0.860516519957758,normal
2026-02-14 00:00:00,MTR-001,27.87427718686207,28.597937596810496,27.69496740740333,3.218487892432643,419.0902817280386,1478.2584296505859,0.8630906267805077,78.53072469879926,53.74147321261442,0.8746320629209913,normal
2026-02-14 04:00:00,MTR-001,27.378881260533053,27.796869147651496,27.80701077905409,1.5477775590825071,424.75900962535707,1481.765735213262,0.7735130107025713,76.83448268477683,58.067455419832996,0.8563286219353975,normal
2026-02-14 08:00:00,MTR-001,28.812578071290414,26.985466898044802,28.14229743893862,6.530034739525379,420.5370912740421,1485.0097135130543,1.225641407624672,73.12236568344714,53.928397073895404,0.8784817421266666,normal
2026-02-14 12:00:00,MTR-001,27.288107402970706,27.498197036343335,28.16648515768243,3.176666242253276,417.25563648020943,1481.184014589469,0.8736171281351496,77.7314416756274,51.585284084814106,0.8576747668523149,normal
2026-02-14 16:00:00,MTR-001,27.780955633288613,27.068761354867128,28.327808704619365,4.541060842814656,417.3790173666611,1476.4123508138944,0.9184807210176729,80.84549627219988,52.76695112010268,0.8755229993767952,normal
2026-02-14 20:00:00,MTR-001,28.065079754026854,27.825024399054993,29.000635148185918,4.154554756410403,418.41366223512125,1481.3338080046603,0.9827228064060701,79.85243080448319,57.47162324001388,0.87625630933646,normal
2026-02-15 00:00:00,MTR-001,28.7174338150018,28.009168259863245,27.91191960231407,2.8551333248472304,418.03571435914705,1483.5898944599369,0.906540366955868,79.93079496918234,54.688203644126666,0.8630322818157042,normal
2026-02-15 04:00:00,MTR-001,27.285259729190678,28.83449323988814,27.602625371607527,5.551324059595851,416.1247656958775,1478.170651287042,1.154257656064613,80.47226144361244,53.9034254070188,0.8758202656708473,normal
2026-02-15 08:00:00,MTR-001,28.57899706773936,28.16273718160705,27.313405539832768,4.517004662942155,415.4168044158075,1479.5979484999812,0.8066025957398322,78.17731518192288,55.320036451705576,0.8726044226333356,normal
2026-02-15 12:00:00,MTR-001,28.005093790374193,27.890936625659588,27.63615926900669,1.3250024550723876,414.7496274884019,1480.0440645841875,0.9291911182855864,78.39463141481119,56.00356547233509,0.8646115814380726,normal
2026-02-15 16:00:00,MTR-001,27.511426804811688,28.412859667078003,27.983510129058377,3.2229407711182705,411.9841416445333,1477.6453050607533,0.7886294121452928,76.7646962091313,57.23479763180492,0.8599144531592379,normal
2026-02-15 20:00:00,MTR-001,28.230024840522162,26.899345979516074,28.89329102539552,7.1193116312387135,413.8772996925329,1481.9448413015316,0.7019966233168942,77.3678542879459,57.896998459785856,0.8503737430832742,normal
2026-02-16 00:00:00,MTR-001,28.09908749290768,28.117283691147374,27.742344597813105,1.339726637702724,408.22817274321847,1479.6371555541766,0.8082346363642072,79.23154229954228,54.28046270842183,0.873496500472997,normal
2026-02-16 04:00:00,MTR-001,27.701225376703178,28.38371956317929,28.11139666926025,2.431795159145022,414.606641492821,1481.2585973317211,0.8944444804427382,80.40776887433763,52.34790462783592,0.8543519722863795,normal
2026-02-16 08:00:00,MTR-001,28.03474592675059,27.263992624322924,27.99182504728823,2.7761367043126515,411.0456355713963,1477.3375234665937,0.835604666322411,77.721107448638,54.173069677753446,0.870953441994413,normal
2026-02-16 12:00:00,MTR-001,27.80819945400659,28.569335345951895,28.591555762783045,2.7657927262315027,410.58564273113694,1478.6876250990297,0.7961368530189217,77.09962147029718,55.520561013165775,0.8673655178391775,normal
2026-02-16 16:00:00,MTR-001,28.0565064118584,28.16849598950833,29.25785080754598,4.216089018758882,415.7195766046139,1482.1671440734833,0.689052380449225,78.00105591771319,53.072482147578775,0.8767914277543819,normal
2026-02-16 20:00:00,MTR-001,28.329593935761586,27.79327890508049,27.735745321924107,2.1244636276435314,420.56800914537837,1478.8815005437248,0.8875341641056959,79.20241349785823,53.085698170209916,0.8669795450051013,normal
2026-02-17 00:00:00,MTR-001,28.78948392625902,28.314984751128463,27.756367921946485,3.6522713387460675,418.6732664240092,1485.1808915537001,0.6742919438953496,75.11229036773291,55.68757576309977,0.8667055221365291,normal
2026-02-17 04:00:00,MTR-001,27.38384295169508,29.130300444773745,28.519760081029936,6.161510015381584,408.7179975855073,1478.801091443156,1.0140083945534404,73.40763809372552,54.9026952968591,0.877318707042883,normal
2026-02-17 08:00:00,MTR-001,29.06177661316223,28.090528980295783,28.339430430391765,3.408215851163076,411.0414874537187,1480.6740541772556,0.9123659629401755,76.89892630101683,55.065593990823174,0.8733505802908411,normal
2026-02-17 12:00:00,MTR-001,27.028294073126578,28.12355869184728,28.919249868810827,6.747701896766914,418.7630847519529,1482.7977724956193,0.6813672750802604,75.55857514817168,53.48300933059986,0.8731615595718277,normal
2026-02-17 16:00:00,MTR-001,27.924444752693397,27.771340352228858,28.29066647447337,1.8550353508633661,411.0700504258468,1475.7449028012009,0.8536186384425205,76.98371960470539,54.539198571588464,0.8746926758980853,normal
2026-02-17 20:00:00,MTR-001,28.292851231672323,27.57696635831086,27.821152381474885,2.5661724566184705,414.1014674000119,1474.7175735640576,0.7871765391614125,77.70443936236505,53.151533711463394,0.8546442787679289,normal
2026-02-18 00:00:00,MTR-001,28.13987150749477,28.41332271756869,28.294014849055728,0.9668598875245592,417.2002083960982,1475.4230310562898,0.947876176562877,77.09350318195398,56.78039682224957,0.8775678867998699,normal
2026-02-18 04:00:00,MTR-001,27.690034016800414,27.573860495547585,28.551888004556826,3.5006325049055613,411.12662218054544,1483.7877523102816,1.1010675669034717,80.90493506894148,57.0704986694475,0.876124687940136,normal
2026-02-18 08:00:00,MTR-001,27.896401368711047,28.035624082526986,28.40841779686269,1.821248769035275,415.42150202458384,1478.3444255623226,0.6187241295531383,78.65348952920463,51.307624275523814,0.859833168714235,normal
2026-02-18 12:00:00,MTR-001,27.75459509030316,27.762232737610255,28.252509739928968,1.7831631385024218,409.66389802032717,1487.6745978570048,0.9172539118721126,78.60094871922166,53.14097827961518,0.867559195263258,normal
2026-02-18 16:00:00,MTR-001,27.70662732098777,28.238425513260427,28.53096695659549,2.927480381942903,412.5945294241952,1478.3072572040278,0.875980080665004,79.2444142880868,52.006941489819845,0.8696069271237237,normal
2026-02-18 20:00:00,MTR-001,28.422913043850464,28.166089581298394,28.5820493605774,1.4651449157234209,416.27912773657016,1480.553653909591,1.0007010114675698,75.72233376443846,53.6999521311862,0.8686550321559827,normal
2026-02-19 00:00:00,MTR-001,28.177714375235936,28.516464327808375,28.688008031094235,1.7929746544694658,408.6280250658733,1484.6263298577037,0.9319794942356534,80.07822357484054,54.83312406041928,0.8733385996656854,normal
2026-02-19 04:00:00,MTR-001,27.65508500147025,27.74612517034786,28.322913366266846,2.392960367603522,416.7618989518416,1486.0182786644773,0.7872046002391772,77.84847142692908,52.10070956060294,0.8843136678183118,normal
2026-02-19 08:00:00,MTR-001,28.44780082688233,27.865662254431744,27.916812333353388,2.0733824135729266,414.9214488042933,1486.184510729909,0.8521419096500074,79.34096123448242,53.156280373749375,0.8808176672767283,normal
2026-02-19 12:00:00,MTR-001,28.152966872614133,27.512793172588363,28.073030812802365,2.293466481184234,417.2099598176686,1483.6250986917794,0.7805961214794767,75.85628553391969,52.992085255837004,0.8568778080656859,normal
2026-02-19 16:00:00,MTR-001,28.404624699155395,27.77884068831767,28.600573352217495,2.9076203827329934,415.8956565362586,1483.0721875774343,1.0614010707897898,74.89248246796787,55.41453465879789,0.8762206999030605,normal
2026-02-19 20:00:00,MTR-001,28.313415245757533,28.187811800982328,27.593347577108577,2.5687780877772015,420.4565617198954,1481.7775808476035,0.9031967473007914,79.63577931605006,55.1386886740725,0.8832893331953541,normal
2026-01-01 00:00:00,MTR-002,34.23380426139436,32.84683632057189,34.204636405221706,4.108103315937765,411.704258052112,1478.3316437597177,0.9365485835554072,76.08244308762644,56.01404054427071,0.8802876899142348,normal
2026-01-01 04:00:00,MTR-002,34.6594370570013,33.47994506015106,33.433076095960224,3.622126458142831,412.12356219420326,1479.6098191193391,0.7364687389800856,75.29498262111855,54.88520926985193,0.8750168504516879,normal
2026-01-01 08:00:00,MTR-002,35.216305691623575,33.74999843313181,34.13093776291124,4.266769600168653,423.1992483831437,1485.007208577479,0.7521690598918606,74.83282322042484,52.20910299048985,0.8724832514251588,normal
2026-01-01 12:00:00,MTR-002,34.618775547869106,35.14100231732563,33.379989488999655,5.1222129160281415,415.00273127582994,1477.1723259826244,0.7545384420547989,78.82599782427559,53.58417811865185,0.8707811773523602,normal
2026-01-01 16:00:00,MTR-002,34.15069319558789,34.33640544416263,34.66538537860211,1.4968874125880856,418.1285200061258,1484.8443363721296,0.9165802976210911,77.57186460454427,54.474506504626994,0.8740023585552678,normal
2026-01-01 20:00:00,MTR-002,34.63169792211345,33.19277558489962,34.6415397832122,4.241691908737858,411.83640247332977,1479.0339155365239,0.806052708572549,78.75881079521022,51.80821206285177,0.8720165290512926,normal
2026-01-02 00:00:00,MTR-002,34.08757664578301,34.29378193493688,34.32156819128793,0.6835001285533852,411.88058821511345,1483.9762963272851,0.974109587846328,79.38094537224302,53.52194268395353,0.8597002772522306,normal
2026-01-02 04:00:00,MTR-002,34.01444806171891,33.06474070001948,34.21860401924264,3.4172412474513596,419.3279392369998,1475.7795549715074,0.47180600056434135,78.53123398634507,56.30466067635336,0.8704607922163315,normal
2026-01-02 08:00:00,MTR-002,33.78758961752414,34.654426592571745,35.06454037769761,3.7010720932167325,409.60169515379386,1481.757712603494,0.7714722202308302,79.31552635230075,57.854610728578436,0.8592631134108225,normal
2026-01-02 12:00:00,MTR-002,34.944996519116295,33.71523132156786,33.999810402332436,3.5937017517098546,413.3391449283789,1477.7896895921572,0.7310919058633425,77.86093542751546,54.1611304946829,0.8708108254290082,normal
2026-01-02 16:00:00,MTR-002,33.50530533969728,33.94340212591766,33.28562275085676,1.9589529418045604,415.1361096442889,1475.7541984242275,0.8615488982441262,75.62601322338851,56.512976708632195,0.8651935205851176,normal
2026-01-02 20:00:00,MTR-002,34.92623115802766,34.80137041806994,34.271682009534196,1.8881355503411257,415.4454904073602,1480.655602127233,0.8192928362264793,80.1156283616416,51.171879858825065,0.8953938162278287,normal
2026-01-03 00:00:00,MTR-002,34.30214009257196,33.22198113187797,35.26089954994244,5.951018162091301,414.2836268599354,1483.0284153657879,1.019676566984365,76.82177573443775,56.31890248222722,0.8696010561624828,normal
2026-01-03 04:00:00,MTR-002,33.15419715656416,33.155519674776144,33.38663426189655,0.6994351431629146,416.5832791243837,1477.4651756842195,0.6210994842509914,76.12880740247515,53.392103170545035,0.8559576043373841,normal
2026-01-03 08:00:00,MTR-002,34.222223572652595,33.647246629408635,33.7815158387983,1.696914999957335,417.77142302327127,1475.5029521186248,0.9068237214496129,77.6441642483912,55.61469123341594,0.8686581978932307,normal
2026-01-03 12:00:00,MTR-002,32.73065064426391,34.62764232772723,34.25171849414132,5.600801503980551,417.93855018183734,1479.724465706995,0.9837504634817559,76.17437816140698,54.50449516352058,0.8751935874563789,normal
2026-01-03 16:00:00,MTR-002,34.378084845728985,33.08163970548955,33.96741751348986,3.834610087147077,411.0567847653287,1479.7376940136685,1.1784971154842931,77.16513923602113,57.64082801956767,0.8867336394615253,normal
2026-01-03 20:00:00,MTR-002,34.53507325194001,32.28811928291984,33.40625205808305,6.725430769807085,413.8633796082848,1481.6449588826636,0.8277351043359787,78.68810784312693,53.25112870332016,0.8641054760006128,normal
2026-01-04 00:00:00,MTR-002,33.64195373347253,33.727299534472785,34.67810074865486,3.046077064419853,419.77905144750775,1482.8487837140935,0.9486687906528776,78.69668347849225,56.25521259512366,0.8541757202597636,normal
2026-01-04 04:00:00,MTR-002,34.07467771844426,34.33349666127949,35.40233572530821,3.8367733831208506,418.57858875029547,1479.8217544561826,0.6294205811156453,76.20433986714875,54.440985073406935,0.8781683701143098,normal
2026-01-04 08:00:00,MTR-002,35.18117960440017,34.725491546508806,34.11855057078778,3.064532858546421,409.50856219407575,1485.5665099443827,0.5412065693530465,77.02458925410251,54.683389043980675,0.8561940129410035,normal
2026-01-04 12:00:00,MTR-002,33.69430421431279,33.72004468780616,33.45354094487068,0.7926320556712744,416.4059196014088,1480.6727042336058,1.026716156367255,80.14866600954049,54.63229221368158,0.8656384455849252,normal
2026-01-04 16:00:00,MTR-002,33.35994919182357,33.75131547303211,33.063739415967675,2.0591246190806705,407.08709900250074,1478.9607204819793,0.8991659559527895,78.99280023546788,53.30865379101177,0.8674237951448901,normal
2026-01-04 20:00:00,MTR-002,34.895583212155174,34.69746888826125,34.15593214864925,2.138771002510086,415.1877396082415,1475.1652979226915,1.0767769034697634,82.15013007869709,54.971802068186655,0.8693036654669989,normal
2026-01-05 00:00:00,MTR-002,35.18627492405417,32.86984501707299,34.6672325275156,6.765053470256306,422.5910680669839,1479.2120214390516,0.6939895666545377,80.36025634748306,54.874703555756355,0.8768916445707433,normal
2026-01-05 04:00:00,MTR-002,34.00223382831692,33.765160775889385,34.28721250454832,1.5346246782448887,411.20842913092406,1478.9908391637666,0.9779853209293129,80.28858613711988,55.48248049681346,0.8631636571771362,normal
2026-01-05 08:00:00,MTR-002,34.6113732125135,34.1151006623547,33.998547011711274,1.7897086674108067,411.66270781803365,1482.8809143888443,1.180322676081578,75.2242628990884,55.169010291385725,0.8672627074783323,normal
2026-01-05 12:00:00,MTR-002,34.81084766449867,34.27152776042118,33.643818023807356,3.4081754658040553,418.05611912629143,1481.3874508722006,0.9629558412535899,79.52772070326685,56.595989099224475,0.8698572964705061,normal
2026-01-05 16:00:00,MTR-002,33.55120953055458,33.69185017656018,33.33984775977929,1.049887378419886,408.8287939391614,1476.4618926351022,0.9414872258386573,77.89378639660617,56.847017232094736,0.8714959795751879,normal
2026-01-05 20:00:00,MTR-002,33.70665958395542,34.02081767818664,34.504560801689706,2.3414417813995567,412.46897988045987,1480.516763159233,0.9012834121236525,76.8980363929235,52.8987533563444,0.8709782717470792,normal
2026-01-06 00:00:00,MTR-002,34.74399526128464,32.49594435527037,34.55232418003751,6.625407930330921,417.385764550327,1482.0145935151872,0.6643677814311132,78.33603068106505,56.737545001181545,0.8743600577522258,normal
2026-01-06 04:00:00,MTR-002,35.01849751957492,33.60212540410043,33.06569221782249,5.76126285735228,412.4628566092424,1484.5840940781634,1.1033359403565521,79.89042306922296,52.62732714578029,0.8784383950964174,normal
2026-01-06 08:00:00,MTR-002,34.3402302088165,34.2741208218107,34.96096933792255,1.9894174992687068,414.0561200511561,1482.6625119022422,0.8083713540292401,79.00166318200843,56.17571177627547,0.8739263411565097,normal
2026-01-06 12:00:00,MTR-002,33.4682011018832,33.40625782818384,34.34699416018482,2.7881530148422016,417.97674284126015,1482.2825399629344,0.9756724884574526,76.24305239731588,56.239477569405736,0.8745358552350921,normal
2026-01-06 16:00:00,MTR-002,35.20106804973833,34.03565268504971,34.84597720773257,3.359104023222623,416.6861843341462,1480.1802579838454,0.6655448540143121,79.48491782718524,51.17736621667499,0.8541777683325352,normal
2026-01-06 20:00:00,MTR-002,33.67905759065588,34.270109600485185,33.18875833869344,3.2075542071685836,416.0672735851816,1481.1649360162703,0.723081050323833,76.72482491584807,55.18595849305882,0.8705022769916568,normal
2026-01-07 00:00:00,MTR-002,33.797427830047475,33.79294803859264,33.17443517717111,1.8547923022248165,413.6435108829198,1483.7485147021184,1.1152631098833354,78.43336623792857,54.06300777327937,0.8747950754800161,normal
2026-01-07 04:00:00,MTR-002,34.206924202180396,34.103035879357925,33.90995632831844,0.8715558111139001,416.4802444610758,1476.001667807561,0.8479046566563235,77.39329986504573,53.48246948412925,0.8772894119457045,normal
2026-01-07 08:00:00,MTR-002,34.939403632076484,33.41808164942797,34.30390525358998,4.445649843779753,414.50506927960095,1478.9516820183492,1.1179913214063817,77.56226749652875,57.70170466139801,0.863076492257662,normal
2026-01-07 12:00:00,MTR-002,34.51618103471601,33.87511495982817,35.08580031963585,3.510009662810118,416.83122243970314,1477.6822937537313,0.8882654011412223,79.53248595008102,53.69264171872516,0.8634096072511136,normal
2026-01-07 16:00:00,MTR-002,34.25076314688542,34.36884177361838,34.426785476794926,0.5124555917898168,413.01227189952806,1481.1374593561784,0.6237153340563214,75.91961256036821,53.3872461417639,0.864258993247164,normal
2026-01-07 20:00:00,MTR-002,34.28003217820472,34.09488143418537,33.85331265046028,1.2522554973630842,414.26972410248186,1483.6906665269523,1.0338101399597581,81.89039014855386,55.151389880010186,0.8753641389989134,normal
2026-01-08 00:00:00,MTR-002,34.026302199713385,33.64547443261913,33.3796168344775,1.9198707005904387,411.0401688297919,1478.2090771398368,0.8115161523366589,74.35782786141101,56.37117949259683,0.8803388105492421,normal
2026-01-08 04:00:00,MTR-002,34.33736432877563,34.13552635992688,34.743467012843574,1.7669892634883868,414.85996955997507,1472.8290868975917,1.0048033220275565,76.80466463349029,54.716702827979745,0.865925398927084,normal
2026-01-08 08:00:00,MTR-002,32.471021464149224,34.43194191789591,33.41688916487957,5.864005191283947,411.7559965454846,1478.7633377649265,0.9037816301310123,78.74042377988349,57.332741091338505,0.8790796231362705,normal
2026-01-08 12:00:00,MTR-002,33.82071726918448,32.7609243827265,34.984318770884606,6.567341200445393,410.543814199352,1482.7404211960522,0.6685322658085695,79.16862833287063,56.061951323928184,0.871234798091646,normal
2026-01-08 16:00:00,MTR-002,34.14586570288303,34.70059587926223,33.828105278460065,2.549289354159217,416.03464459142157,1481.6128897088497,0.9246442148055853,77.79904855885658,50.64357736053714,0.8687571422283756,normal
2026-01-08 20:00:00,MTR-002,33.30427593167887,33.79675269128611,34.96141849722679,4.870966586553861,415.8509591034306,1481.2845587434317,1.2294334713229198,77.88521859399691,53.94106607298598,0.8678861577018203,normal
2026-01-09 00:00:00,MTR-002,34.23351098321054,34.2571850263141,34.41037624643583,0.5156367937119624,418.13149493979427,1479.1600200943765,0.9739479687771689,78.82110017065523,53.8763158012966,0.8774661136460216,normal
2026-01-09 04:00:00,MTR-002,33.876408506426166,34.72366925162556,33.91719383749256,2.479369764761327,413.2754977216996,1476.1629077913406,0.8913723370491805,77.53786104508464,55.95872190685884,0.8732557781678707,normal
2026-01-09 08:00:00,MTR-002,35.06108753320403,33.17089945411848,33.686053748585095,5.563847378061712,416.632211387347,1481.5458829648735,1.0613015102935346,80.78636251586981,49.750365887251775,0.8927582542764764,normal
2026-01-09 12:00:00,MTR-002,34.95080303390765,33.571182327421575,33.79394012747081,4.045178792729852,417.20319028909466,1477.497154569896,0.9316002697804666,79.6786982284632,60.098019417435445,0.8614777535700268,normal
2026-01-09 16:00:00,MTR-002,33.71844641155524,33.82558834382624,34.25889364516903,1.5926277625945013,416.7790952313264,1486.5522902001414,0.9314301345394191,79.74564870201127,56.06205218978842,0.8751810170202997,normal
2026-01-09 20:00:00,MTR-002,33.908826983230796,33.526264538342566,34.046636815491595,1.5383230627112887,411.69738526879144,1481.7115216250636,0.7362562241761347,76.06768655325916,55.29775360783538,0.8647079899018849,normal
2026-01-10 00:00:00,MTR-002,33.95530280478781,35.048672774728026,33.64107399334514,4.113979545746311,415.59745392908474,1478.258055092338,0.9350772038684397,77.8412231511886,57.36313543283829,0.8613071301301135,normal
2026-01-10 04:00:00,MTR-002,33.726996938854626,33.48212886773136,33.89988501420801,1.2395220062544603,416.45656118421863,1478.1658442578341,1.0553165124625417,77.39906810255859,59.68730810562525,0.8698913286296502,normal
2026-01-10 08:00:00,MTR-002,34.11788176812367,33.66420283551016,34.04749544907469,1.3365829429287899,415.0287138676318,1479.7211673801592,0.7745906771849963,75.98879724862107,56.74149328917681,0.8713735247940704,normal
2026-01-10 12:00:00,MTR-002,33.541660616139055,34.1235418146578,32.713298502931494,4.214776965011777,406.6540893665157,1479.2814942339348,1.1136743731870422,78.72032836789154,56.89762619294324,0.8991817355506009,normal
2026-01-10 16:00:00,MTR-002,33.316605841993315,33.27336739757179,34.27693717160561,2.9848334898220847,415.6419584958939,1483.35050132659,0.8862440963782311,76.92470848444037,55.261380048928764,0.868158541843168,normal
2026-01-10 20:00:00,MTR-002,34.376394339779715,33.760832992005106,33.40781294861562,2.8615323461082203,423.850124157589,1480.5592485092322,0.7668345732692189,79.31080765970047,54.7169484932661,0.8586982127051531,normal
2026-01-11 00:00:00,MTR-002,34.380515659796295,34.19188286013344,33.30287463628453,3.173412910096424,413.5598429249721,1477.8051047832744,1.0496448115380366,75.85961687421134,54.048409111990196,0.8727301071749438,normal
2026-01-11 04:00:00,MTR-002,33.5138358074944,33.79880437779546,32.98009408352419,2.4489619320086096,412.0876916085787,1485.6713220554673,0.8569808646392596,81.43808122568365,53.34777601657092,0.8492535996245363,normal
2026-01-11 08:00:00,MTR-002,34.54119261592761,33.94355283195381,32.91569164573318,4.809153737750874,416.4933942388456,1480.1479249945608,1.013927233122916,76.20733468281588,53.62597180060101,0.8690804321739574,normal
2026-01-11 12:00:00,MTR-002,33.61824635037118,33.68004814536454,33.180707287007685,1.4908812274126637,416.2495128418663,1482.3065190279067,0.8562362051612195,78.43860467440088,52.29888807131403,0.8701602528229516,normal
2026-01-11 16:00:00,MTR-002,34.15302432165851,33.08458683533963,33.57143622116557,3.17958808491921,419.77094066166563,1478.1753204776658,0.8910260784705145,79.58371862077614,54.84825709862995,0.8779460038294521,normal
2026-01-11 20:00:00,MTR-002,34.49585238095686,34.19438522996505,35.18063663423828,2.8484926446621874,409.9685273763645,1481.0893468832335,0.9740340306501437,76.85871913959977,51.63066484554723,0.8797362224942785,normal
2026-01-12 00:00:00,MTR-002,33.979683072001315,35.060759545529,33.6821349514589,4.026255843738567,417.9255210103,1480.9333299734296,0.9436345586385009,79.7049372868659,55.38183304828742,0.8649643038109228,normal
2026-01-12 04:00:00,MTR-002,34.27486561800531,34.01112276349577,34.107440064233124,0.7727337345169007,417.36168824500584,1474.3310521237115,0.6006702329322393,75.54163280439917,54.92733878391532,0.8684938598537006,normal
2026-01-12 08:00:00,MTR-002,33.68784697080574,34.13615964420296,34.24206874917716,1.62900878590819,414.4314138522378,1486.0458253313818,0.7318134389858413,80.90423539836512,55.293870596773374,0.8623387916938933,normal
2026-01-12 12:00:00,MTR-002,33.881246865127906,34.418712420870634,34.079221623668246,1.5749263208609414,416.3547492716868,1483.8719333827676,1.0394114977186224,78.02829852993152,53.95573685996001,0.858719374451923,normal
2026-01-12 16:00:00,MTR-002,33.875569410667886,33.23276023319844,33.95318973040562,2.138586976530011,419.1178299263934,1478.808414051562,0.8801795116647679,76.80717718406224,61.15372074036101,0.8730989477938064,normal
2026-01-12 20:00:00,MTR-002,33.54873486609123,35.02907552669167,33.277511325113345,5.158976984323553,418.4892615201138,1476.6931907786325,0.8214403045842867,77.40163645514514,57.72023180036062,0.857264144514034,normal
2026-01-13 00:00:00,MTR-002,33.89314983918335,34.12229651694889,34.877005095848766,2.8685931070207933,410.42792275170507,1481.0426848414106,0.6962138977113789,79.61783853878543,52.510914999830554,0.8658537309942813,normal
2026-01-13 04:00:00,MTR-002,33.0639462726868,34.98636683678275,35.09234997126556,5.8998002513984735,418.2806327470219,1480.2600930982433,0.7380395518086228,76.83108941629912,55.465736174853795,0.8600482604010076,normal
2026-01-13 08:00:00,MTR-002,33.70312484617188,33.556922278261055,32.9829263004414,2.1553586883679947,414.74124557986994,1481.0670068456898,0.5967302040057079,76.50128462115444,53.78398771412535,0.8754968318629026,normal
2026-01-13 12:00:00,MTR-002,33.82780859067433,35.09891742874606,33.38103160728645,5.037406335483499,415.2914963920621,1480.5747321885822,0.8848078921947701,77.55692680483253,52.97104054658517,0.8880143009926649,normal
2026-01-13 16:00:00,MTR-002,33.845153571825016,34.468538431949916,33.83087019305212,1.872840487589667,415.2927879640068,1481.5187229679177,0.810234362912843,75.64607577446006,52.31985585775213,0.8569841201719667,normal
2026-01-13 20:00:00,MTR-002,33.85402821049588,34.334282007448536,33.41699048840984,2.7083966466170772,414.399028044807,1484.3419170981754,0.7550118163522027,81.64108781588364,55.86443338151851,0.8514698151710243,normal
2026-01-14 00:00:00,MTR-002,33.962666972528986,34.1414547812979,34.305828067866656,1.0052570944575694,419.76682998842824,1481.704309615386,0.889781486224807,76.86721081757055,53.63723952986085,0.8687511311464993,normal
2026-01-14 04:00:00,MTR-002,34.289795762043134,33.849778257519446,33.559799913212004,2.153393341379878,414.66512816060316,1476.8510335032702,0.9545955946279108,79.66323357236081,56.93565204805041,0.8701569779595776,normal
2026-01-14 08:00:00,MTR-002,34.528596987031214,34.72565469134421,35.308656112096436,2.2380569024390797,410.52181548646735,1484.0876885581374,1.2139796898314916,78.41894016729555,56.987564429060875,0.872186593067573,normal
2026-01-14 12:00:00,MTR-002,33.60725301843838,34.0848397435526,34.71962048369213,3.2585163259163914,413.4258805761211,1484.9218436904648,0.673217487065518,76.03093189903606,57.7478287704229,0.8655367948476566,normal
2026-01-14 16:00:00,MTR-002,33.272731927409225,32.811015645831766,34.12848919184881,3.9440499140999106,415.7147788672419,1489.4561702035362,1.0739071564950784,77.98809058157454,53.29522646785179,0.8679936070117457,normal
2026-01-14 20:00:00,MTR-002,33.37014204415528,33.32472284981266,34.62075614138437,3.837611451207951,419.9168591371882,1476.6295179002811,1.0459652341522607,79.5680055586215,55.95073122138402,0.873675104105406,normal
2026-01-15 00:00:00,MTR-002,33.705512900966625,33.88766656756349,34.66845536761153,2.824937626475079,417.4123787397953,1480.7286460394507,0.783136089093495,77.62347732982738,56.2649084332846,0.8804043089264484,normal
2026-01-15 04:00:00,MTR-002,33.78728311456425,34.18737716315785,33.659125073884795,1.559280963841522,411.5978588850118,1473.7537038904331,0.9304853931879047,80.38622589170205,54.05164364979207,0.8504495122968172,normal
2026-01-15 08:00:00,MTR-002,33.53458015554287,33.96579540226495,33.50664202107686,1.3637271712220522,424.94075966671556,1481.6594474691376,0.8313550125993577,80.04303078556373,53.45645608521425,0.8663106056096854,normal
2026-01-15 12:00:00,MTR-002,33.21656948294228,34.73680012183084,34.04723314028388,4.471240163222155,416.0591012439119,1478.3553991054996,0.9278532870628109,79.83782970931667,58.21904133155195,0.8721380879394106,normal
2026-01-15 16:00:00,MTR-002,33.72430029983782,32.82066731773666,34.520811168585425,5.046645475654084,420.1015629519961,1485.770337384475,1.1263696520106825,77.080686455454,55.45499175146411,0.8608202389538926,normal
2026-01-15 20:00:00,MTR-002,34.109662312602225,34.086790930509785,34.084054285408286,0.07511116579119137,414.3931422656911,1477.6761550899444,0.9908409348946969,75.84031510443702,56.27193550142348,0.887311696317673,normal
2026-01-16 00:00:00,MTR-002,34.359662254905054,32.90113255709932,33.04679323743122,4.362171574956768,417.1334369788218,1474.9324508860982,0.9762912559850163,76.77282478927441,53.355847976344144,0.8636459011977127,normal
2026-01-16 04:00:00,MTR-002,33.66306873234341,34.459203876381544,33.514737224989716,2.787763983622822,418.35787401807363,1478.5862087778924,0.8354536020068036,78.39248188133344,52.56143106695561,0.8695870731299271,normal
2026-01-16 08:00:00,MTR-002,33.750365760837745,33.94290495482617,33.955287513560734,0.6047948626901589,419.872778847017,1474.0735366863487,0.6773915002613498,79.09157342706472,53.86110045101578,0.8755602209684229,normal
2026-01-16 12:00:00,MTR-002,33.43986235554118,34.25363091642347,33.95426434582972,2.4017309775060793,419.2294732215129,1482.253298363522,0.8687297684189388,73.6568571904791,54.75195722522,0.8640871521119811,normal
2026-01-16 16:00:00,MTR-002,33.980996768129025,33.4778307438213,35.19229216019295,5.010548609252744,418.4887880002919,1473.804750861231,1.0809912232295873,77.9837735967765,52.871559986365305,0.8515342695219559,normal
2026-01-16 20:00:00,MTR-002,33.48717202555577,34.773365469802016,33.16224728814994,4.765551010330935,413.73965307522354,1480.0853727435494,0.6709248215115529,78.31617845064636,54.98031038269924,0.8657134547308346,normal
2026-01-17 00:00:00,MTR-002,34.34642392267023,34.62966468583113,34.30560060839857,0.9413016379466809,412.71301583217576,1473.7665645404313,0.7417365947734957,77.4449114873689,51.622989623863,0.8802944055592704,normal
2026-01-17 04:00:00,MTR-002,32.92054292043094,34.35272011204274,34.90008614547843,5.812307928557138,416.3304300412968,1479.03910658639,0.9189401604351103,80.58254767803176,52.75990515506025,0.8666310487321486,normal
2026-01-17 08:00:00,MTR-002,33.782623842428734,33.92171401967365,35.372965179455555,4.628588321870352,418.73251228936425,1484.9301344674136,0.7523017822729107,78.84356014850174,56.34182249655375,0.8615356569854102,normal
2026-01-17 12:00:00,MTR-002,34.1820026583559,34.35049151466728,33.755564224208804,1.7448584901712576,414.1091171968936,1481.0819436743075,0.7811214829327181,80.62038381616179,56.20758104055579,0.8792567220950273,normal
2026-01-17 16:00:00,MTR-002,34.11111775208827,33.57272271446098,34.2970418025331,2.13074962274095,419.26068786285754,1477.4095191851052,0.8364602127407734,77.56807895929954,54.21624646922627,0.8666922510397694,normal
2026-01-17 20:00:00,MTR-002,35.62778923689488,34.51713586500807,34.34438848257341,3.684780893743398,420.8104669819447,1479.9063895331828,0.6951573893714776,79.87495498501384,52.964471381846096,0.8648983918634978,normal
2026-01-18 00:00:00,MTR-002,34.2114346815166,34.99701956279135,34.11815784662777,2.5516999881602094,411.33471632370635,1480.0540506161333,0.7538817230675448,81.27013278905504,52.94519289694798,0.8714945608966331,normal
2026-01-18 04:00:00,MTR-002,33.39310477701994,34.64712460514298,33.940253567250906,3.688999478689689,411.6523171848149,1481.4178910375301,1.0055141875180964,80.62338689854532,54.25346350811737,0.8777075020961879,normal
2026-01-18 08:00:00,MTR-002,33.942297166203936,33.558995840471965,34.263522902097804,2.0769272424884266,414.43849976437866,1475.8994249101574,0.7038945326653554,75.81571681314253,56.289036983290586,0.8938171353173254,normal
2026-01-18 12:00:00,MTR-002,32.926357771771386,34.21845668955174,32.46939792182277,5.267497656865191,416.2304506727568,1481.777701821542,0.6603191798257744,77.49264784491524,56.85649138268865,0.8782723610765742,normal
2026-01-18 16:00:00,MTR-002,33.95128192931396,33.21836777799477,34.412273113993415,3.5259383840338456,412.9017319449318,1471.8868251051917,0.8054962530699159,77.3096705891004,54.00693652903606,0.8815983996638834,normal
2026-01-18 20:00:00,MTR-002,33.496463894435095,34.34597814364396,34.076267532880124,2.500564183313387,420.4088107154686,1478.1103463429085,1.0097933253764768,78.97850907015265,52.69301514803043,0.8649403380101215,normal
2026-01-19 00:00:00,MTR-002,34.55330256656081,34.27236472955247,33.86552628461403,2.0092558805622676,416.6962674460738,1478.5351784726454,0.8704617288004666,79.37270711002907,55.53568727573267,0.8597413189403053,normal
2026-01-19 04:00:00,MTR-002,33.667833434022256,32.869799901438334,35.23721448274604,6.978387977164423,415.157788192963,1481.8999804782138,0.8303128382826572,76.32221465194853,53.3529300587483,0.8706233134961913,normal
2026-01-19 08:00:00,MTR-002,33.9294214908971,33.29776620990186,33.59203988197549,1.8795679042769071,409.2563619045259,1480.0678925580305,0.906653819627341,78.13567702783388,53.963494722277595,0.871071699152596,normal
2026-01-19 12:00:00,MTR-002,33.61584059364,33.828858266857104,33.75636295772069,0.6314686903178987,409.73673673429,1475.7833108384311,0.6381438850710522,73.96014533568773,57.65055218087407,0.859214872586354,normal
2026-01-19 16:00:00,MTR-002,35.051039039342456,33.81814699728377,35.20378332933264,3.994225418445959,416.12403700112725,1477.045020622549,0.9742058480662549,80.88389001160378,56.65423085713154,0.8682470547009599,normal
2026-01-19 20:00:00,MTR-002,33.80582659470206,33.26893838570241,33.49706516684631,1.601506728713911,406.46961749538065,1480.5960400286422,0.9575152547105467,76.97525151864662,55.3159486245029,0.8739931760171913,normal
2026-01-20 00:00:00,MTR-002,35.10767892405854,34.23511603196398,33.66748587342502,4.1943183894955745,419.0505496385763,1479.7627979744063,0.8386037288856418,78.111727879689,52.45616199777456,0.8736039339501808,normal
2026-01-20 04:00:00,MTR-002,34.49210950954704,34.15200182584849,33.91113129961513,1.699508074880934,414.3673846225107,1478.2626276710928,1.0508886767694625,77.38070057202388,55.422793134941315,0.8750428785338428,normal
2026-01-20 08:00:00,MTR-002,34.29138255518939,33.88257510244854,34.508177286976085,1.8277829484115888,427.9723718783789,1478.5574986314641,0.7308755851570442,80.29205515002683,57.125314581575054,0.8729096473013744,normal
2026-01-20 12:00:00,MTR-002,34.22287870237859,33.543166026570944,34.12560507111134,2.0012808031122007,424.23166500246447,1482.0885039914779,1.0691863489880353,72.32498711720524,54.24873266846893,0.8649299134072994,normal
2026-01-20 16:00:00,MTR-002,34.238028589144044,34.63388519641179,33.218679790165744,4.158675221717778,414.2742037230099,1478.4469222813923,0.9231740498392877,77.96677931534818,57.70222817997343,0.8648609937335116,normal
2026-01-20 20:00:00,MTR-002,32.83482901870666,35.000601632800034,33.67833366850979,6.400430410400013,414.5746519898747,1479.7357262679127,0.849517111518274,77.7883624850046,57.58549057903642,0.8580104860200612,normal
2026-01-21 00:00:00,MTR-002,33.831430481757764,33.70771394754165,33.63288798703618,0.5887274080979976,418.9823260560081,1486.5098097642417,0.8970189546947532,77.09272722481663,58.32746566428695,0.8878477503918509,normal
2026-01-21 04:00:00,MTR-002,34.5108510403603,33.62997910785309,33.95332416822074,2.588410487569172,421.81269043967217,1475.7289520893482,0.8839102851283588,81.45245309127127,55.6104862530627,0.8701345036461929,normal
2026-01-21 08:00:00,MTR-002,33.97044436910009,34.296907744426804,34.257398833660694,0.9552718898918698,408.44788377025594,1474.444471805276,1.0830424344626577,76.22534108228845,56.174783399612025,0.8677514694420515,normal
2026-01-21 12:00:00,MTR-002,33.15064080370984,33.783591130464046,34.252782145781175,3.267636718286165,407.8544981385813,1482.3507689943958,0.738498130879348,79.54359235447133,57.82837457666218,0.8607120791854754,normal
2026-01-21 16:00:00,MTR-002,33.96832442098429,33.915742136488,32.92649956199741,3.1003442369886725,412.5118607777825,1477.9640708161178,0.7856221141280103,78.71250557741217,55.894787874137954,0.8993565790232778,normal
2026-01-21 20:00:00,MTR-002,35.030037112047765,34.4470792383758,34.64309321914789,1.679667788074636,417.33095033269547,1479.0452874167722,1.0554454338108719,80.52303850507103,53.99753178441957,0.859266719677771,normal
2026-01-22 00:00:00,MTR-002,34.753676770278766,32.84590032044004,34.1526638358024,5.624769830523141,416.98749436203036,1477.6565308656066,0.8106697597224212,76.66562183044499,54.10291432694428,0.8657115207439393,normal
2026-01-22 04:00:00,MTR-002,33.96252202100542,34.79684051635539,34.836872704323426,2.531995534234024,419.2790858199354,1479.2205995776974,1.0350799615997388,76.53406220175248,55.47710990754748,0.8741583683628606,normal
2026-01-22 08:00:00,MTR-002,34.57509822968844,34.04393133915018,34.268493211162365,1.5487793160518575,410.2012098865388,1484.795614336289,1.1549153974513064,80.1921398149548,52.41887715610756,0.8760021296574427,normal
2026-01-22 12:00:00,MTR-002,33.77846686768864,33.75127525484242,34.665688543342505,2.6843077499905434,405.7354245481245,1482.4063853758544,0.839730745958755,78.85064261666022,54.713482169271614,0.8795793205521568,normal
2026-01-22 16:00:00,MTR-002,32.97010428529585,33.94606291122614,34.28200072158763,3.889091462663769,418.4320567812086,1482.586670535661,1.0022043489862957,74.91012530664648,57.19309423646051,0.8880760850776926,normal
2026-01-22 20:00:00,MTR-002,33.44121166939725,33.97729063236796,34.81371867930477,4.027615746003401,411.6872149081391,1475.751318832622,0.7269461577990213,76.92138997107345,50.617492297669436,0.8750615765546071,normal
2026-01-23 00:00:00,MTR-002,34.9446794334094,32.953584989917736,34.31567149554852,5.843903061531466,406.92604854244547,1476.5465387903414,1.0132099947101714,78.77276530769612,58.06896420358903,0.8594396920003333,normal
2026-01-23 04:00:00,MTR-002,33.83438640387207,34.90360710637174,33.94081567326118,3.1239767319139427,415.5802549838375,1471.4827640215437,0.9299135978980151,79.67552844309319,57.24474843740632,0.8674305487487822,normal
2026-01-23 08:00:00,MTR-002,33.85288790579999,34.02497904883913,35.37356054213678,4.418358195728406,418.1727027528747,1477.5718575367518,0.9709557423240323,76.6415386936141,54.08047076833905,0.8730783237251388,normal
2026-01-23 12:00:00,MTR-002,33.81876446802941,34.267770176625966,34.537373549466956,2.100706630890247,414.5117714715149,1482.870109559157,0.8031641891946908,72.17148802036611,56.08678165574362,0.8906822604150583,normal
2026-01-23 16:00:00,MTR-002,35.150944783030795,34.575158972435865,34.34679662780711,2.31803327935192,413.16860645527004,1481.550839547245,0.6508374876649241,79.04644637147406,55.006295453812655,0.856021945215757,normal
2026-01-23 20:00:00,MTR-002,34.982801833285514,33.38276402565244,33.2285448860035,5.180192831313395,414.36255107141636,1479.3354602111435,0.9754878097124258,75.55935862011205,57.45998073687737,0.8820257650522523,normal
2026-01-24 00:00:00,MTR-002,35.34112938555087,34.28618745897241,33.22128961788871,6.1833791645108,413.51766895039685,1479.933099148846,0.5904895271280819,73.96532240375518,56.96536628553988,0.8717991436954642,normal
2026-01-24 04:00:00,MTR-002,33.90386600615819,33.83822582950118,34.17693024698352,0.9969809675205542,409.60781155223935,1477.9333433722738,0.8523974261636198,72.33534815003172,52.19985855363398,0.8783783053522948,normal
2026-01-24 08:00:00,MTR-002,34.17868857986491,34.511825890797525,34.08795947953991,1.2372233064960156,412.1412772920383,1480.6142766472053,1.0411772799629955,79.62796172039548,56.174524826928355,0.8689800528336407,normal
2026-01-24 12:00:00,MTR-002,33.08327383679455,32.71420920369865,33.62879702737275,2.759595822301171,417.08511962005525,1482.2976348384418,0.9287846603809554,78.25723490080993,54.58874429271351,0.8615756736987368,normal
2026-01-24 16:00:00,MTR-002,34.892724808675936,33.94010300074306,34.08521620954329,2.7768361233838488,416.286714165506,1475.1523396377686,1.192251396718472,77.5486872385755,55.1656651410362,0.8775087277940133,normal
2026-01-24 20:00:00,MTR-002,33.29414213790027,33.63562840361503,34.960236720950796,4.9055681547613545,415.6722392238673,1480.898943063512,1.053766372887266,80.77804872592553,53.54365619806037,0.8765443102710562,normal
2026-01-25 00:00:00,MTR-002,34.13102878520763,34.26127893904998,34.42033216239485,0.8441667605447081,411.0194060725865,1482.797304612864,0.8019152417511636,79.27464936604615,58.496274138241674,0.8797205696573972,normal
2026-01-25 04:00:00,MTR-002,33.33674158329748,34.28411559769811,33.310323745216124,2.8944232403083725,414.2739873514573,1478.7546991331099,0.9040970069777158,81.23260008544383,57.08012363980515,0.8698669536462137,normal
2026-01-25 08:00:00,MTR-002,33.64406271806017,33.572279459129795,33.93259910892693,1.0686804386154931,406.2917398142286,1482.1021018363617,0.8928943946183346,75.214529055666,53.520457672054064,0.8640017797668015,normal
2026-01-25 12:00:00,MTR-002,33.49392137500996,33.56953046432026,33.513442482684674,0.22552621997321332,415.71390665554156,1488.4439633334177,0.6626734854980809,77.93089875209208,52.330778786179536,0.8544121300497616,normal
2026-01-25 16:00:00,MTR-002,33.63257317576928,33.93310893278313,33.76565693941527,0.8897615283804191,420.71543083125425,1479.6869716210392,0.7589401625273471,74.76657325010397,54.228654738044305,0.8781937326813941,normal
2026-01-25 20:00:00,MTR-002,33.67413027720773,33.45802958704503,33.74999230877497,0.8682290636380717,409.1034714718316,1481.179921150016,0.815885863953021,77.54123533628906,55.869005292182614,0.8742388948244398,normal
2026-01-26 00:00:00,MTR-002,33.66860197284529,34.50893236702884,33.71128978118158,2.4742568228635466,412.656289306729,1477.7858287490158,0.5945669245716095,77.50276829246664,55.48041168789245,0.8603421736713605,bearing_wear
2026-01-26 04:00:00,MTR-002,34.503704053342766,33.77683475884066,33.24134039738497,3.7303200032929107,416.3164271148405,1480.543753487806,0.9101480306826154,79.25322727452614,57.52276025196304,0.8646142632670337,bearing_wear
2026-01-26 08:00:00,MTR-002,33.33217182285999,32.24288712076559,33.922839836949,5.065291036612522,420.0113705377099,1481.380814874947,0.871192416469827,78.09112776228379,56.62649322527688,0.8653324118804856,bearing_wear
2026-01-26 12:00:00,MTR-002,34.13330504032838,33.77344089021971,33.661143828394515,1.3946175697490877,413.2071015347994,1480.5845270208104,0.6647791340026599,79.24681427655983,57.02484651986616,0.8551701556801758,bearing_wear
2026-01-26 16:00:00,MTR-002,34.73618864317136,33.37225795717875,32.22931101404308,7.495316883886624,412.2309986829364,1476.9409140408734,0.9848240133505514,79.4068802662778,55.78566762063334,0.8618231760339486,bearing_wear
2026-01-26 20:00:00,MTR-002,33.68980130856079,33.013984395988054,35.24090753480989,6.553327303442422,407.12430743033565,1480.6190853139763,1.0411903763006256,82.30985735476628,52.405817801016106,0.8586616964319365,bearing_wear
2026-01-27 00:00:00,MTR-002,33.56605791492589,33.2520443431188,34.658100768770964,4.156806375423632,415.4137525172324,1484.386587816153,0.9784988672303874,77.36940668942775,54.85102309443703,0.8658752098811207,bearing_wear
2026-01-27 04:00:00,MTR-002,33.86066067100216,34.06613134297459,33.77254711737867,0.8660357916880655,423.16830416057496,1481.3459072935436,0.9073952309129497,76.11795459866724,57.425663791786214,0.8626130250167043,bearing_wear
2026-01-27 08:00:00,MTR-002,34.71307834816469,34.80308956729671,34.01137507006543,2.2942141030294643,416.1094338478587,1482.8859615672154,1.057141868105043,78.49216723063282,55.27018439027215,0.8537299507913325,bearing_wear
2026-01-27 12:00:00,MTR-002,34.11732727915403,34.18930261531394,33.29180003895472,2.650146986367865,414.91088408326516,1479.288964089962,1.0836813360829651,76.39543994572091,56.45153500276455,0.8902259023056948,bearing_wear
2026-01-27 16:00:00,MTR-002,33.67891047081496,33.63340239645626,35.02497027281012,4.079357494127691,416.28832924306795,1482.2497007182712,1.0417381421972023,80.96392153687307,54.88410849717636,0.8825254073102923,bearing_wear
2026-01-27 20:00:00,MTR-002,34.292476553606996,34.27556875796985,35.14680561106286,2.520092866188063,414.9556319842056,1480.8378035146495,0.8866327505199918,77.43356392210953,53.54214678338107,0.8622098057848001,bearing_wear
2026-01-28 00:00:00,MTR-002,33.333725633876654,33.72250541248985,34.0947126535179,2.256984438718939,411.7479425109595,1477.1472678109383,1.0671958684218443,76.86884726425203,55.438979618790505,0.8727242139665361,bearing_wear
2026-01-28 04:00:00,MTR-002,34.41184397075663,33.580152665750276,34.618667411596476,3.036277239252684,418.2931196627108,1480.9555630143966,1.2210640189384991,77.05736855769777,56.39123263869082,0.8741746508982129,bearing_wear
2026-01-28 08:00:00,MTR-002,34.246980417099735,33.302251898312505,34.10595111971117,2.7880384064925456,415.903046092447,1477.0249100096792,0.9689129954703966,79.43683484694328,54.552664675234325,0.8819108585477348,bearing_wear
2026-01-28 12:00:00,MTR-002,33.813946879667164,32.94111681014118,33.19202373472388,2.6198764526831346,415.0704530077346,1478.1013591753456,1.3903700322458852,77.68450603353703,55.48682731779223,0.8618139497333992,bearing_wear
2026-01-28 16:00:00,MTR-002,33.49312147293856,33.764312781812954,33.75107565253752,0.8054508747529483,411.098535890887,1480.567984921877,1.0146920283738046,76.71666635973924,54.17672807132774,0.8809210678398243,bearing_wear
2026-01-28 20:00:00,MTR-002,33.464050642530886,34.09553455390728,34.07974312658216,1.863896353297823,420.21403172773904,1480.8917328201403,1.1168223981128373,81.33070383524706,58.394642632101736,0.8645209469579307,bearing_wear
2026-01-29 00:00:00,MTR-002,34.32326736774686,33.94159635945767,33.72525115667063,1.7590416828840403,417.65881098133246,1476.4323026047687,1.0300633761291935,76.2876603186765,55.67074056953381,0.8566413759583139,bearing_wear
2026-01-29 04:00:00,MTR-002,34.742850437060056,33.748571101329595,33.86783624119482,2.9140871787234754,412.7883166505308,1483.1619573135486,1.1839363881225478,78.07113214806598,59.27157888698605,0.8772413655931449,bearing_wear
2026-01-29 08:00:00,MTR-002,33.61478287290704,33.42834904775661,33.94475404523894,1.534060226758338,419.00729941472775,1481.7160188349014,0.909142462880562,79.30461230322047,59.53281779258647,0.8829075842412243,bearing_wear
2026-01-29 12:00:00,MTR-002,34.2770692963689,34.36765103141847,33.95111344129021,1.2179956285529068,413.0097166464592,1477.8858146931673,1.109106622262421,74.73732977916585,56.42525111829249,0.8958790897353068,bearing_wear
2026-01-29 16:00:00,MTR-002,32.738508113200524,33.20386692838784,34.03158735425626,3.8802480467938785,411.87198602995585,1475.3872456106524,1.0482268774143617,78.96052100281184,54.685166484723375,0.8580027473490979,bearing_wear
2026-01-29 20:00:00,MTR-002,33.64663106058054,34.4690657612565,33.35892315986694,3.282030329129753,411.96118753007886,1479.5652862627558,1.2538615784054197,75.8897846490391,52.64762693301465,0.8769891968508079,bearing_wear
2026-01-30 00:00:00,MTR-002,33.98122660057581,33.39421549078207,33.56660357208267,1.7445984156620309,407.91572578764766,1478.6621688584164,1.404716669531568,79.64556556166801,53.99528710779314,0.8659019875620647,bearing_wear
2026-01-30 04:00:00,MTR-002,33.45014691240209,33.545194700977724,33.22354017717691,0.9628560548291559,416.8861695216728,1480.339421371159,1.3749022336758006,76.07469797616204,54.31415565352242,0.8778335871052403,bearing_wear
2026-01-30 08:00:00,MTR-002,33.43393392457162,33.11340984033897,34.591035176699215,4.382981075502481,407.6754204866466,1478.9106500165333,0.9451577908312395,79.38553806369772,59.94370304561432,0.8552951044876875,bearing_wear
2026-01-30 12:00:00,MTR-002,33.5963643569788,33.69693025788246,32.72725340404318,2.908432936168277,410.08622467493694,1473.977629417765,1.6305673663228715,80.21166613258943,57.545777820183105,0.8573723022430143,bearing_wear
2026-01-30 16:00:00,MTR-002,34.176614271343944,34.58952219712447,34.69728127418267,1.5097133292091844,406.6976479636859,1478.8349591850965,1.3923356486474914,79.72287305126561,58.22308354393503,0.8622412517683351,bearing_wear
2026-01-30 20:00:00,MTR-002,33.88677001554104,34.31166853345946,34.83797119123443,2.7695098599363024,414.65572122883646,1479.083142666795,1.255784173025396,78.5026332964762,53.135116404489814,0.8707896404566808,bearing_wear
2026-01-31 00:00:00,MTR-002,32.64711356563468,34.59140180993695,33.817348622979395,5.7719210960290495,414.3987181589125,1481.900983074322,1.4204648082844267,77.5373981141406,55.314406889397034,0.8635891873346164,bearing_wear
2026-01-31 04:00:00,MTR-002,32.71815457440725,34.31560616109785,32.4265482491355,5.697924924767937,413.69321514725453,1477.905400976167,1.4483747785961825,76.84716084733031,59.62113939955137,0.8765905434391342,bearing_wear
2026-01-31 08:00:00,MTR-002,33.63318371471744,33.33289290364387,33.781607838099774,1.3361545832345842,410.8296892213177,1485.0360240201178,1.347377055195384,80.94206938163421,58.55939020333673,0.8802689461825791,bearing_wear
2026-01-31 12:00:00,MTR-002,34.27664611423681,33.80005629107312,33.96120424028765,1.4012140355417264,410.3110649862534,1474.2650783480447,1.5029508757643653,76.60100955966472,57.8324805826091,0.8759957754124535,bearing_wear
2026-01-31 16:00:00,MTR-002,32.339285961730525,33.528412970844556,33.389149520398526,3.5940905669922265,416.8574794541863,1483.9335024934078,1.4083963775973323,75.92586785286001,59.3997786485114,0.8861878763966087,bearing_wear
2026-01-31 20:00:00,MTR-002,33.697940871303906,34.804258608663595,33.68857910418702,3.2752842867063814,412.79779227316607,1479.3270430873656,1.4655057480834892,79.33073787006566,61.6870140503825,0.8741582662945534,bearing_wear
2026-02-01 00:00:00,MTR-002,33.68191240672725,33.27660775149343,34.924917986868515,4.853517702340713,416.26543328614457,1482.5787546170307,1.4502443857284286,76.40772639362702,58.1207491970624,0.8578310328965983,bearing_wear
2026-02-01 04:00:00,MTR-002,34.83917305705044,34.54019060336408,34.4019115292135,1.2639896562399484,411.4590052555031,1480.2394044521761,1.3656897912743844,76.09987300506775,58.85105134023613,0.8836337651353834,bearing_wear
2026-02-01 08:00:00,MTR-002,33.76727570492022,34.53974100593241,33.44115235753146,3.239140296458612,415.7242509710843,1483.4186666080764,1.6302430591283406,75.11279147566047,59.24901704798643,0.86394843764394,bearing_wear
2026-02-01 12:00:00,MTR-002,34.23149556411007,35.10590376637061,33.03434005748898,6.070709713246512,420.21311214926425,1478.8379141063415,1.724307543315804,77.03418032107896,63.80156087693901,0.8791041849968557,bearing_wear
2026-02-01 16:00:00,MTR-002,34.08538209356398,33.75236721512172,33.80233619913365,0.9829238438115151,417.3446632015711,1476.7041387244665,1.7422533933254476,77.83456995220702,54.97412849251099,0.8857373421655511,bearing_wear
2026-02-01 20:00:00,MTR-002,32.71219092776098,34.4305591720129,33.870977235592626,5.103370471263538,413.3503447271341,1484.2615128618131,1.8168764854206918,78.4861834553214,60.69674256153438,0.874566880107304,bearing_wear
2026-02-02 00:00:00,MTR-002,34.46433858427518,35.37913177675237,34.2999248421396,3.108810498757226,416.0287958814237,1479.6595580623537,1.7717597891260797,79.90261248859896,59.2600796349756,0.8550384118683535,bearing_wear
2026-02-02 04:00:00,MTR-002,34.1301952210758,33.62666991972008,33.67643078707022,1.4892308193765165,414.0373393018792,1480.6646754208725,1.672770966597699,79.05379584733159,60.78452413235146,0.8608178783349021,bearing_wear
2026-02-02 08:00:00,MTR-002,34.30722015553664,33.07215345038044,34.30917307666317,3.6494364408926248,415.0315207387789,1483.7042557421344,1.9085462843463255,77.61825556089364,58.499418735728625,0.8832274446688514,bearing_wear
2026-02-02 12:00:00,MTR-002,36.37319256922373,32.86363837950464,35.16969310865863,10.084295655097371,413.697555791406,1476.9041342737166,1.609227913142215,77.60360864724056,59.88128199711131,0.8683087731435718,bearing_wear
2026-02-02 16:00:00,MTR-002,32.740269512125295,34.43079482633396,34.4929250624552,5.171906672140117,414.3426591764584,1481.7864726929179,1.7083517812609836,79.02031493783036,61.56892564241021,0.8707957353494217,bearing_wear
2026-02-02 20:00:00,MTR-002,35.04248330830005,32.86174031868459,33.97093316890229,6.421809962907968,415.8483734122967,1478.2303157306114,1.729753831833762,80.54514032585713,66.54064136143631,0.877588244161636,bearing_wear
2026-02-03 00:00:00,MTR-002,33.826253943829116,33.77495381689086,33.88929571527445,0.3379879726696938,411.0265652016722,1479.6034919330668,2.0676544376322346,78.2526283989664,62.101414353865984,0.8769632286208032,bearing_wear
2026-02-03 04:00:00,MTR-002,34.173674359994706,34.26433152638799,33.78441090556239,1.4084600106913707,410.9364846920401,1480.216836896153,2.078653859711058,77.06173829157918,58.96151743624833,0.8727879981238547,bearing_wear
2026-02-03 08:00:00,MTR-002,33.97249037617347,34.11192832448386,34.713631840415516,2.162905211745993,409.44582978467514,1475.4993344156592,2.0422449315296376,76.01426799782891,59.98420325035217,0.8679133162877953,bearing_wear
2026-02-03 12:00:00,MTR-002,33.74357270514607,34.25715778457354,33.62082387266943,1.8785401853869566,408.5989155819852,1477.6634888715387,2.1621729419008457,75.10958947117555,60.10071794024543,0.8668733155426764,bearing_wear
2026-02-03 16:00:00,MTR-002,33.65556765226457,34.13436186839518,34.02733461521777,1.4107456732238857,410.1308692311181,1484.0532186772393,1.90204295315562,79.33253934408705,57.59381567574407,0.8785789882529135,bearing_wear
2026-02-03 20:00:00,MTR-002,34.19916972461302,34.7730033360472,34.030946287359235,2.1612657559838357,415.63785002721653,1482.6585735657543,2.1190910702629786,79.15595704727912,60.70419308359985,0.8755356953106779,bearing_wear
2026-02-04 00:00:00,MTR-002,33.082952787789566,33.42437765430899,33.69669933234503,1.8374906057280944,411.42884993803244,1479.8120812680183,2.0812036115601833,79.15472705021332,63.01100239537617,0.8674269999938221,bearing_wear
2026-02-04 04:00:00,MTR-002,34.45368340792427,33.590794049642845,33.17042082439006,3.803578145065333,417.0544578569244,1480.7293703755388,2.260498708323656,77.7426811072959,59.17953426770597,0.8808211231299314,bearing_wear
2026-02-04 08:00:00,MTR-002,33.748433604158244,33.53297029085852,34.1952201444089,1.9578396300208436,415.13885499501026,1479.1172724830906,2.1499751992144183,80.8138694917835,64.0092862153589,0.8687096588487021,bearing_wear
2026-02-04 12:00:00,MTR-002,33.31693586618005,34.50180482850362,33.96312648812297,3.492377360877466,407.1259831462478,1484.069750157484,2.143612923528015,77.03176301083036,63.073846133747914,0.8614833782566561,bearing_wear
2026-02-04 16:00:00,MTR-002,33.72799222805586,34.544240924541015,34.302367572637216,2.387283081915085,417.61990233688675,1479.3989422666175,2.3168865680214457,79.91053847441441,60.81744403007955,0.8624102930109665,bearing_wear
2026-02-04 20:00:00,MTR-002,34.75987685997027,34.272740637454746,33.67746825921899,3.1615452156739963,418.2431945823668,1480.6955262764045,2.4018694083154895,77.9225142100209,62.19208999752506,0.8602125916369023,bearing_wear
2026-02-05 00:00:00,MTR-002,33.67641968073686,34.7153561719868,34.737918651727,3.087856439672649,411.02454930066057,1483.4380904324262,2.205181271781143,76.78329847064133,65.86264207532659,0.8672758998339631,bearing_wear
2026-02-05 04:00:00,MTR-002,34.21666529811782,33.28793974238583,33.47003895891195,2.7592834763666856,416.68076617158,1477.6678855454622,2.331553521712679,79.18506061463552,64.32554038564192,0.8823372427833619,bearing_wear
2026-02-05 08:00:00,MTR-002,33.55817754001198,35.00774435187091,35.0348332383397,4.275998847126972,411.5740070503632,1484.6763675534908,2.217520992301256,78.81927223736798,63.07004233169178,0.8619490481896949,bearing_wear
2026-02-05 12:00:00,MTR-002,34.45812165150939,34.92071312245719,32.94365082072603,5.796562574415338,415.39068150699336,1475.4086157707698,2.0374381916220274,78.71394551853385,62.77270978923785,0.871884757610181,bearing_wear
2026-02-05 16:00:00,MTR-002,34.414351344335415,34.44464262944632,34.26279435013217,0.5290296520351815,409.9420063721801,1484.8889263933384,2.4783622924849573,78.1625568441124,63.59845458330095,0.8634331065437258,bearing_wear
2026-02-05 20:00:00,MTR-002,35.11738133923694,35.07699845152384,34.28737143477165,2.3832197337704875,407.8275741898617,1478.881973248144,2.5760586600434183,77.92421383656634,62.620415738325704,0.8673969095872857,bearing_wear
2026-02-06 00:00:00,MTR-002,33.893881348498255,32.99866330558143,33.51912995004462,2.6746433015271722,413.46873124154814,1479.2719037565241,2.5607437027119553,82.77674398574088,59.63468470501077,0.8548995878801475,bearing_wear
2026-02-06 04:00:00,MTR-002,34.404164681987,33.6830002376368,34.25652255799599,2.1139489756255943,414.50508421490065,1474.329969486451,2.2659894249011536,80.36851329039234,68.13030318051115,0.8677946177084346,bearing_wear
2026-02-06 08:00:00,MTR-002,34.05927637945465,33.55554990821002,34.773397951499476,3.5683245383123547,413.4092812255416,1478.635615847867,2.5430633543830634,79.44565378997102,64.55987237418717,0.8680629462019503,bearing_wear
2026-02-06 12:00:00,MTR-002,34.78328249925942,34.43609416902666,32.660056168212655,6.252173589700563,410.26387776710976,1476.8805804069193,2.3004807312836055,78.22359831640678,65.25029214092471,0.875402879440357,bearing_wear
2026-02-06 16:00:00,MTR-002,33.565505756823164,33.3652482640627,34.30388130586111,2.7815570395513154,413.40040375147544,1478.1770609638795,2.8765032274784867,80.01431440119333,64.54444665295723,0.8722328091325537,bearing_wear
2026-02-06 20:00:00,MTR-002,34.45031432245027,34.457863734710656,32.49295630415604,5.813270560326792,416.07717901032294,1479.5880671026334,2.5462261222944784,79.03598955278291,63.39777172370823,0.8580160787504796,bearing_wear
2026-02-07 00:00:00,MTR-002,33.882316301013915,34.82841295814912,33.41630927431486,4.148079795845731,414.82042787950985,1482.8733748434188,2.935800265660135,78.05240950554807,64.70536771578146,0.8808419824404354,bearing_wear
2026-02-07 04:00:00,MTR-002,33.96120181294775,34.42021153071744,34.98474055834013,2.9706205757526662,415.73000412239685,1480.6228100542019,2.9279928759319107,77.39287134946817,62.08909645404386,0.8721030304022199,bearing_wear
2026-02-07 08:00:00,MTR-002,34.055459279488794,34.17151172985762,33.64834508203858,1.5406086613259995,412.31953919818307,1480.9230299602034,2.6899120349891623,77.83816532467462,70.0541762026679,0.8719839351717749,bearing_wear
2026-02-07 12:00:00,MTR-002,34.15246530628457,33.40288544727777,33.290454777068355,2.5643422391654807,419.6868716588646,1476.7134418334633,2.6942346572343263,71.65914852824389,63.244534548197876,0.8699081764661486,bearing_wear
2026-02-07 16:00:00,MTR-002,33.92974600060184,33.488125638253116,33.88035763936926,1.307881782817074,410.29530665378087,1477.3577377311917,2.95612163433402,78.42120167859528,63.86460980617511,0.8648224255277778,bearing_wear
2026-02-07 20:00:00,MTR-002,34.129782190716405,34.75532520497932,35.249934497734415,3.2270183599609625,416.95024118834687,1485.3961750550538,2.8165913594062006,77.02304783977928,65.26442685477444,0.8721780233974873,bearing_wear
2026-02-08 00:00:00,MTR-002,34.953884692570924,34.47107317569389,32.8928498416888,6.043038539463224,419.72756437183983,1477.7943968957102,2.998544990619825,81.18533999656577,68.93890941859254,0.8747558843592859,bearing_wear
2026-02-08 04:00:00,MTR-002,34.59564958774964,33.97641486828735,33.364541564520216,3.6231577780247597,416.92363237099556,1484.968624756172,2.9509372889440266,78.03868814162351,66.61098942160747,0.8525310430865445,bearing_wear
2026-02-08 08:00:00,MTR-002,34.52535566479813,33.74739689678151,34.90511426183302,3.3661793968843905,414.1899030917407,1479.2708164033575,2.796631972036981,75.62207316093007,64.3303051399763,0.864612391626539,bearing_wear
2026-02-08 12:00:00,MTR-002,33.72465166427001,32.77551168558601,35.122877860982804,6.92962781105914,412.88681181334806,1480.0068638084306,2.7699334114407894,77.90023969174376,69.53324189047537,0.8674505302959641,bearing_wear
2026-02-08 16:00:00,MTR-002,33.46250332160421,33.35272920470629,33.93748157109565,1.74115120856406,419.14435060418504,1483.21109548069,3.1794561349573494,75.907757829875,68.70992942275183,0.8725617060569428,bearing_wear
2026-02-08 20:00:00,MTR-002,34.57742611520148,35.155346648226676,33.251061477583896,5.547332310970865,409.3081002989533,1483.815677265816,3.1024201810016248,78.94681483142493,68.54952723962137,0.8819331100592712,bearing_wear
2026-02-09 00:00:00,MTR-002,34.52952161681801,33.22603574374962,35.266820961093536,5.942743461926547,411.1195029584814,1479.6675623191627,3.145139664142313,78.58189472867898,69.13021286422949,0.8622825918540322,bearing_wear
2026-02-09 04:00:00,MTR-002,34.89014760845393,34.11453002527141,34.96375184567952,2.4504221848700736,413.4097689380331,1478.8352708394355,3.374179468405984,79.91567926221653,72.7149050332117,0.8650203815318216,bearing_wear
2026-02-09 08:00:00,MTR-002,33.63492726608082,34.608943912686875,34.41038573482517,2.846496606836027,419.95061503004797,1479.8322386544335,3.4877589920162237,76.41823641661087,72.5251497020069,0.8648746588935345,bearing_wear
2026-02-09 12:00:00,MTR-002,33.86125059053774,33.241468965118614,33.50894791353116,1.848041010578436,416.5190705441636,1481.0138725846964,3.3130482679376625,78.0680161924563,67.01164191113124,0.8619847240989545,bearing_wear
2026-02-09 16:00:00,MTR-002,33.00902290620685,34.11164722031212,33.97036448731568,3.2721724087124113,411.127816965959,1482.6739110606093,3.3452706536966947,75.26995640914673,71.86428158416689,0.8665281350488774,bearing_wear
2026-02-09 20:00:00,MTR-002,33.76277302033654,34.56691783600644,33.90307123990179,2.359746912382714,413.7587691784604,1480.0126895769824,3.514054170690259,79.40298956384943,69.61560573800786,0.8777080221998798,bearing_wear
2026-02-10 00:00:00,MTR-002,34.60237150861691,34.00755514568616,34.19998123301208,1.735678132061062,412.54270742361484,1481.8566588940694,3.278405046504786,79.03774236088024,70.08153007932853,0.8594616450463566,bearing_wear
2026-02-10 04:00:00,MTR-002,33.71802945966651,35.733790291425244,34.87704975815939,5.796365400796343,412.16084403106584,1484.9150791968127,3.558570077270005,78.99161004205514,65.93416989521072,0.874278143951529,bearing_wear
2026-02-10 08:00:00,MTR-002,34.387134453988054,32.991424447966956,34.53155874486527,4.533801939771491,418.9155582342271,1481.1439288367944,3.6512695055459305,78.00323806271388,69.21460997707419,0.8529809776998166,bearing_wear
2026-02-10 12:00:00,MTR-002,33.88485145593021,34.63994257806314,33.348786015689214,3.8022318301101596,409.513027482946,1480.9349585680143,3.7141470896583684,78.82954578157758,68.16769404693991,0.864386620035578,bearing_wear
2026-02-10 16:00:00,MTR-002,34.1958744703917,33.895550949840356,34.83201563201181,2.7295959188619787,421.4351234229375,1475.44326752473,3.365460784799689,81.20867821661719,71.68870139437786,0.8667051069978201,bearing_wear
2026-02-10 20:00:00,MTR-002,33.306284315489194,34.46658284914572,34.189270982407955,3.4139099711205323,418.3129187607385,1472.1078095895127,3.5858654602843836,77.42981148591598,72.41526327765501,0.8867485967291406,bearing_wear
2026-02-11 00:00:00,MTR-002,34.05150437844538,34.26674565613821,34.41529310327472,1.0623270074736124,419.3634466824148,1481.1651271876906,3.6126570177183357,78.27729036742016,66.36591732874113,0.8672519769524731,bearing_wear
2026-02-11 04:00:00,MTR-002,32.19202447981112,33.55684780974685,34.88644247494173,8.032224079894572,413.14824195189897,1479.7155273061574,3.8039387828394386,75.82774740163718,70.71387067023541,0.8479875652654908,bearing_wear
2026-02-11 08:00:00,MTR-002,33.88703165551098,34.13841559721987,33.32811149362736,2.398447909324021,414.40023712368355,1478.4556519752557,3.905856943514803,76.26347807680334,73.24596986349545,0.8500111109313875,bearing_wear
2026-02-11 12:00:00,MTR-002,33.01446950602107,32.87700178937703,33.97834542798187,3.3083378183881518,409.2673927419012,1480.7305906125591,4.103270439417457,78.19562658618662,70.87444504792163,0.8703402958634668,bearing_wear
2026-02-11 16:00:00,MTR-002,34.728956685557186,34.364629600345374,33.67876524895621,3.0655855030565315,412.9013503717328,1479.8187888124094,3.849765622813731,80.20786709340382,72.95272971656259,0.8761377085578991,bearing_wear
2026-02-11 20:00:00,MTR-002,34.46989955544877,34.180220228332054,33.05231608066799,4.1815620129398745,416.9746193905726,1483.3833407519016,3.8948479388918527,77.48743835149685,72.44496991873544,0.8737545585762725,bearing_wear
2026-02-12 00:00:00,MTR-002,34.28207668243283,34.38603459082427,34.20956691979675,0.514594635474886,420.1842522471256,1480.258332604777,4.187633661836275,77.52816694137576,72.67522696756596,0.8716757010580098,bearing_wear
2026-02-12 04:00:00,MTR-002,34.919363763971894,34.63957374316379,35.51809640451325,2.5082245719501715,410.57137273279017,1477.7592301447894,4.105593012737706,77.18622951099125,71.69976898181702,0.8816225959750567,bearing_wear
2026-02-12 08:00:00,MTR-002,33.426432680745876,34.22220577008231,32.88777522998763,3.98193199231647,413.5379762520589,1482.970498716878,4.297401286358783,76.93048665831135,70.06094871725905,0.8646040877926287,bearing_wear
2026-02-12 12:00:00,MTR-002,35.05618397740674,34.08951182707807,33.98048816398788,3.129260985011483,414.39480311906993,1479.3486067751614,4.196932245605036,78.58994291141764,70.50397449689663,0.8789491055602683,bearing_wear
2026-02-12 16:00:00,MTR-002,34.56345801217517,33.46744313872917,34.38717261853409,3.210414431089543,409.41684319123004,1481.579610051017,4.026646373975341,75.00548470964272,74.41987157499608,0.8536798511497358,bearing_wear
2026-02-12 20:00:00,MTR-002,33.85701547083655,33.56950211619435,34.07439393522329,1.4922776893040308,417.3653969670336,1478.5677678814216,4.047055724814266,80.56187915333345,73.29541639120652,0.8609505216706194,bearing_wear
2026-02-13 00:00:00,MTR-002,34.68641928896391,34.71731514819608,33.93162037714604,2.281004712652128,412.10403867302955,1478.0505193435076,4.061328509710677,76.66915540374107,73.23600467661927,0.8519295860506818,bearing_wear
2026-02-13 04:00:00,MTR-002,33.331307032497854,34.868184956337835,33.214695886983854,4.891295105706487,414.2184385952919,1480.252504690557,4.4406117316468485,79.44380697087628,72.92296876862663,0.8672515469933021,bearing_wear
2026-02-13 08:00:00,MTR-002,33.50162699569883,33.856075469606935,34.1407066535105,1.8889349991591002,413.1922025123525,1480.0384859306312,4.567059326154302,75.46000280521224,73.4192757782635,0.8695373878273366,bearing_wear
2026-02-13 12:00:00,MTR-002,33.63214132284178,34.02780610500643,33.54257821833704,1.4383866911556926,411.8426459771213,1481.4394811061004,4.713856217336534,79.33768026109243,76.38356120422307,0.8711410149222651,bearing_wear
2026-02-13 16:00:00,MTR-002,33.68026236312575,33.45321086667043,32.67631399165741,3.017584946576902,414.97182005807775,1479.1940627400709,4.610815060283374,79.34388921562899,73.88050780227243,0.8706188335288714,bearing_wear
2026-02-13 20:00:00,MTR-002,33.361369602598245,34.7088663598061,34.722064631066075,3.9711973190945336,414.1375616857279,1474.4909206486889,4.706886719035652,78.7684041440118,72.1312938410627,0.8607244666918827,bearing_wear
2026-02-14 00:00:00,MTR-002,34.73928576499984,34.402207502320366,34.579290984437854,0.9749586790472893,413.51256847088536,1478.7016783492347,4.493783511752078,76.01114295640042,76.56431788735378,0.8680975915558679,bearing_wear
2026-02-14 04:00:00,MTR-002,33.84353689577646,35.1733580949292,34.03122619045221,3.871456899679685,412.08615351327865,1482.3814554014314,4.455861037800613,78.49909637919616,74.93201072851889,0.8550255333139425,bearing_wear
2026-02-14 08:00:00,MTR-002,34.21306966976238,33.469102495571356,34.13846292264878,2.1919933230081616,416.2780986831318,1479.1078717622706,4.8055842526574,75.63388763053122,75.67045910994611,0.8836322897513225,bearing_wear
2026-02-14 12:00:00,MTR-002,33.655254285189955,33.771515225482325,34.649365554352514,2.9216758702588645,421.61446907396913,1479.2608497924564,4.789683988332197,77.49447348980763,79.08987593368786,0.86696373927102,bearing_wear
2026-02-14 16:00:00,MTR-002,32.89954644944623,34.1398962020599,34.13560085920808,3.677833118447804,415.5595489313565,1482.9591295177179,4.79231773270468,80.05882620191065,76.10179384831832,0.865111138809563,bearing_wear
2026-02-14 20:00:00,MTR-002,34.163234669961035,34.3907670094698,34.54642838865573,1.1150110191828515,418.98447285964454,1477.8640803182232,4.883684787687432,79.59340385414148,76.99061679492372,0.8858894032844409,bearing_wear
2026-02-15 00:00:00,MTR-002,32.84414810374627,33.869640894637875,33.820188536360696,3.06013792363042,409.4391122993861,1475.3715903452712,4.923642785855014,78.03036588508087,74.32487100005581,0.8575775346645077,bearing_wear
2026-02-15 04:00:00,MTR-002,33.958514532143894,33.472343518659095,34.793021281982476,3.875839300787945,415.63104575717506,1479.5181066414236,5.1175304310985945,76.05038684815432,76.5149769250466,0.8587441288596803,bearing_wear
2026-02-15 08:00:00,MTR-002,33.17292957652772,34.53276188414936,34.19389714989709,4.003447882851983,410.61052672411574,1478.5474781462538,5.169204861887889,79.29117542434838,78.44609040404636,0.8590377967513143,bearing_wear
2026-02-15 12:00:00,MTR-002,35.20119793731284,34.43588626358311,34.11729361924622,3.1340489167952983,409.0923002898724,1477.1012610407402,5.106794535704685,78.03876247539606,74.39013334788278,0.8693212861830052,bearing_wear
2026-02-15 16:00:00,MTR-002,34.55086813429227,33.44616321032593,33.23231863082295,3.907610304094243,412.0425143701639,1479.473864632304,5.2024408726506675,73.35936880353916,78.17752895950176,0.874316316296376,bearing_wear
2026-02-15 20:00:00,MTR-002,34.06392229161298,34.81928987089043,34.17344887193348,2.1988901203340085,419.7675973376543,1481.4745169417404,5.203292457486424,79.56525965263303,78.25348982504984,0.8773967546811783,bearing_wear
2026-02-16 00:00:00,MTR-002,34.76384048071571,34.70732010866995,33.49712947209224,3.6905857362509447,418.8000633146786,1479.9721343152964,5.1078231052730185,77.95153433226062,78.41165799341967,0.8957199531749497,bearing_wear
2026-02-16 04:00:00,MTR-002,33.488449009176264,34.08117477166978,33.614193551965,1.7573731989492087,415.9720188882176,1480.9209432180587,5.341500807762886,80.40490249596614,80.68167837836694,0.8475056754579924,bearing_wear
2026-02-16 08:00:00,MTR-002,34.32850309110726,34.04811248570285,33.50715073132892,2.4184982246167426,408.8691977604403,1485.4402230955463,5.070060641576061,75.8094589623144,79.5556128582695,0.8760873558912442,bearing_wear
2026-02-16 12:00:00,MTR-002,34.12077430660331,34.334897141652284,33.35552021894091,2.885862271152245,414.21487739444825,1478.9713634153272,5.488737896357967,71.646592373608,82.1233483249688,0.8644286942742777,bearing_wear
2026-02-16 16:00:00,MTR-002,34.159585471383906,33.47914836642288,35.28430627026803,5.261672902247062,416.20680003560693,1480.835045903934,5.203094671862576,78.55816771669038,77.46158340241638,0.8641358485111122,bearing_wear
2026-02-16 20:00:00,MTR-002,34.76906700450898,34.01815236073918,34.80472049969077,2.2778841866763924,415.7021449183144,1478.4723599122026,5.4769614733420795,78.58312735336395,80.00325448165233,0.8638022787174612,bearing_wear
2026-02-17 00:00:00,MTR-002,34.44275078212468,32.69900372414734,35.16075546796275,7.2190362028324015,407.624825666077,1477.460920840339,5.3593339115405065,74.6186567447871,80.18406269262223,0.8609123032919203,bearing_wear
2026-02-17 04:00:00,MTR-002,34.174517413974236,34.529768745726216,33.26082789929086,3.7334558730583627,411.4387286079205,1478.2452770397467,5.621328783198946,76.04300090826679,78.16142066196866,0.8868452483460345,bearing_wear
2026-02-17 08:00:00,MTR-002,32.999712482990894,33.05616409665736,34.04306893327947,3.1269753490674734,414.7436889434051,1478.563724285435,5.585641744197169,83.5104354874398,82.49839288465373,0.8784229732701391,bearing_wear
2026-02-17 12:00:00,MTR-002,33.419705350408854,34.908733762961525,33.21814650209886,4.994517296517921,417.14516363806877,1481.0784273926413,5.40412315342805,77.38877877169239,85.52209141435591,0.8702319597855738,bearing_wear
2026-02-17 16:00:00,MTR-002,33.925829266804364,33.8004607432025,33.57949109644977,1.0256221310528502,406.2154887156002,1487.0472273601022,5.759242710575797,79.46191795275243,81.12673930152157,0.88351015752487,bearing_wear
2026-02-17 20:00:00,MTR-002,34.05643841289611,33.87205906869938,33.44504324557931,1.8093335684966332,414.35150409808057,1477.8518696911724,5.662445348893056,76.69868034526323,82.45986107882733,0.8548747103470112,bearing_wear
2026-02-18 00:00:00,MTR-002,33.316854637530426,33.62056972787781,34.74925966611579,4.225936883165457,415.57219507951584,1478.7501240831537,5.9344949426662,73.8193942022937,81.90898023096263,0.8566929486866908,bearing_wear
2026-02-18 04:00:00,MTR-002,35.457724568349626,33.82589650287377,33.76050117234738,4.941252423860998,418.39844795406486,1479.8106309606662,5.855904323262236,77.6594835064082,80.6039514053788,0.8482203226780531,bearing_wear
2026-02-18 08:00:00,MTR-002,34.9165759622866,34.857423390845035,34.6457759528106,0.7780135764970976,417.7714303369497,1481.1873965461293,5.968593523704147,77.46879087942779,78.68182694928292,0.8630058545987671,bearing_wear
2026-02-18 12:00:00,MTR-002,34.36394707365945,32.49625787871658,34.36515751548462,5.538828188522683,417.3302852752352,1480.7906524358643,5.8194116208458,77.20024352266326,81.20507283798064,0.8716169852670476,bearing_wear
2026-02-18 16:00:00,MTR-002,34.043542280598174,34.77185463336886,35.392421645716674,3.88323846644754,411.8002379731923,1483.8522873818445,5.928604718901989,77.77071832898721,80.1270171669116,0.8710285857793233,bearing_wear
2026-02-18 20:00:00,MTR-002,33.87173146708197,34.204316415243696,33.10575815845777,3.2571812061047756,407.3679914515068,1472.7208237883945,6.002356675298332,78.52853654329127,86.61449036001002,0.8714934191105989,bearing_wear
2026-02-19 00:00:00,MTR-002,33.42461817527545,33.270422470628525,34.76113653604891,4.407954567656095,413.4277889717544,1472.839210389413,6.253995420769913,77.69976609749239,83.27245360524552,0.8558894316893392,bearing_wear
2026-02-19 04:00:00,MTR-002,34.046832668971405,33.350033397979125,34.69295981499777,3.9463082792546054,419.00652730083425,1478.5123654839695,6.4316231911468655,75.47198766410527,83.1082520399568,0.8780315474261402,bearing_wear
2026-02-19 08:00:00,MTR-002,34.155797090930726,35.0132864520014,33.41164656901477,4.684037288208283,420.5738181100977,1483.291900562631,6.113955792815881,78.97236958312388,85.87684340727004,0.8723962751823899,bearing_wear
2026-02-19 12:00:00,MTR-002,33.249424718819995,33.428493619234615,34.608756150046,4.026190329861311,417.84219640919116,1475.303055905183,6.451161407091449,74.10125648935515,82.1545024418853,0.8773305428146599,bearing_wear
2026-02-19 16:00:00,MTR-002,34.201991078868026,33.30286369137311,34.20318095542919,2.6555933097098774,416.71736329120694,1470.9771029809187,6.019272265223802,73.8992850854316,83.16476580335085,0.8510723782240994,bearing_wear
2026-02-19 20:00:00,MTR-002,33.90615453048815,34.687443456718235,33.86250323842816,2.4154936848709805,416.51855859354384,1481.7135382186577,6.220871589836157,79.47836098940314,85.13614453849723,0.8731149085879779,bearing_wear
2026-01-01 00:00:00,MTR-003,39.15536694050309,39.98187084189497,39.207764367478696,2.095155400846983,414.11360122245986,1476.1315582383709,1.0420211349767805,78.2793033484318,58.45138758562954,0.8616640171703359,normal
2026-01-01 04:00:00,MTR-003,39.71745902040792,39.84557595936935,39.55133807378646,0.7410639321853475,409.23607346190033,1480.175348442117,0.9082504404050062,78.13004926237755,55.24368892826491,0.8632011146026382,normal
2026-01-01 08:00:00,MTR-003,40.3799928168081,40.041507762359394,39.330090536124985,2.630200411297181,418.83526522587067,1482.7378609676214,0.963365245935216,79.62656081212918,56.50683494684218,0.862040296261495,normal
2026-01-01 12:00:00,MTR-003,40.06477767555976,39.57058920445372,39.61031408445075,1.243286466500987,419.5107451780657,1481.2651507990092,0.8300717082080666,76.3122922451502,55.19965263019954,0.8719188954502165,normal
2026-01-01 16:00:00,MTR-003,39.394460458823595,39.75594245202273,39.847715334605375,1.1426774199408942,407.21063010343676,1479.8210370640234,0.8449194098682378,74.51265479520693,53.66533323756704,0.868394403904982,normal
2026-01-01 20:00:00,MTR-003,40.00446091106448,38.51676982122311,40.59530985694676,5.234890197721655,418.9138312226662,1474.8950024251378,0.9431345857750992,78.31364603219639,50.51616813098217,0.8644471389739896,normal
2026-01-02 00:00:00,MTR-003,38.91090822027119,40.69242754193946,39.771620239142614,4.477118270053413,411.75788548071347,1477.570825492698,0.7253924051391262,78.56246098443721,55.410911374072604,0.8742796262655264,normal
2026-01-02 04:00:00,MTR-003,40.81796792597212,40.21247842156214,38.87244394185274,4.867749174579125,418.42790214793115,1480.5634010141275,0.8463014348379997,80.9791988188953,53.44878679079522,0.8872307471764624,normal
2026-01-02 08:00:00,MTR-003,39.85402025280266,39.44998695535401,40.81071491306322,3.398570800511784,414.72621402933436,1477.638477790039,0.7710579729182319,75.45927590734983,53.399329187669395,0.8863925651674175,normal
2026-01-02 12:00:00,MTR-003,40.795413293692675,41.35021154229706,39.40473590498486,4.801653303501172,415.115102256324,1480.6100783799964,0.7664146784113479,80.30938753343344,54.002025488041774,0.8507722822793766,normal
2026-01-02 16:00:00,MTR-003,39.62557746695393,40.06187838605681,39.958243251836706,1.09398228862505,414.2596094023151,1482.0452302264455,0.5835242639061538,82.73482872805424,58.489722813246985,0.8757707218383514,normal
2026-01-02 20:00:00,MTR-003,39.6276792971331,39.26318679326208,40.31753707160228,2.65337908328677,419.84851681693397,1482.8875086574003,1.100898988422,77.24447022495505,59.809675084507944,0.8682197670993617,normal
2026-01-03 00:00:00,MTR-003,39.45657828505753,40.60923549971233,40.141945186419754,2.8766625994526382,410.04164794989987,1476.321461926562,0.7970191870269348,75.41811556101355,55.4344158750568,0.8715515534286535,normal
2026-01-03 04:00:00,MTR-003,40.62305701809285,40.2830565095177,40.77808323379305,1.220437996347189,417.43136135494,1486.589938164937,1.0745064082745326,77.18605126725326,54.07046555217654,0.8660171696645745,normal
2026-01-03 08:00:00,MTR-003,39.495515621455304,40.28059021189989,40.34062445752374,2.1107188832610286,419.4053206595582,1482.3024380336624,1.060318848209144,78.02800993474276,52.64554716509758,0.871175886298872,normal
2026-01-03 12:00:00,MTR-003,40.4583789741619,39.69724045891442,39.38751318777094,2.687395995688198,417.8653603221616,1479.9948575389928,0.707100044022526,79.12757575001383,55.93708032309214,0.8715140739607202,normal
2026-01-03 16:00:00,MTR-003,39.72803385054628,40.320352514686604,41.549199768171846,4.493097212376146,424.2987956572937,1483.2686097492299,0.7367383146490731,76.8172105403239,58.56581120013029,0.8642104824265108,normal
2026-01-03 20:00:00,MTR-003,38.59487054229929,39.81386077139833,40.13819268504052,3.905598114273281,412.8842129491012,1487.0962233159999,1.2840754439033526,81.11039706829469,54.505319225949684,0.8610363245217482,normal
2026-01-04 00:00:00,MTR-003,39.59444332957407,40.3953361433926,39.895224727735815,2.004152610641112,418.8292192903741,1475.6838396968294,1.1626388912890715,75.77093536998387,50.24200791849355,0.8655130431738052,normal
2026-01-04 04:00:00,MTR-003,39.161523047564195,38.64537283270354,40.685458078617295,5.165106045462549,414.57563745863433,1479.324212072526,0.8952722230007844,74.5215896956544,56.340099343631046,0.8723425926445677,normal
2026-01-04 08:00:00,MTR-003,40.02410860350744,39.69146775965924,40.17738733932805,1.2158834797209175,419.93362430541066,1472.86470502038,0.9386059659626025,80.21342084857463,56.9707994229001,0.8759899634168427,normal
2026-01-04 12:00:00,MTR-003,39.153487832409255,41.22464362510805,40.28389560386797,5.149480353860928,414.96924401711453,1480.577954597944,0.8053730395579217,73.4507579375876,51.8283087192283,0.8785334897734015,normal
2026-01-04 16:00:00,MTR-003,40.658471182730395,39.45452980949312,41.772219732338264,5.704604485434787,413.4484968725501,1481.0961827257754,0.964852907130051,77.59174046225456,55.35296836732591,0.8650580997693309,normal
2026-01-04 20:00:00,MTR-003,39.93523494374896,39.57060387733818,39.80435809546308,0.916848037722583,420.2242888154865,1479.8825136536718,0.7924227148916293,84.23536225841609,55.902452032272194,0.8728384456730274,normal
2026-01-05 00:00:00,MTR-003,39.87370951483823,39.68144971488002,39.77403669758763,0.4833514509106503,413.03375224392425,1478.036399287005,0.5951469353552423,77.97591289408014,54.85378539598212,0.879625025919533,normal
2026-01-05 04:00:00,MTR-003,40.46641218687117,39.13613785892363,40.082900275208864,3.334426175561837,409.3490969643978,1473.851456451435,0.7017666320233424,75.7584646986075,53.41845816182929,0.8816559489514413,normal
2026-01-05 08:00:00,MTR-003,40.68544493089839,38.42966700357102,40.761966887524295,5.836728522764199,412.9326124673047,1481.1206010502353,0.9031639121775881,77.88520507242642,57.03187444712711,0.8694116714586848,normal
2026-01-05 12:00:00,MTR-003,39.985707554297136,39.83602744993876,38.9286869118646,2.67035845105293,417.47613178635413,1484.366303451746,0.7303399146746119,77.89839842276093,54.19324050806264,0.8677906827506039,normal
2026-01-05 16:00:00,MTR-003,39.45159089809828,40.09661114601362,38.60227136606115,3.7943304080501528,420.5681550063484,1478.2269446327998,0.8899083802629698,78.32129988070623,52.029627674600135,0.8719112423383639,normal
2026-01-05 20:00:00,MTR-003,38.738510495209155,39.96266306237251,39.582495807559006,3.1047884472988656,415.44451750118606,1481.3201797870695,0.7388008440850706,79.32452596431924,50.90105102866064,0.8585029252710259,normal
2026-01-06 00:00:00,MTR-003,39.512142394997205,39.89697524483706,38.838099229113396,2.686429441034215,420.2727882689361,1475.2955670597398,0.782646911624701,75.92177766326452,57.52169903999862,0.8680639048896449,normal
2026-01-06 04:00:00,MTR-003,39.56109351349478,40.03060684149361,39.69789770842621,1.1807735182808594,409.5673003140896,1481.3716391910775,1.0279747959619787,81.37509611047359,56.23332795294224,0.8774458639847313,normal
2026-01-06 08:00:00,MTR-003,40.07612974435008,40.727353935324984,40.35733311724749,1.6124623657822241,413.2269461407284,1478.819853106766,0.9371220821460158,78.49022856874524,55.17594709425834,0.876419471294437,normal
2026-01-06 12:00:00,MTR-003,39.754562217857405,39.864571601117,39.36657858591839,1.2555953277079301,413.8456995313836,1477.7127461481912,0.8985503368029979,79.45358809280361,54.119450726298396,0.867297323956361,normal
2026-01-06 16:00:00,MTR-003,40.48919678012546,39.59176350073794,38.98536776762216,3.7890536404824418,414.54176229010994,1477.7189090763516,1.0318445959605977,76.74370120048872,53.94200317159375,0.8721771820108717,normal
2026-01-06 20:00:00,MTR-003,39.56410078487418,39.800088544079586,40.04930642610869,1.218971871227407,415.3363775530008,1478.819165253901,0.9720912890021021,80.57276427399107,52.848526703116775,0.8617534965970931,normal
2026-01-07 00:00:00,MTR-003,39.95943739246013,40.41197991804926,40.613364255726346,1.621510213435087,417.76364382956876,1481.1472999470775,1.1169844936877051,77.48589518237387,54.13708871088023,0.8770349214822503,normal
2026-01-07 04:00:00,MTR-003,40.84194662627334,41.004108002519644,38.79468555483263,5.494219724590746,413.22077264731803,1476.0635103964134,0.831021110652729,78.55510502698706,50.75982556975965,0.8692217856386353,normal
2026-01-07 08:00:00,MTR-003,40.24307570770131,39.55332000770192,40.5832763721287,2.5667698206002743,415.5561147478125,1478.8086540052964,0.8355547532208737,76.13378784562578,53.527872693062974,0.8672404854830386,normal
2026-01-07 12:00:00,MTR-003,39.95730663702147,40.07035291522054,40.58119552265836,1.5518484573527735,414.8195084387038,1479.8755846660026,0.7048336100412982,76.00613674719574,54.378124967297815,0.8663827616390661,normal
2026-01-07 16:00:00,MTR-003,39.57195061906832,40.24060973648779,40.67846051708916,2.755001717157947,411.2964403844354,1476.7028823264045,0.8356528923941371,79.37641061290577,56.21976009438084,0.8693710613310014,normal
2026-01-07 20:00:00,MTR-003,39.54970211789157,39.294166750770614,40.86647481946431,3.9402812328145798,414.54533324367424,1485.389995605025,1.044715484145367,77.11278633958523,54.920147073253275,0.8655212235506804,normal
2026-01-08 00:00:00,MTR-003,39.3951194645675,40.01451887446252,41.565876568646836,5.383131716536097,414.4253618804115,1477.439513559816,1.0949981058393201,76.29235382499125,56.58984622775112,0.8765814303600257,normal
2026-01-08 04:00:00,MTR-003,39.61528400655438,38.95774303477896,39.746778987648675,2.000601537522245,414.3396777399878,1477.9916892590995,1.0440457752130001,76.71363331594594,57.69827021022686,0.8660471645198382,normal
2026-01-08 08:00:00,MTR-003,40.537362374218176,38.742008672896425,40.07791756805537,4.512553164081092,415.1270378263258,1477.0650761505326,0.6308712200175846,79.39790614343484,57.116340187648206,0.8859296409602738,normal
2026-01-08 12:00:00,MTR-003,39.84221278485883,40.26079744561227,39.70386600302363,1.3945729830311833,415.3026941624535,1485.3954402614143,1.0624717818991103,76.74192427759277,55.94101969475712,0.8846521050348138,normal
2026-01-08 16:00:00,MTR-003,39.040161372884455,39.72702240616478,40.0014057562708,2.4280267715913655,413.2708192835707,1481.6587156857984,0.6242222065091894,77.76469013679568,55.02372535836157,0.8610845651014549,normal
2026-01-08 20:00:00,MTR-003,41.25736483062029,40.14384384541953,41.09004327511916,2.7271849233235512,420.0908589358851,1477.1902239812691,1.034717598618352,78.03005550057419,53.03842398317288,0.8706970426942928,normal
2026-01-09 00:00:00,MTR-003,40.22753080259211,39.98727468301628,39.04354525587152,2.97837142479143,410.3220774831879,1483.31869467658,0.8448323210143417,74.1653022279794,56.479888102758636,0.863493433786638,normal
2026-01-09 04:00:00,MTR-003,38.999506915190636,39.305671076505746,39.38769801090448,0.9895019364772711,412.1161195661204,1480.6020960828666,1.0053799970900783,75.05774718925296,58.359494764443056,0.8667335243681139,normal
2026-01-09 08:00:00,MTR-003,39.685796318406524,39.96781916304758,40.979328665958796,3.2168634116355026,426.1198544968942,1480.7717602633345,0.7001327478158151,78.67255577849512,55.684212079300835,0.890024274676448,normal
2026-01-09 12:00:00,MTR-003,40.07885253890021,39.12312796087833,40.72535929379704,4.00800518633169,410.8480345800431,1478.9665683737426,1.075675144905922,76.5259412776946,58.834518296852245,0.866924285828842,normal
2026-01-09 16:00:00,MTR-003,41.21215437745591,40.98913589902322,39.7417730511523,3.6173799956617096,409.58498130116095,1477.751752039129,0.6802537880842667,80.11344982256084,51.948856583877834,0.8736022603707743,normal
2026-01-09 20:00:00,MTR-003,39.21200891857147,39.03575442143291,40.60757475635251,3.967395222026917,417.93790698000487,1481.0132982971638,0.7997317633720233,79.93361420850108,52.69167323044092,0.8754132129400828,normal
2026-01-10 00:00:00,MTR-003,40.694073400430895,39.860774918422344,40.242642376883225,2.069492860842918,406.6915205849045,1478.3647383100133,0.7502858058346448,79.43833733271087,56.710403015496524,0.8599937062751676,normal
2026-01-10 04:00:00,MTR-003,40.99519034806922,39.258829092944175,41.06686194417848,4.470869723144755,414.05890436011026,1485.4502668887253,0.6368572720766252,81.6395435746252,55.528580420306504,0.8614490452559079,normal
2026-01-10 08:00:00,MTR-003,39.55295693861364,40.4056328343899,40.05298460005459,2.1314841511678693,423.58329970030593,1476.1921266842708,0.9141791351382703,77.83382134451364,57.62756435314361,0.8579397762859188,normal
2026-01-10 12:00:00,MTR-003,39.80265698214384,39.76431546931093,40.72933839208717,2.4066147565356926,408.8202563113864,1484.6084703185647,1.1709133676755443,79.29776385180767,54.96905671854652,0.8611402926610222,normal
2026-01-10 16:00:00,MTR-003,39.26306897964532,39.63117033271381,41.8787640252392,6.497383454849248,407.07214205704514,1479.6660434536066,1.3000357833480014,76.83119804680794,53.264049154943336,0.8414996989068282,normal
2026-01-10 20:00:00,MTR-003,39.85531652189845,40.606721098703325,40.42531495470042,1.8647225556622578,409.0032751921692,1480.8972572020634,0.9145733680629372,82.90473982573745,54.572813515589914,0.8754458240079362,normal
2026-01-11 00:00:00,MTR-003,39.97398046268947,40.02092842074848,40.03507780678744,0.15270520088197806,418.59343827338796,1482.4994732998882,1.0675021912601284,81.96726730487204,51.93463205815253,0.8905419384125607,normal
2026-01-11 04:00:00,MTR-003,40.469084443080796,40.36739160599891,40.513740078379364,0.3618002762188826,419.49910687994327,1478.1092521149867,0.9348141956892806,78.02376086903558,52.742818653805934,0.8714782073903653,normal
2026-01-11 08:00:00,MTR-003,40.775241579392315,39.30216822292091,39.740244723055014,3.688287912929021,412.949644812086,1482.5927451540958,0.974832479215232,78.77317245981038,56.94488799583602,0.8558373114065939,normal
2026-01-11 12:00:00,MTR-003,39.46802057626905,39.00101906209599,41.69811036837314,6.733349270892876,417.7328496160043,1471.8773684338564,0.8486777023309142,80.71859519872962,56.74557482893922,0.8635722361710005,normal
2026-01-11 16:00:00,MTR-003,38.601013287661516,40.076236773006315,40.12805051569492,3.8559825713800433,420.561021310048,1477.8400314003343,0.9292615388133904,77.70572099037179,55.726008569612155,0.86541123154975,normal
2026-01-11 20:00:00,MTR-003,39.98489260140356,39.77326481387041,39.805914083395194,0.5309984468089191,422.1493856577193,1477.2278115779768,0.9806218056909644,76.68675185840058,51.55784495807906,0.8598241522278662,normal
2026-01-12 00:00:00,MTR-003,40.20873779908881,40.44546465596725,39.405732263096866,2.59803337885668,414.0146588752806,1476.2394819628846,0.8132310406685503,79.74797950201376,54.283192848974224,0.8786018263839516,normal
2026-01-12 04:00:00,MTR-003,40.177363689020474,39.94317621143996,40.7802454695868,2.0770814405831515,405.79411312932007,1479.3551354857632,0.8883758550160519,78.15687849216734,52.5500002226799,0.8781026004437533,normal
2026-01-12 08:00:00,MTR-003,39.76769902399357,40.14583135234462,40.616666604677505,2.1130827011366726,411.71648431036124,1481.157249904545,0.8912354821503767,78.36598889929051,57.353066507575534,0.8584454820618234,normal
2026-01-12 12:00:00,MTR-003,40.08871260420546,38.845594645375115,39.64632578032776,3.144994069605299,413.29278322025897,1482.107979995498,1.0239604975995786,76.33145731386406,53.832555732874795,0.8772508104444751,normal
2026-01-12 16:00:00,MTR-003,41.07764964149493,41.34288849039236,40.4099209565315,2.2786714487225104,413.96424481368643,1480.7226302716012,0.7400951742558479,74.5646557032732,52.8285045784369,0.8852681266357727,normal
2026-01-12 20:00:00,MTR-003,40.27145540904001,39.88320569953278,38.92724908927086,3.386424480937217,414.2485623959651,1478.0029196053194,0.8922686687088522,78.4722848197582,55.05959233024285,0.8890255820522956,normal
2026-01-13 00:00:00,MTR-003,39.73449356444225,40.496061845574545,40.131534631163134,1.8981930627951036,419.47557839172265,1481.1070493134755,1.1868008203579046,79.8099240829884,53.719691086330776,0.8986521202308596,normal
2026-01-13 04:00:00,MTR-003,39.64430377450952,39.40544592339938,40.32196007258787,2.303345116570528,420.0977137067503,1480.3728570845526,1.0746090228878906,77.54838650184792,57.96748782040741,0.860980073505568,normal
2026-01-13 08:00:00,MTR-003,39.87921610120695,40.219029263799,41.21410119790878,3.301111060471171,414.31330538430086,1482.808168503808,1.1023768573333057,80.87285903911773,53.530378204931615,0.8982422042639521,normal
2026-01-13 12:00:00,MTR-003,41.16390397285734,39.07353261260462,39.45186218472627,5.239494378523453,419.39393950420725,1482.3308101087946,0.9036647760267051,76.59216734916892,52.201543481550736,0.8664579361149121,normal
2026-01-13 16:00:00,MTR-003,39.86965282878137,40.321470462762434,39.09094924174057,3.0948185126775942,416.43064546652437,1480.091429241762,0.9481496345529035,75.89059109006816,50.69417296848497,0.8640753454461948,normal
2026-01-13 20:00:00,MTR-003,39.985924021674165,39.74686287332563,39.363251227786634,1.5684975009300408,415.2580238914503,1477.3082409815163,1.0503354250054389,77.86553938560773,54.93842699517317,0.8732707237487785,normal
2026-01-14 00:00:00,MTR-003,39.657021460667515,40.020757691687514,39.049551288664944,2.4540425513189708,418.62617662843985,1478.0411495325038,1.1340383294296397,77.83481484929742,53.87613977228415,0.8641793866590699,normal
2026-01-14 04:00:00,MTR-003,40.781499276403174,40.49633708809252,40.950511898850834,1.114736844303362,415.28900819295166,1478.350631921086,0.607259563067567,79.53993746267045,52.14219078697655,0.8739904414064652,normal
2026-01-14 08:00:00,MTR-003,41.39366204781844,39.12352688979891,41.10125460979487,5.599813050891074,423.23124470839105,1479.0542009982512,0.7026838039425232,76.45007435187203,57.37845292251157,0.856799228122627,normal
2026-01-14 12:00:00,MTR-003,40.32043594626232,39.51325032489757,40.22770956654139,2.0169321264328057,409.24635533282174,1480.8041512827692,1.0964166152103971,80.7361884736298,56.33449029485848,0.8676124739793657,normal
2026-01-14 16:00:00,MTR-003,40.058860731580744,40.3252083776617,40.86847640582055,2.0031307486387515,412.93931640363195,1482.1455231703842,0.8584665966346795,81.9338339250165,54.94356424212554,0.8828558223436168,normal
2026-01-14 20:00:00,MTR-003,40.02615668136834,41.49206860412213,40.09525929285706,3.6161580136520133,414.4939244121842,1479.846643920954,0.7992418816112884,77.92171194606331,57.72865248834173,0.8694293870856884,normal
2026-01-15 00:00:00,MTR-003,38.3044929501968,39.901808117574056,39.9323650505239,4.133800102407808,416.757810761832,1480.0483743637014,0.7118758519506594,80.49942084036864,56.325072066797226,0.8714159578673988,normal
2026-01-15 04:00:00,MTR-003,40.52988505904698,40.4203634616348,39.76317324867288,1.9054512724501742,420.0718419484124,1480.429918915,0.8167474947683836,75.88700585874948,53.35428819696313,0.8747525860471731,normal
2026-01-15 08:00:00,MTR-003,40.0954072291526,39.923931399211746,39.77927751724262,0.7916528305946691,414.90240573105535,1478.452284060603,0.6896446074864263,80.15044308236384,52.92155967201847,0.8817066162931766,normal
2026-01-15 12:00:00,MTR-003,40.30459879158096,41.38115242293782,38.89934111551358,6.174423204731742,409.3110814019752,1477.223823227071,1.2136641409098716,80.09455281711892,56.63596308890772,0.8534477528781057,normal
2026-01-15 16:00:00,MTR-003,39.494071328651586,38.75753125904693,40.18791449856522,3.6230726231596155,418.37005558582,1474.733686308068,0.896634592202914,79.72687456037976,55.7927339129347,0.8758452405183743,normal
2026-01-15 20:00:00,MTR-003,39.72660844161629,40.06728607620932,39.97131810829224,0.8533637450881999,418.01983506456787,1477.9145519257693,0.8913074187355924,77.96887382225941,55.339495535941325,0.8673186086075824,normal
2026-01-16 00:00:00,MTR-003,39.70771560070885,38.84405757613364,40.5300342926776,4.24744153377625,407.2325653624824,1481.4194363598033,0.9882115012751748,72.09150211751594,53.30700439426219,0.8716663789531184,normal
2026-01-16 04:00:00,MTR-003,40.72648745534083,38.21754910539611,40.066505597467454,6.324494379521887,414.9847834653168,1477.8912656858813,1.0443517753899854,76.71654571269575,56.21589513401151,0.8805995016976238,normal
2026-01-16 08:00:00,MTR-003,39.73065967174891,40.211528571106,39.884299589995315,1.203913028047364,408.6394326772788,1479.2865788877223,1.0418832234831958,76.7481679646308,53.4890022337321,0.8580581334858816,normal
2026-01-16 12:00:00,MTR-003,41.481002895722526,40.09919843281597,39.38048495643902,5.209588347576305,412.34139560999176,1481.3992938622368,1.0610432915861359,76.04349012387904,54.796026690812646,0.8598735555855691,normal
2026-01-16 16:00:00,MTR-003,40.30639105352181,39.797449288716656,40.05130896840659,1.2707114952419143,411.3887642921488,1481.562068489268,0.8053731673813715,78.24448600909413,57.89388829277396,0.8506457004028619,normal
2026-01-16 20:00:00,MTR-003,39.09284788622526,39.924484202638396,40.52496869746927,3.594010158304759,418.23705879296796,1476.7614014435019,0.8553199792564709,77.16207310895753,53.67833152837971,0.8645084105823623,normal
2026-01-17 00:00:00,MTR-003,39.90858930257639,42.20323515311734,39.1869589396737,7.459950039924725,415.4673206966887,1482.991178069361,1.0153547483163414,76.35077598046996,51.854021485854275,0.8833043234437882,normal
2026-01-17 04:00:00,MTR-003,39.53658657979988,39.8164087907332,40.06220355817297,1.3204775851528592,409.8576359969759,1483.3820502680665,0.8208916407540571,75.88239970350436,52.89490561625978,0.8687941281152654,normal
2026-01-17 08:00:00,MTR-003,38.43955024368354,40.362755101333384,40.16571943219874,4.849718723794854,418.5202638518294,1476.6104504283444,0.8992340051959162,76.56897402902955,56.988597653375244,0.8565987510434522,normal
2026-01-17 12:00:00,MTR-003,41.13740155741425,39.538229461607905,39.489376153871454,4.114405954734263,409.26477670428636,1477.5284893910766,0.9598145646637222,80.24299842369986,55.509462274760416,0.8651432125542495,normal
2026-01-17 16:00:00,MTR-003,40.50001247446756,40.209943164473316,39.5819688498432,2.289539290004354,416.3204551618838,1483.5732720494386,1.0177777623465565,76.67794989074501,54.742245242622495,0.8551213829650938,normal
2026-01-17 20:00:00,MTR-003,40.379169648283955,39.83058938662712,40.16398993690042,1.3671924310971693,411.74395732283375,1479.559439436234,0.6333478556444698,76.97012258713346,53.98181238937686,0.8587481389826884,normal
2026-01-18 00:00:00,MTR-003,40.11762038065757,39.708075745614416,39.19401172032524,2.3280396424500207,413.5372916698779,1473.3406661576444,1.0072118474833418,77.08660476995351,55.97071981510638,0.8738881891026371,normal
2026-01-18 04:00:00,MTR-003,39.01723195115204,41.29343895623134,40.24883464195512,5.664108345603088,417.0170829921535,1475.800955485802,0.8649413913222412,78.67798702761884,53.301790298019554,0.8582612667369397,normal
2026-01-18 08:00:00,MTR-003,39.65609447853836,40.837109307153305,39.36330355650901,3.6889254909700973,417.08579759623814,1479.2518911244827,1.0061186566296572,78.91249897705707,55.61133113728519,0.881126343052033,normal
2026-01-18 12:00:00,MTR-003,40.59859966206863,40.097242060372785,40.7558070706014,1.6267338075026745,420.34787629422385,1476.5108720491462,1.0165397538532244,71.91068692151367,53.537490862374085,0.8692887970916966,normal
2026-01-18 16:00:00,MTR-003,39.25246575659911,38.3614492899954,41.66245528560946,8.302581608797016,414.6709852013142,1478.7597286880907,1.1411872591678736,80.04327042765522,53.20468122944989,0.8708559470394452,normal
2026-01-18 20:00:00,MTR-003,38.19963070844386,39.74328233013151,39.387906274345376,3.9469211006804596,416.2258034518534,1480.0971886410507,1.1030180471431805,80.87273606848751,53.72502513034998,0.867216270323921,normal
2026-01-19 00:00:00,MTR-003,39.8385023944669,41.92215293468806,40.379881146577546,5.117835405860889,413.2490507103827,1484.3867638121042,1.1019857493915444,75.89962692527666,54.249185107032076,0.8777284783854372,normal
2026-01-19 04:00:00,MTR-003,39.89919462824708,39.8359739259451,39.48320575652834,1.046790498840072,415.7279595304912,1479.1286382513167,1.1165505478749358,76.05540351053033,54.902340328132595,0.8778315988777701,normal
2026-01-19 08:00:00,MTR-003,40.09640065167268,40.78451027346038,40.7402340791451,1.6973437187180505,416.7579441920341,1483.2176253987184,0.9437068477223919,77.09949322444346,55.47091159022223,0.8733505435191217,normal
2026-01-19 12:00:00,MTR-003,40.51805770205478,41.02538126361074,39.10026068687274,4.7871225325876345,414.6067606101825,1484.2862804861104,0.9048277630555259,76.48799196108679,47.62326941714311,0.8756478910590765,normal
2026-01-19 16:00:00,MTR-003,40.453408577586636,40.15570767349758,40.34175058377082,0.7384012497294439,407.78499806363004,1484.3029290080563,1.0309225624767502,78.44785374789322,53.38469888450647,0.8678791033007958,normal
2026-01-19 20:00:00,MTR-003,40.18401408372901,39.40137128400487,39.379207845767574,2.029527146410058,416.3258835853236,1480.8542637801568,1.0098121427149533,74.10694942728227,54.21686004528792,0.8754220300690905,normal
2026-01-20 00:00:00,MTR-003,40.85015565375055,38.26822234184328,39.85281095886338,6.510651867728198,416.4582459094218,1474.110132556483,0.853640064489261,75.76414478392653,58.01012407721666,0.866621222245262,normal
2026-01-20 04:00:00,MTR-003,38.91984371142164,40.486516059455255,39.26682647100636,3.9604709310838953,412.2793060946082,1481.3824745962115,0.9607235113212402,81.07839440034982,52.83999478323574,0.8700223162216241,normal
2026-01-20 08:00:00,MTR-003,40.35881373473948,39.4206179535477,40.584782557081425,2.901604793831458,409.86245185570993,1483.1451996634407,0.8947355299823109,76.14356006530396,55.32559323619982,0.867253562506337,normal
2026-01-20 12:00:00,MTR-003,40.44553839170627,40.12526254356458,39.40481397017629,2.6023398730238028,420.9035166020159,1479.7567986836937,0.7719100637309917,80.48685655620585,57.99006061947168,0.8654278146068081,normal
2026-01-20 16:00:00,MTR-003,39.11853348545405,39.11123886962534,40.392507917747075,3.240375362473733,416.96578204357763,1485.2337516102257,1.0935691112064525,78.71067639118027,52.37406294010545,0.8631088820227821,normal
2026-01-20 20:00:00,MTR-003,38.93129201160363,39.81138663788786,39.75530806879123,2.2281255167057754,414.0836758763132,1482.5795006844023,0.9082798863795134,74.38146457082348,55.787950451728804,0.8746769010385889,normal
2026-01-21 00:00:00,MTR-003,39.46955226561735,40.02397799459631,39.918597424498586,1.392887991518309,410.45186846741007,1481.7048201314583,1.2073062386548277,79.27065839043242,53.39545633213096,0.8831060591281347,normal
2026-01-21 04:00:00,MTR-003,39.5295705297669,40.19099987985372,40.105070867484535,1.6559794958006153,411.7127406863146,1483.2591421336176,0.6561761594700252,77.76466539561429,53.990732515421534,0.8817110197166956,normal
2026-01-21 08:00:00,MTR-003,40.53576495182395,39.207237555660505,39.45825801126482,3.3435738608346663,420.2103615871449,1481.0001095537825,0.8164831840734951,77.08906588750052,53.39377833209337,0.8574343466405456,normal
2026-01-21 12:00:00,MTR-003,39.56299464270855,40.85113667467474,40.149594391851295,3.20529750815636,415.55064776347217,1472.521568501814,0.9048958255036308,78.48991418634401,53.53628538316823,0.8828920305140687,normal
2026-01-21 16:00:00,MTR-003,39.3910410536667,39.57554148641282,41.088237912429804,4.241054675770746,412.7976517319972,1478.502583145589,1.0706071646443371,78.94926697113358,60.44382429581299,0.8668184149838207,normal
2026-01-21 20:00:00,MTR-003,39.56506045390609,38.80926616145547,39.44668815229674,1.9244299345266416,417.0387569248986,1483.5915040817436,0.9599204058903278,79.41518364394923,56.68891174414333,0.8760073301514559,normal
2026-01-22 00:00:00,MTR-003,40.795471882065215,39.92247223469265,40.83328721299473,2.247977996614028,411.7424072502147,1477.5772259797052,0.9465709131271127,80.356505695096,57.20347572357242,0.8609378466795279,normal
2026-01-22 04:00:00,MTR-003,40.009275288445835,40.024444664196594,41.065313872702426,2.616136275157231,421.0033721211215,1479.3295824842892,0.7309104311168779,78.81627182555671,55.98398697367299,0.87141979913874,normal
2026-01-22 08:00:00,MTR-003,39.87253260419064,40.114196930255474,39.41962311891339,1.7450674840352551,420.4112021395869,1476.865491058291,0.7264587904155794,75.24873182242727,51.787486423196086,0.8731372318289691,normal
2026-01-22 12:00:00,MTR-003,39.92177386759036,40.96862748706494,38.96529450304672,5.014362403927805,413.1337037151889,1485.3517677856053,0.9483756990434857,77.05270908469763,55.789915940646615,0.8551539520808035,normal
2026-01-22 16:00:00,MTR-003,40.91879845996553,39.831858604987836,40.214727751233255,2.6956633667458414,412.4853190118766,1485.044477372254,0.6953841009272462,83.88609667053724,57.14585922901469,0.8760826716634419,normal
2026-01-22 20:00:00,MTR-003,39.46725566108214,39.91493715600443,39.61073242825467,1.1286759124525676,404.5274672052309,1477.3483933145778,0.8202183374566008,79.44898212076346,53.29320105192178,0.8834593500783832,normal
2026-01-23 00:00:00,MTR-003,40.93547256244629,39.21551332890091,41.328784511404805,5.21882246442578,409.07367691379454,1480.4418940011672,0.9751375993628787,82.738574601623,56.93065333432225,0.8682535205431837,normal
2026-01-23 04:00:00,MTR-003,40.14968625701085,40.58350471316473,40.02475202879988,1.3881141161114052,409.64212090016895,1477.9585178567079,0.7526513591584836,80.79086816439838,56.40867241970816,0.8836016813082801,normal
2026-01-23 08:00:00,MTR-003,39.885923995039754,40.13106422334443,39.429547087619426,1.7619191731124557,415.54076136394957,1481.844833917094,1.140803394354271,78.48360414311149,58.70408008962734,0.868103065065476,normal
2026-01-23 12:00:00,MTR-003,41.77841813186438,39.70131361614637,39.184242125502784,6.449752788054903,413.69506518223454,1481.529049231727,1.0835904516356836,78.60281413956224,54.16443397497276,0.8784958453104662,normal
2026-01-23 16:00:00,MTR-003,39.24932302947656,38.64556466242456,40.77504352646459,5.383365884290156,409.61865805033904,1482.4351167148398,0.6642870002492549,77.92683992024631,52.80477803544855,0.847814300340489,normal
2026-01-23 20:00:00,MTR-003,39.74849012653013,41.02713756092806,39.59382472954013,3.572283837652951,413.8753438301418,1480.9957553431236,0.760144313522702,74.524390768307,54.27674378125491,0.8941877777931346,normal
2026-01-24 00:00:00,MTR-003,39.12360445215005,39.126983136386805,40.03116714628297,2.30186649538879,417.0213485905894,1488.8062186191653,0.5571334133257575,78.03609450493644,57.871141986327245,0.8849545824524295,normal
2026-01-24 04:00:00,MTR-003,40.67730629015905,39.57953563778154,40.67968195207999,2.7290671477953725,417.1113573996623,1476.9162287049678,0.7826112956177801,80.42134910508439,51.343188238316074,0.8671537449574632,normal
2026-01-24 08:00:00,MTR-003,41.20120101948564,40.254822763431825,39.65563850529363,3.8284401807168904,407.40131887656446,1474.8681899366904,1.01495827148586,76.8007200103576,50.86324856913794,0.8502791097335618,normal
2026-01-24 12:00:00,MTR-003,41.18750064455441,39.14911436187258,39.967339499562556,5.083090471262147,414.4869460780647,1478.8207293978955,0.8379157586587715,78.82390599812362,55.17879055786322,0.8728802836830549,normal
2026-01-24 16:00:00,MTR-003,40.870363557792714,38.9379486021311,39.98821801968176,4.839242721215122,409.46663689211357,1475.2960352033192,0.9691195865423952,79.70318209178639,54.11482141445169,0.8555607445292625,normal
2026-01-24 20:00:00,MTR-003,39.859469889567315,38.48963727452397,40.48591965263367,5.0396312389994895,418.6069147885611,1475.522613189982,0.6716498522577384,76.18063912137505,55.01545578635137,0.8744485353755749,normal
2026-01-25 00:00:00,MTR-003,39.74027308267389,40.512708944288455,40.42008486080734,1.9203187957416243,418.136585665414,1476.996056037406,1.0196962881872857,77.09739427131267,56.89062354247173,0.8741156571916429,normal
2026-01-25 04:00:00,MTR-003,38.81161260622644,39.61231200375017,39.84347467999657,2.6174467688432808,411.40789109470217,1477.2334332837052,0.8167336158107475,75.96417701904568,53.8948613077623,0.8605859683099798,normal
2026-01-25 08:00:00,MTR-003,41.44773229168483,42.08161428798103,40.04526155484197,4.943619317625211,411.9358191903984,1477.1361456941497,0.9018254523424358,76.35566878662118,51.25398833813876,0.8812096702361438,normal
2026-01-25 12:00:00,MTR-003,40.33349552223891,39.29290306444027,39.73562381402774,2.6153857907299054,413.15493179800677,1481.5546568513362,0.8860688247910421,75.42478943269387,59.08896311439989,0.8780557470280618,normal
2026-01-25 16:00:00,MTR-003,39.65016397875948,39.34474593889499,38.94925339952395,1.7828196653122033,405.98882642107463,1478.481432816744,0.7092677218661574,76.19910307724395,53.00554342512245,0.8797582333728856,normal
2026-01-25 20:00:00,MTR-003,40.94439600994629,39.59794277668594,40.18318283192756,3.34590370422558,416.3438726937623,1479.4614562753825,0.7270373502390327,80.83891136159568,52.88192575597581,0.870088577036689,normal
2026-01-26 00:00:00,MTR-003,39.30825634363733,40.17289575476515,41.34555858548129,5.058406945731004,413.9086218146395,1482.6826983235028,1.045169170350514,76.16904594181942,57.207440027445195,0.8558447593308629,normal
2026-01-26 04:00:00,MTR-003,40.289153446558345,39.66563318130822,39.37157749995302,2.3068898980843144,418.88070033027145,1477.7010324256557,0.9598488236252544,78.25291843812138,54.23102175791696,0.8797787227221113,normal
2026-01-26 08:00:00,MTR-003,39.8772415045043,40.43543624106845,39.45028998428252,2.467740092266471,410.6063631281498,1479.2063623038857,1.057507356233014,76.9942624926581,54.87322029593038,0.8672962860086421,normal
2026-01-26 12:00:00,MTR-003,40.45417041058155,39.304114922674735,39.380815806831116,2.895914465280063,412.52350820700025,1481.0972799582787,0.9486987353253777,80.35773187407388,55.96558024812064,0.8561021985680733,normal
2026-01-26 16:00:00,MTR-003,39.954792149912095,39.01753477798145,40.515265264869775,3.7603832985573327,408.9738989678435,1474.1752965981393,0.9214485952213824,80.62232459320724,57.16716620621999,0.8835203936597432,normal
2026-01-26 20:00:00,MTR-003,38.9682290552098,38.721269518642416,40.3189229896508,4.0615409896368755,410.982837746023,1472.8452834731484,0.641098407199985,79.7281399642779,54.33307861363646,0.890994075205025,normal
2026-01-27 00:00:00,MTR-003,40.053743198343135,38.41879170280021,39.88726208539274,4.144020699179395,410.27207201572713,1481.038351986393,0.8594449954858245,78.61226910620552,58.0399040118286,0.869587518710208,normal
2026-01-27 04:00:00,MTR-003,40.74585894533359,39.631595363928845,39.347186445056735,3.504723400624764,418.98389471538576,1481.4760428417007,0.8958923519394384,77.53788092631821,50.72840030253039,0.8915912115460329,normal
2026-01-27 08:00:00,MTR-003,39.9792238891705,39.78596955563149,40.065690162943945,0.7002884370645858,412.20695260499446,1486.1926604045573,1.192966079740886,75.6162505916175,56.519574473906154,0.8709131472861135,normal
2026-01-27 12:00:00,MTR-003,40.55119297535224,39.55097811378974,38.88737982056121,4.194855284529066,415.49670273897846,1480.4742846276004,1.0030434948148017,81.8870577622444,53.320944883964685,0.8661954409583364,normal
2026-01-27 16:00:00,MTR-003,39.25651236574289,40.88419967799976,40.101992225320885,4.061004754054698,413.4769463845528,1482.4592191517743,1.1304091772564293,76.48065396449489,57.744542633215985,0.8636954154581452,normal
2026-01-27 20:00:00,MTR-003,39.98132565811922,40.87326592683245,40.61975067455142,2.2027868242524864,409.92213893594874,1479.413582069242,0.9896306558842093,79.32729269406568,55.28408895766109,0.8863708240799274,normal
2026-01-28 00:00:00,MTR-003,39.555903676381455,39.76191787559502,39.110258391727164,1.6507727327276467,414.3267983073134,1480.8916816647552,0.7933045159575781,80.1191311452468,53.654189335981194,0.8621985611861223,normal
2026-01-28 04:00:00,MTR-003,40.53118637518557,38.72432276395238,38.91020922536557,4.587278703776655,417.39641332745435,1485.0017705252485,0.9175686324224778,76.88943900618933,56.32568218604327,0.8773526930997498,normal
2026-01-28 08:00:00,MTR-003,40.022393999830754,39.59700970093863,41.12315583409412,3.7919010638038433,410.1689624298266,1473.6280215456231,0.935433546939635,80.07602505463193,56.7863766944145,0.8644083616494079,normal
2026-01-28 12:00:00,MTR-003,40.49071905872826,39.573460342103424,39.56497092301896,2.3215448739789237,418.2364511629255,1481.240848772715,0.7591266645343978,79.52842640667771,56.283788245717275,0.8653969323742564,normal
2026-01-28 16:00:00,MTR-003,40.77348296971226,39.53270402682449,40.807785134893386,3.1583831798164637,411.6011163140892,1486.406760190232,0.8423418935110618,81.45592767076353,52.94060752073388,0.8803024969396956,normal
2026-01-28 20:00:00,MTR-003,40.49181765341965,39.503844335005695,39.890490549192656,2.4722788182829105,413.0680642957086,1480.846102657628,0.8691349509484242,77.06130706714657,54.03196575275583,0.8661996315371064,normal
2026-01-29 00:00:00,MTR-003,40.19421755327548,39.53531527415125,39.884832130175056,1.652566427178993,417.1227324920402,1484.9517188896984,1.1408429748847677,75.42827196544057,54.99185432575713,0.865952046205797,normal
2026-01-29 04:00:00,MTR-003,39.290160171725226,39.72512596202826,40.31176014186428,2.5684033972802744,412.346255371122,1478.1123635514116,0.5878889211913533,76.98902048911098,54.917480694699876,0.881328046971748,normal
2026-01-29 08:00:00,MTR-003,39.99801876574798,39.54805966306449,39.371378590758084,1.5808616935529496,415.15029943734345,1479.9038575175089,1.0808727631074064,78.41770708506867,56.4994909508767,0.8859739729322162,normal
2026-01-29 12:00:00,MTR-003,39.62091349189985,40.1481404505782,40.09422019093024,1.3195708923107068,413.74123668484765,1480.1005741071658,0.7594807147560926,78.11642545417011,50.97019753498678,0.8764468980328424,normal
2026-01-29 16:00:00,MTR-003,39.75533229745477,40.25626219797679,39.72871863834731,1.3217191749951867,415.51747202681526,1473.3472267619236,0.6941881219095579,77.2131242074509,55.66865410910701,0.8634523022437605,normal
2026-01-29 20:00:00,MTR-003,39.73366460391093,39.352430160225786,39.06098244024531,1.7080799108604698,405.477043577906,1476.4954665164494,1.0769913195057697,74.18160508204551,54.42003729112672,0.8648939150070242,normal
2026-01-30 00:00:00,MTR-003,39.3031640357104,40.90386867627167,40.23998725313877,3.986909699446617,407.6812727391677,1476.709374761848,1.0097847103851572,78.94096599225821,53.32299876723209,0.8707991526374004,normal
2026-01-30 04:00:00,MTR-003,38.60811478106027,39.30306680758001,39.81275889288681,3.0698363652265828,417.4638680241874,1482.4661982340976,1.0881778053571785,81.9446889581644,53.5150264444608,0.8732093006192566,normal
2026-01-30 08:00:00,MTR-003,39.52487605452248,38.84956400795354,39.88833789977265,2.635082423357342,419.1487256225962,1482.6164593170522,1.0201052921318365,78.92850247624601,54.570924670964075,0.8601213408986023,normal
2026-01-30 12:00:00,MTR-003,40.137514276923845,40.270775517415146,39.13944110690549,2.83903609540919,411.3580531858739,1480.9721093281196,1.2089767502606104,79.21827103810703,47.797829791080964,0.8772303793957986,normal
2026-01-30 16:00:00,MTR-003,39.041296323251565,39.41873199330536,41.13166248374244,5.243757688771569,414.0238865913155,1482.4723086905672,0.9838085755416728,79.1448906123102,53.5974208584169,0.870855133296396,normal
2026-01-30 20:00:00,MTR-003,40.011151812602044,40.22847393476081,40.6234411992079,1.5197927755958656,416.1788770116092,1479.5075517618347,0.8765283935815262,78.7940933397648,53.24837035070741,0.8528429168136187,normal
2026-01-31 00:00:00,MTR-003,41.35130199062113,38.29072455032851,40.68562196207785,7.630608954056672,417.7728704066348,1483.6057950086185,0.9514389565982014,79.86333193373619,56.06556641864525,0.8607107351753926,overload
2026-01-31 04:00:00,MTR-003,40.81714273807666,41.07982674606303,39.87243073260543,2.974629121869228,406.8892909133166,1479.9003149077282,1.0865203692518945,79.12688181615285,53.38894663497896,0.8649587132634834,overload
2026-01-31 08:00:00,MTR-003,41.3480123373914,40.65734702106776,38.949630542814376,5.94861393449244,411.45583901208647,1479.9214913019441,0.7830937012109824,78.04691456825647,54.56977239965902,0.8692714231115894,overload
2026-01-31 12:00:00,MTR-003,40.54704294217737,39.20190201695374,41.65764881279553,6.068237447930879,413.6696824806005,1478.8250708397086,0.8022167126202929,77.41642554132703,58.084553255322604,0.88889278795504,overload
2026-01-31 16:00:00,MTR-003,41.188772624823976,39.30696857374292,40.31509630056277,4.672935201929905,417.8125607889442,1481.549149752237,0.8536559978103139,78.8465905045647,56.98870303963085,0.8723817130613962,overload
2026-01-31 20:00:00,MTR-003,39.933359907820474,41.6373461368447,39.915699416761086,4.251455247715582,424.99372193488597,1478.1061514493208,0.5843125801852003,80.3089312618089,56.8045427998869,0.8615922811010137,overload
2026-02-01 00:00:00,MTR-003,40.07961760283479,40.01345608356298,40.83420735679397,2.036144200425314,414.08797709276115,1482.1729916105858,0.9207117612626321,79.38464080044312,54.00025513917829,0.8722063080430716,overload
2026-02-01 04:00:00,MTR-003,38.67961794491662,40.03425286573784,41.45740354075006,6.934566378261022,409.372090151584,1475.7211996366755,0.6170806944073461,80.98161854273346,56.0860645585793,0.8664791225254612,overload
2026-02-01 08:00:00,MTR-003,41.560568060719525,39.105672012227735,40.700695328184224,6.068117416934225,416.6090723088052,1475.694847874471,0.9079588969398928,81.56737589765294,54.53220439909281,0.8732475823953354,overload
2026-02-01 12:00:00,MTR-003,41.90206418583644,40.557280409536745,41.71593169738807,3.2489167323352746,420.28398315816287,1480.927826483867,1.0297934634202874,82.69156894657398,54.60781357864612,0.8758056768703562,overload
2026-02-01 16:00:00,MTR-003,40.502988057837086,40.73442459508972,41.66649183302936,2.840032902270957,415.432056483918,1478.4738631545702,0.8284685309034246,83.92693447549308,55.8193706874931,0.8820923064722394,overload
2026-02-01 20:00:00,MTR-003,40.8054065176544,41.49478948879518,40.220567775606526,3.1200141278631244,411.3734058193828,1477.2517711296919,1.1515673805280306,81.85349382855435,53.806012823158134,0.8697571350432998,overload
2026-02-02 00:00:00,MTR-003,40.53955052680949,40.08073003650299,40.59649062140966,1.2764584797940997,418.83197576592005,1481.1575681554095,0.6809248650872268,79.41806031508283,57.98600620888641,0.8863896052759983,overload
2026-02-02 04:00:00,MTR-003,41.43737529860435,40.08417327640481,41.84618142255264,4.284770773157579,417.6541824739937,1476.5395602955568,1.0786891022447749,81.67953970552128,54.67973972080413,0.8790802266253619,overload
2026-02-02 08:00:00,MTR-003,42.05485399299995,41.575586501069814,39.32593302651912,6.658266395659142,410.8956766232175,1477.634690354746,1.0012705584610382,82.79400748775437,56.23672113251933,0.8629256045518782,overload
2026-02-02 12:00:00,MTR-003,40.1052333003662,42.0604347546653,41.238258211097616,4.753174830311087,416.5257024701374,1482.3069275476926,0.6425950127533967,79.37047929436851,57.9112009585146,0.8920985566574846,overload
2026-02-02 16:00:00,MTR-003,41.7253299579245,40.31690977533952,40.41669370386802,3.450348969374385,418.9890622706355,1482.6006203147429,1.30661914485608,86.15548030070916,57.06330754915035,0.873269945132701,overload
2026-02-02 20:00:00,MTR-003,41.32706515280925,42.29288620740045,41.18492682056791,2.663259809190346,419.72756017023556,1482.574337487954,0.8904382071744051,83.99904153930665,52.18216179461895,0.8616487549602776,overload
2026-02-03 00:00:00,MTR-003,41.69408139021646,41.64014179876411,41.40095109261939,0.7050063447267277,414.7342040987622,1476.884715106173,0.7683773966766553,84.8131258372278,55.88979179001977,0.8865291305123042,overload
2026-02-03 04:00:00,MTR-003,42.02947696701694,42.47947614027941,41.44832967486988,2.4559432594131585,413.56768221528273,1481.2971507317602,0.6889369207823974,87.11760754690128,56.701438788921294,0.8907777758519845,overload
2026-02-03 08:00:00,MTR-003,41.658884241485175,41.74278260753332,41.39999797422132,0.823990530408779,419.90909528832503,1474.6321331133327,0.8669972958510489,83.46240341534556,56.7837260443215,0.8696697473628043,overload
2026-02-03 12:00:00,MTR-003,41.808691178754586,40.0887330887406,41.102161901440425,4.195033845849743,410.15935798807647,1474.6322325523042,0.880888969141506,86.20690739117983,52.77341033177074,0.864963497396244,overload
2026-02-03 16:00:00,MTR-003,41.81989978747935,41.8639231014268,43.60179236303372,4.199750078657556,416.75431716368405,1470.1755231984293,0.9153968292809497,85.17522973698941,53.68592952596535,0.8682762504254634,overload
2026-02-03 20:00:00,MTR-003,42.75162728224272,42.81550469869285,43.3895976305969,1.4841498003461946,409.5198934905423,1482.1194449418301,0.855330576566406,85.36291870294295,56.98911647148324,0.877147317275177,overload
2026-02-04 00:00:00,MTR-003,42.44904536473679,41.51570777951993,41.32490258757499,2.6917053221885308,419.2615050890384,1474.382850368738,0.9949837965172641,84.52284211514754,53.47647925863471,0.8827785665503052,overload
2026-02-04 04:00:00,MTR-003,42.39775576315665,41.96501015843145,43.3659571594704,3.2904431374058816,413.96781793755537,1476.469141756557,0.8418555251005131,89.73456777191087,54.400607886671374,0.8757048733086358,overload
2026-02-04 08:00:00,MTR-003,41.42674432233064,42.205281721471124,42.04646786410446,1.8584024400649806,420.0743329425899,1473.9917160498455,0.6097553824139295,85.98849571816818,58.15175161900394,0.8710172320847177,overload
2026-02-04 12:00:00,MTR-003,42.150955805386424,40.35829153043152,42.51203471492944,5.168103740026503,416.9656510254221,1478.6821344004525,0.8775957756525539,88.47455874589224,54.90440149923042,0.8849801177030443,overload
2026-02-04 16:00:00,MTR-003,43.14885754669871,43.69831775299083,42.46480910564193,2.861703777159052,410.1071190797523,1475.3436872531422,0.5448783519940084,83.66174993093847,53.546451724332314,0.8668716352694847,overload
2026-02-04 20:00:00,MTR-003,42.6262462279096,41.958461514650146,42.130285186574206,1.5809921884293037,420.69851092830896,1472.4300871438272,0.9530655946337084,90.10787621904343,53.24476528627419,0.8803091933836691,overload
2026-02-05 00:00:00,MTR-003,43.158075786404375,43.04870971556609,43.38870396348314,0.7870511141694021,421.2049810657109,1477.543475087516,0.7531049654576047,90.1884559253595,55.66543865917038,0.8671193720164873,overload
2026-02-05 04:00:00,MTR-003,44.03489765371571,42.71705734333289,42.868230795226125,3.0500812099469217,418.5291459703969,1471.7912469003593,0.9245040532373701,88.61503628782148,52.33370398304558,0.874310229580109,overload
2026-02-05 08:00:00,MTR-003,43.606911654817395,43.76265422345778,42.52946632686856,2.8480302177502828,411.9536485398551,1473.4541693786753,1.0971112472286906,88.30241758873255,54.50532807220716,0.8688643743520955,overload
2026-02-05 12:00:00,MTR-003,43.02422912230824,43.24673421367061,42.03027514435253,2.8443819024503663,413.77594418257036,1469.5196687905755,0.7576876957098,89.89243698601705,55.666461069980045,0.8694414781734718,overload
2026-02-05 16:00:00,MTR-003,42.684248971035416,42.8805617878708,42.41217370452989,1.097981997242794,415.581708869623,1471.442411377693,1.0591884387768178,94.006152750332,57.59829964109534,0.8662261348253779,overload
2026-02-05 20:00:00,MTR-003,41.32139741143215,42.50186639172485,41.9700512641993,2.8152584570824377,412.1851584026743,1476.123822803279,0.834991564997077,86.23823248454597,56.335096160739994,0.883448540311807,overload
2026-02-06 00:00:00,MTR-003,43.10715036698849,43.79425125506316,43.235583057397754,1.5839483827763166,421.76938628985283,1469.5685767596408,1.162979220309838,91.6648951112827,53.57186976403564,0.8626707396189146,overload
2026-02-06 04:00:00,MTR-003,43.084695502507834,41.98430168338764,42.465564411686465,2.5884602699125656,415.5773058869041,1470.8926972799165,0.845227108020268,88.61374018560817,57.35683863512744,0.8625976774745129,overload
2026-02-06 08:00:00,MTR-003,43.68375620322271,43.86546231940441,43.217319433861704,1.4869466508894653,404.1866078115706,1475.202977285215,0.7739260521739963,90.73327245109802,54.40096992490504,0.8912099356584511,overload
2026-02-06 12:00:00,MTR-003,43.38635460236795,42.71425538488871,44.470092970783995,4.034222561686438,416.3574232510249,1473.4532129251663,1.0030857675592932,90.61348345932166,52.52859395590118,0.8797784756465433,overload
2026-02-06 16:00:00,MTR-003,43.35760479806997,44.47594699994975,44.43826942552482,2.536463605478906,413.60737041273075,1480.9340931011554,0.8346315405564546,90.58874163566499,54.65591728146906,0.8461488630130696,overload
2026-02-06 20:00:00,MTR-003,42.40971967742829,43.78977192501579,43.65211756998268,3.1883753841393583,414.70029377552623,1480.3336224111824,0.7737825728806488,91.76058234693656,57.8763384022914,0.8643474126078959,overload
2026-02-07 00:00:00,MTR-003,43.09628431495734,44.22274945060191,43.70277896598448,2.5792616790136367,413.5255225368572,1472.1021149646876,0.8283240223944314,89.84930476826796,55.33048010012985,0.8518801066243794,overload
2026-02-07 04:00:00,MTR-003,44.19329358793063,43.91264489319226,45.19114141628295,2.8773995441041382,418.2281856664267,1476.2512447879835,0.8933090201725498,94.51214238486098,55.025043728659575,0.8604930930658474,overload
2026-02-07 08:00:00,MTR-003,45.16417857317522,42.69784276782504,44.31429305440261,5.597831540314072,419.47875111421354,1476.7016291832433,1.1013270196867282,89.20162894398936,58.2744232894057,0.8386148533376596,overload
2026-02-07 12:00:00,MTR-003,43.96426206138126,43.42153937363035,43.80050662946596,1.241111276988214,416.1322126490346,1472.5352945183638,0.6098868381810635,94.20557944582475,52.13729030589115,0.8686301042230605,overload
2026-02-07 16:00:00,MTR-003,44.35635939648371,44.601392828687985,43.10919197198979,3.3896465139766643,413.64275525144734,1469.7150560627742,0.9034620988425631,92.80911316888044,52.428801771894456,0.8585805818083869,overload
2026-02-07 20:00:00,MTR-003,44.890202954561396,44.331395957517515,44.49297277586766,1.253730965869564,414.83465118076333,1474.0387349041766,0.9937355391981064,91.45646954011619,51.768307058066334,0.8705990525679643,overload
2026-02-08 00:00:00,MTR-003,43.725885320438735,45.14233605217628,44.892262357795616,3.176836743336738,415.0783984663105,1473.4310428074905,0.9290172862487694,94.53922052271,55.74529637296011,0.8537487874111748,overload
2026-02-08 04:00:00,MTR-003,44.653002404636965,44.678929885349305,43.94298244531317,1.6566075652672183,411.7902798405407,1472.5162359208528,1.0964797754150302,91.35668606188116,55.33298625423025,0.8708291185317204,overload
2026-02-08 08:00:00,MTR-003,43.955221974806186,43.79436026147605,44.68887023185166,2.0262468045468225,417.31571459428494,1475.0244295960902,0.8888482005362214,94.8861503325149,58.08547273455955,0.8658508372187967,overload
2026-02-08 12:00:00,MTR-003,45.186414838799955,44.00533851793834,44.312887561711214,2.6540118292585806,416.84016929544185,1471.319239750412,0.8723172836721083,92.29710332723403,55.48695015427354,0.8850195296518859,overload
2026-02-08 16:00:00,MTR-003,44.76872881542487,44.73425012569794,44.53019694189546,0.5338944003033925,421.1617649591067,1469.9893855085231,0.9888494320520015,96.40153576527433,54.19168568104139,0.8841135686174563,overload
2026-02-08 20:00:00,MTR-003,44.96293268116551,43.10515783317864,42.981582372512165,4.535723588636445,420.0213991211539,1473.646576642142,0.9148970722427024,93.96641138315942,55.003589745756216,0.8778534560301028,overload
2026-02-09 00:00:00,MTR-003,44.28382157628945,46.03033925311901,44.68262491403342,3.8812428026592647,412.25730032963946,1474.3511875886309,0.8414386892579294,95.24927247014307,55.23541483692192,0.8667338621933879,overload
2026-02-09 04:00:00,MTR-003,45.43275055562985,45.244103001330664,45.61930127050791,0.825844873581785,418.28119349803586,1469.5372920590562,0.977421605937957,97.07529373386953,51.65647745334367,0.8898538039526029,overload
2026-02-09 08:00:00,MTR-003,46.50207036490153,45.89216577881645,44.57061047028992,4.2305597582746515,411.1961864676221,1475.7254483035615,0.8021207560175032,95.27844518808024,60.420663288669786,0.8544696472216018,overload
2026-02-09 12:00:00,MTR-003,44.39250649184116,43.98525867290358,45.14659578154321,2.609270174541691,417.7837284037634,1467.5036826370917,0.8083234271971009,97.04373586620962,56.039742036203826,0.8559644137043634,overload
2026-02-09 16:00:00,MTR-003,44.95727314638249,46.083903665851125,44.6613146048398,3.144943868360709,412.93354320495956,1470.9547352541051,0.820800896735158,94.46813731683802,55.42001661604518,0.8691621690011093,overload
2026-02-09 20:00:00,MTR-003,45.45321405445978,46.875359076226644,45.54482948708177,3.0944583830491244,410.90698710649764,1471.7889996014912,1.1029603740249612,99.09368398030155,56.23032796855716,0.8925403810892112,overload
2026-02-10 00:00:00,MTR-003,45.93737345570123,44.43885998556922,45.224179208922926,3.3152851990156535,416.1201813707896,1470.5283036519602,0.416847546602143,101.6978948379923,56.41882196117321,0.8679766109312991,overload
2026-02-10 04:00:00,MTR-003,45.06988753419565,46.01633950233306,44.79988201924985,2.6856111155200106,404.30173148738345,1470.6157429490943,0.9593398252144414,104.0886194164922,54.71889302899514,0.8681675475679071,overload
2026-02-10 08:00:00,MTR-003,43.54282365175284,45.55821226318753,46.505015123971766,6.553228523782302,407.9960977023791,1477.7980973965043,0.9051407721300334,99.02267242778666,53.7375177275186,0.8555808964388819,overload
2026-02-10 12:00:00,MTR-003,46.61359357493494,44.548794753664,46.30763269981899,4.505998047772402,414.2900324649029,1469.506171262295,0.647869431114282,100.75287886982966,56.198901372643405,0.8794592958527038,overload
2026-02-10 16:00:00,MTR-003,46.27749902957543,46.08718994674359,45.30653875685556,2.1158239569165245,415.3297670665394,1479.2564382766595,0.9464590168704003,95.95135369620182,55.771421681062904,0.8795317625432936,overload
2026-02-10 20:00:00,MTR-003,44.58690117720015,46.41911503343056,46.180313330021086,4.006697742476182,413.52272491936725,1473.118103028269,0.9713627987747299,102.85420814840948,53.380219801821184,0.8778907520139991,overload
2026-02-11 00:00:00,MTR-003,45.48391746795583,45.48849861576789,46.29812603300467,1.779424527273622,408.6822548051296,1471.9568376808436,0.9884458847036101,101.73733095902804,57.83807122273453,0.8637077932715264,overload
2026-02-11 04:00:00,MTR-003,47.120754190782456,46.834698433077854,46.462349785793194,1.406668656731516,411.72843263144597,1472.9833429089026,0.5022257905432577,99.55314151345888,55.586704072645965,0.8629329323162699,overload
2026-02-11 08:00:00,MTR-003,47.12478221503036,44.90998411707689,44.89043390253048,4.895406343034852,416.56483730894956,1479.0183546763271,1.1049584117781657,103.33150445772088,56.45963872453526,0.8570687774959503,overload
2026-02-11 12:00:00,MTR-003,46.852351299040414,45.121936245437865,46.900683045425254,3.842478149442805,417.32712708251347,1468.321741996609,0.7893394942972739,100.68432515763368,57.78384177535984,0.8708387250176093,overload
2026-02-11 16:00:00,MTR-003,46.149274295327885,46.37164572967357,45.869390541396605,1.0887796686516988,414.93510752961623,1467.8152168314261,1.0029851620129764,100.61336139867677,55.04377764232967,0.859195926707215,overload
2026-02-11 20:00:00,MTR-003,46.42315893386331,46.38219741148803,46.10969023892729,0.676964884604868,419.627335124148,1468.7858215783515,1.011161067102343,102.81621606934237,55.633904013968234,0.8582258349475071,overload
2026-02-12 00:00:00,MTR-003,46.360678717848685,45.94421814305901,48.32960853643451,5.0884888882054895,416.58958809383694,1471.0207991887928,0.7684954371571061,100.07497167260827,56.62005447701223,0.8657630928308933,overload
2026-02-12 04:00:00,MTR-003,47.34572121282684,47.11912896586012,46.75808288212616,1.2483206189627079,412.01017738416715,1465.6210059532934,0.9990689928527325,104.58106465485031,53.55027783239989,0.8651084382481579,overload
2026-02-12 08:00:00,MTR-003,46.01023195444755,47.01057806695319,46.35833501652608,2.153147328246487,413.8779917863535,1470.7392866255188,0.8421760138631463,100.76196995597824,55.108103325692,0.8646202147117804,overload
2026-02-12 12:00:00,MTR-003,46.14967598771259,47.33292130384999,45.154479743892715,4.713980429781046,409.3885353711686,1475.626859887636,0.5892934230992765,101.10997445396707,55.2510971733023,0.8746644459684026,overload
2026-02-12 16:00:00,MTR-003,47.53074241394426,46.72476124261037,47.80060164744495,2.2720045770626007,414.56744403843436,1470.8743902391013,1.0751612888291668,101.72683891057828,53.08788289663321,0.8707904780215028,overload
2026-02-12 20:00:00,MTR-003,46.87041486039439,47.330462308209434,45.945367240627604,2.9649636494089173,419.44840247688535,1469.416061270133,0.7837432555475641,105.4013530162087,59.63527357734776,0.8671184396948888,overload
2026-02-13 00:00:00,MTR-003,47.97184009142262,46.6746897565008,46.27804008505582,3.6057587555647723,417.7411603388439,1468.3135858808398,0.7718259805892919,102.98493667191858,52.185413113015194,0.8718301292831148,overload
2026-02-13 04:00:00,MTR-003,46.60371270136659,48.54172578372544,46.84560419142362,4.094652125572533,420.6080373036765,1472.7375519203772,0.8395401197944917,101.85863028000514,52.40379219262569,0.8600847295889537,overload
2026-02-13 08:00:00,MTR-003,47.131914846653544,46.59305802191885,48.178094510325806,3.350956080832388,413.788459024804,1467.4384680668404,0.9408355087991083,103.67939630264942,57.62845315140716,0.8710527862390968,overload
2026-02-13 12:00:00,MTR-003,46.60456607912497,48.75760459596214,47.8103637477541,4.511420836789385,420.38439917805704,1475.3291037281845,0.8914094383766846,105.16280601494155,56.42653250159309,0.8715060249284463,overload
2026-02-13 16:00:00,MTR-003,47.35537574059028,47.37494926284155,47.237900049024894,0.2896053967696224,414.22678309420814,1475.4639447893614,0.9822100387060756,103.20108024275527,52.94807036503845,0.8549695314064252,overload
2026-02-13 20:00:00,MTR-003,46.388364755165,46.461634833337484,47.65900582228509,2.7129387118041652,420.88634033027955,1470.3080675220358,0.6990765950207012,103.59579744579686,56.214578030203384,0.8799569375437036,overload
2026-02-14 00:00:00,MTR-003,47.18265022091569,48.50226819172,47.1024708275531,2.941010487583553,414.9125730102315,1469.3772194416524,0.7886420444353899,110.45788678584623,57.93570088999462,0.86118566294773,overload
2026-02-14 04:00:00,MTR-003,46.59771153732096,47.70857749523959,47.7183569094052,2.367149795695656,417.8289254952171,1472.377693710439,0.88260043915177,104.8502977638008,54.93947388480603,0.8709030979920643,overload
2026-02-14 08:00:00,MTR-003,48.20213999476981,48.31392727668197,47.76083404745381,1.1500660691463398,420.9004494572394,1472.4440593722281,1.1846830938988058,106.26147828766406,60.19764580014916,0.8816441174053526,overload
2026-02-14 12:00:00,MTR-003,48.307893969337954,48.668616869805824,48.487222364660056,0.7439439904154143,414.2262894856752,1466.6156382522,0.8829281192379363,106.50922347739302,51.55187637826393,0.8792567675771387,overload
2026-02-14 16:00:00,MTR-003,46.657546129283965,48.12827913168707,48.57572629136275,4.014005445620244,415.8735559501767,1467.3278976258,1.0627833395492448,106.73711831723222,56.38764690771821,0.8703433338856883,overload
2026-02-14 20:00:00,MTR-003,48.92613201099275,47.55644199121434,48.32886384153858,2.8375314274339276,420.1554537008252,1464.814470300992,0.9057832753176477,109.15865986649283,57.333056672442005,0.8663750099711793,overload
2026-02-15 00:00:00,MTR-003,49.84316653621042,48.76106751487666,47.80955751650129,4.166839061954814,414.4679873442797,1469.882656999876,0.8274512043843647,110.14838674128023,56.78268780321049,0.8794751190857557,overload
2026-02-15 04:00:00,MTR-003,48.189578397888326,48.15739999484353,48.684380821108796,1.090069407999401,409.71643086997534,1470.5292954150766,0.862991336382834,107.97632643105447,54.591288546708704,0.8767469497780862,overload
2026-02-15 08:00:00,MTR-003,47.79059512550225,48.73421971489465,48.18109880125094,1.9562944574522518,423.57202821833965,1464.353584430954,0.8747370431956678,106.45141317471445,54.4191170359777,0.8638163497995587,overload
2026-02-15 12:00:00,MTR-003,50.34454731849479,46.804592712418696,47.56677312491884,7.3384215920972355,413.1209421426515,1466.9117142099212,0.9905468608441108,111.80938465737849,55.888290342174514,0.8620510635299831,overload
2026-02-15 16:00:00,MTR-003,47.4878371537748,48.743623973552474,48.13898787831992,2.609509415036635,415.63502420375016,1464.1094987514575,1.1061916901364832,109.40595647306883,56.631508973304136,0.84927644818304,overload
2026-02-15 20:00:00,MTR-003,48.52970409446079,48.0613006868063,48.57551423982272,1.0626697322852807,419.6240266778045,1465.328810653302,0.9539521271529482,113.39341673895804,56.204946872564726,0.8715403184168359,overload
2026-02-16 00:00:00,MTR-003,48.73277341067831,49.78072886991146,49.25230657407943,2.1276006960388862,412.5660243850752,1469.5522108445443,1.0780616518112633,105.77773576789488,57.08011578158678,0.869173022549816,overload
2026-02-16 04:00:00,MTR-003,49.65122729013684,49.13776220742515,48.564168948725595,2.213169407849833,410.9685283471115,1465.5726630436627,0.7552815393555472,110.99584845937336,52.96226008586653,0.8813619137464255,overload
2026-02-16 08:00:00,MTR-003,49.04012810780257,48.95487923364969,47.92443908638647,2.2937772491506303,416.0149491870993,1466.7445809554326,0.8378054236778955,114.77838913834064,54.54445804175273,0.8735905509348036,overload
2026-02-16 12:00:00,MTR-003,48.51936547616014,49.219770019547646,48.91429922128744,1.432774918785462,407.82769440835045,1462.6390732195193,0.79135461986885,110.57078265349342,53.119968135752494,0.8833422919417269,overload
2026-02-16 16:00:00,MTR-003,48.28718765967557,48.253583049905785,49.04426528488055,1.6293204096982428,413.8483756925283,1467.9559286123672,0.9471666886312279,111.162458531482,54.22777444782772,0.8630263577208382,overload
2026-02-16 20:00:00,MTR-003,48.810147994118154,50.20753715733535,49.18537249129069,2.8286646418302404,415.9801546572616,1467.1360876034914,0.8461562422230879,112.54060321511346,57.03044178362861,0.8813815033096761,overload
2026-02-17 00:00:00,MTR-003,48.42681990840727,50.55894277373139,49.796987998646955,4.299133176866593,413.92019241269935,1464.9559793927576,1.0094659405551294,111.16812264794436,55.21596784145046,0.8647108362089534,overload
2026-02-17 04:00:00,MTR-003,49.266502113490205,49.511898160255384,49.95706063459615,1.3928592083326354,408.826196227257,1466.4497638296416,0.7603497432551338,111.99770487539033,60.21371832629954,0.8777759606179227,overload
2026-02-17 08:00:00,MTR-003,48.920922679195385,50.45308250030409,48.89957889784698,3.1431834850233313,421.376711824816,1467.4316409440312,0.9064546459981923,112.2823530048945,55.38681273437943,0.8554124160746931,overload
2026-02-17 12:00:00,MTR-003,48.34933783065408,49.00703709793744,48.973618246825325,1.348389184632016,415.4141526157967,1464.3201014356248,1.0030286866518385,112.03927617820608,55.119383761159476,0.8723513529936618,overload
2026-02-17 16:00:00,MTR-003,50.39394867640179,48.934564246464106,48.761703699100195,3.3065890803609372,420.72460847104696,1462.2098678301795,0.5902045837439085,116.08796520124146,55.21236583888043,0.8501531205855409,overload
2026-02-17 20:00:00,MTR-003,49.23713595346074,49.620138458106396,50.087972002320825,1.7137224638155788,413.9598549992782,1471.929328340077,1.2182446960995306,114.88854261921472,53.72438261428013,0.8673286251405824,overload
2026-02-18 00:00:00,MTR-003,48.778886096480676,49.98996367396918,50.710944345947716,3.8775640431292877,411.479952073237,1464.486736507718,0.8575272172680186,114.80377747260997,54.884326775244816,0.8744035399387792,overload
2026-02-18 04:00:00,MTR-003,49.65065718316927,49.49013981658753,49.546249863402956,0.3238695702850387,416.07672368102067,1465.9702238921202,0.5962440129485741,116.25579747596511,57.25557605422329,0.8647903144876891,overload
2026-02-18 08:00:00,MTR-003,49.908563757834706,50.24235691296418,49.688260020453264,1.109383186603213,414.1368514946871,1469.1669729865735,0.923714084786518,114.44607824955945,55.22794133625555,0.8594956237124404,overload
2026-02-18 12:00:00,MTR-003,48.707647938187684,50.16745679696275,50.9926252057276,4.573987879394701,410.2889541680346,1476.5955689240561,0.9050165201959727,113.76251673304209,53.413080540233054,0.8784611846929593,overload
2026-02-18 16:00:00,MTR-003,50.27505402734172,49.32930864606754,50.39872349300518,2.138785689551528,420.87913703515,1462.14889359151,0.8877158430641261,114.44181021430029,53.14983075904273,0.8689653721015308,overload
2026-02-18 20:00:00,MTR-003,49.384206158436506,50.497771019693026,50.43906359736366,2.2223732396577405,412.510919108424,1467.105784162188,1.048678666939,115.98675935952014,54.09959621666831,0.8651042935296933,overload
2026-02-19 00:00:00,MTR-003,51.43521899260477,50.83255192297329,49.371613435154444,4.082591537058733,407.6389344608177,1463.507595244958,1.0121167457140583,114.20090431434664,55.14772686882176,0.8704189592115428,overload
2026-02-19 04:00:00,MTR-003,50.68071739122095,50.430056986252886,50.79077432078731,0.7124035356300815,420.31266421582933,1463.887830766942,0.9446814286535767,115.6549401517006,57.38717307095252,0.8963666914194559,overload
2026-02-19 08:00:00,MTR-003,50.1133857773415,51.21741997707199,49.737039928167846,2.939831521821003,412.9828079367495,1463.2175151974839,0.9675233450919971,115.9593633549126,52.319022717267124,0.8815350284978154,overload
2026-02-19 12:00:00,MTR-003,49.95749787686863,49.621685593718695,49.680980603540554,0.6749535991059706,412.5687044295375,1461.8751359369344,0.884346232584287,121.576843552095,54.36034744422249,0.8816257366818784,overload
2026-02-19 16:00:00,MTR-003,50.50238710916857,50.90979555695202,50.330437691068596,1.1454089784129162,407.9384496518801,1465.002176334814,1.1663236273860074,112.11623566635066,55.28862003887016,0.8743554631899236,overload
2026-02-19 20:00:00,MTR-003,51.10242897179256,49.834467053228956,50.25010295221426,2.516013798424276,421.963765946388,1460.5764919388553,0.678120597246335,117.64076055718873,51.33258846474113,0.8716648527257714,overload
2026-01-01 00:00:00,MTR-004,51.6997610032028,54.224510496968875,55.52834390263304,7.114005969884825,418.0616086240534,1481.263742136073,0.5703748492106955,79.86930941467325,55.58346545075662,0.8854132114480132,normal
2026-01-01 04:00:00,MTR-004,53.34817886739539,55.118391247261364,53.435771549452895,3.2801484431989403,419.2936508096418,1482.5405198364074,1.0903070841864855,78.73985122600878,55.428221964572266,0.8833399818587693,normal
2026-01-01 08:00:00,MTR-004,53.53864856332562,54.60030560066064,52.61452723796564,3.705882470556976,416.9947596485422,1481.6030416403614,0.9285334832767341,75.76534598213753,55.97826111329857,0.8777773504724785,normal
2026-01-01 12:00:00,MTR-004,52.20010361851437,53.83749653920068,54.61265951889463,4.505232494307991,407.2300092361529,1474.6947537230858,0.843056325498475,77.91701779084524,55.110341275742925,0.8707468584263689,normal
2026-01-01 16:00:00,MTR-004,52.88888084139318,55.298268044089106,55.67453867015339,5.100016734200417,414.37831026988897,1482.9855029954758,1.0285737582634933,79.94097691922676,54.99878303535542,0.8702250038824544,normal
2026-01-01 20:00:00,MTR-004,52.09839698791427,51.72973884212015,54.63705395381833,5.504013434743188,410.37716970033233,1482.812102242761,1.1286957894724134,75.48347074126542,57.39325424165448,0.8776379977236326,normal
2026-01-02 00:00:00,MTR-004,53.96320911773052,55.96999037896506,54.19660596219064,3.6680380914797825,414.1895769083277,1482.490484117039,0.4797132645768163,79.27310641374653,58.03223236071008,0.8660832939049596,normal
2026-01-02 04:00:00,MTR-004,54.78601533201486,52.36227926890489,54.39277528586496,4.501151437480204,418.9200169445356,1481.1185267459675,0.9651395474883108,82.64521845052553,51.98489411073316,0.8511747924853253,normal
2026-01-02 08:00:00,MTR-004,55.06250353787936,53.397990888218594,55.358247036312534,3.5898019919968736,416.2206033434999,1480.6605679426154,0.686002618378448,80.12363329197946,55.02004230348114,0.8749200405410296,normal
2026-01-02 12:00:00,MTR-004,54.39819308359607,53.96071916621273,53.16076870078641,2.2983410607184522,419.59236346558976,1483.0971681943793,0.9748665760198412,80.82805827112398,53.62261113310953,0.8586893137006503,normal
2026-01-02 16:00:00,MTR-004,53.075139512449375,53.859378556100964,53.89262678007714,1.5249053915566135,416.3670156828542,1485.7705404628105,0.919189080356187,78.43667750088431,54.378057067027854,0.8603785877180962,normal
2026-01-02 20:00:00,MTR-004,52.14521744782084,54.96615459842549,53.56541745743085,5.266978185184782,409.8066962413244,1477.1408786099055,0.9953589789660825,79.93586389752998,55.80503241947064,0.8700022394799579,normal
2026-01-03 00:00:00,MTR-004,52.31340604857456,52.98447684613417,52.87884930499996,1.2727614009227541,404.91661197370905,1483.2343761873842,0.8251128578258018,76.56429357129193,56.33887674308494,0.8690487512244653,normal
2026-01-03 04:00:00,MTR-004,52.781776725835684,54.25033614478374,53.68475975095987,2.7412667910840223,415.59523504671836,1479.7413487059775,0.6190139832271273,79.59172762468245,54.77574711277731,0.8558792439368437,normal
2026-01-03 08:00:00,MTR-004,53.146694689885756,53.444916385709035,55.06341225214315,3.5570516575376576,414.1442941345953,1479.6109808439141,0.8324447713114999,79.30877626812152,51.17331933055439,0.8716549156413314,normal
2026-01-03 12:00:00,MTR-004,53.84664144192808,54.28333534016392,54.543938062457016,1.2859405661847023,411.0922170424725,1475.3904079288538,0.9610271452709674,78.57982234807533,53.06990883884764,0.8796613966086105,normal
2026-01-03 16:00:00,MTR-004,53.02640235059811,53.93781863059404,54.618538080103875,2.9560128916386255,408.1974910013945,1479.1456317714537,1.0523088493012835,80.63201483943699,56.79299934040033,0.8587165842973422,normal
2026-01-03 20:00:00,MTR-004,54.32541685792153,54.08921822657566,54.14061658718718,0.4359107975599446,412.06102714610915,1477.0082051260947,0.7242253049291213,76.92243032430522,49.519147155930135,0.8827248333084876,normal
2026-01-04 00:00:00,MTR-004,53.77701743731251,53.47207216083423,54.50239083141945,1.9109290397509475,414.2220340605409,1478.6084367114822,1.0540590640309526,77.62588496705267,57.374854303364,0.8543982917487005,normal
2026-01-04 04:00:00,MTR-004,54.01012388327138,53.51033860790776,53.23143327134582,1.4532157301757176,417.6635112948256,1476.7054408486656,0.8028191565530218,78.19092408271659,56.042459981289085,0.8911732414437096,normal
2026-01-04 08:00:00,MTR-004,55.094640530564355,54.27578161346633,53.70287050950986,2.5603886419551256,415.7545243262719,1478.653274838061,0.954367482239179,75.9407780578212,57.63235216306004,0.8658873956951652,normal
2026-01-04 12:00:00,MTR-004,52.86697753516764,54.9059668855258,54.18432406748993,3.7769024559220536,421.4322689886909,1478.7816689289298,0.8235159070701551,78.45386388760049,54.60286162623808,0.8714561699682689,normal
2026-01-04 16:00:00,MTR-004,54.401956395160674,53.425651839170065,54.26641522452662,1.8069226770197626,410.8575837758184,1480.2902647553165,0.9273255941568153,74.56213917409231,50.87718915195419,0.8510796642751433,normal
2026-01-04 20:00:00,MTR-004,53.98658570066297,53.16598315721001,54.307380340725,2.1207683809767373,418.52423556822976,1475.155750413126,1.0337816451855413,80.09390906885642,55.860725283013,0.8693786393353069,normal
2026-01-05 00:00:00,MTR-004,53.67985317026909,54.588921759044965,53.867198129264274,1.6820485391864926,415.1891949725149,1475.663445556764,0.7159478884067196,78.09327473313193,57.54930624807668,0.8722848217771819,normal
2026-01-05 04:00:00,MTR-004,54.84984606803132,53.96879626266462,53.63767353491488,2.238458738875722,417.77867649647436,1481.0857428121915,0.7980141154879753,76.95821419219247,56.84944361102684,0.869138378959005,normal
2026-01-05 08:00:00,MTR-004,54.84385358837473,54.797278208626516,57.03146043172253,4.021385027773599,413.2539405469378,1477.6076856487898,0.927744388101313,76.33125277540975,53.67461703302393,0.8643691892294763,normal
2026-01-05 12:00:00,MTR-004,53.09136883585111,53.1304346751637,54.870515782015104,3.313280770874674,419.28672149556235,1483.2235893706898,1.2602375491545528,77.53084194076162,55.173522150925294,0.8605343548147218,normal
2026-01-05 16:00:00,MTR-004,53.825125839496394,52.2917386315935,54.39662157691452,3.934030087711472,416.18089903338097,1480.6758091660452,0.7705215431749758,79.37651942154483,53.93432746244015,0.8813052661953731,normal
2026-01-05 20:00:00,MTR-004,54.269963215280704,53.48831608144672,53.776119841721865,1.4516668982017467,412.282220060329,1481.8202864506193,1.2060200828995378,79.09547795747513,53.361467071621256,0.8703080713499795,normal
2026-01-06 00:00:00,MTR-004,53.73791352189832,53.264301495105585,53.56682992613388,0.8848754633132236,414.95190388434725,1484.2320769612627,1.2006634955512756,76.58892410544308,56.9107771423597,0.8854075237651677,normal
2026-01-06 04:00:00,MTR-004,54.56162047899629,53.92436313592291,53.87443143002212,1.2697473989284054,414.0417765642516,1479.0708675645803,0.8854033273947614,76.30792065474473,52.60493537746967,0.8647351764520508,normal
2026-01-06 08:00:00,MTR-004,54.26994433719386,53.38862859430043,54.28111568984322,1.6533694176040206,416.9567134025512,1478.2765398837512,0.855277121070015,79.31379741263929,53.212367138836775,0.8656520530662778,normal
2026-01-06 12:00:00,MTR-004,55.759258790741775,54.711376273282994,52.19478187769944,6.57388087780083,410.28089300250195,1482.6151077567965,0.7961902202002963,76.55530519076994,52.79194873305523,0.8781559424459616,normal
2026-01-06 16:00:00,MTR-004,52.530932029507404,53.72337574807438,52.4933859884403,2.3244238649166635,414.88259319153724,1481.528540691789,0.8897696204500997,78.119819548159,52.019504953401906,0.8537702503799643,normal
2026-01-06 20:00:00,MTR-004,53.882461449842495,54.144455518822944,53.3885929066186,1.4048140964675986,416.5812290105973,1479.438009070536,0.6889920851160664,78.24750928504855,55.29282858368521,0.8578653663984708,normal
2026-01-07 00:00:00,MTR-004,53.127837588948296,54.1513291761033,54.19885385930743,1.989774706584868,415.13209322877213,1484.1743739008677,0.8885641474019104,78.62412426345348,57.32300609696395,0.8809748497135317,normal
2026-01-07 04:00:00,MTR-004,54.579943157221486,54.1871568887157,53.770297778734225,1.4943860108317153,420.387764977556,1479.36326707048,1.1245320410776285,79.71654086036375,54.63024648750947,0.8582806607077681,normal
2026-01-07 08:00:00,MTR-004,52.447514985556275,53.976836053963225,55.41899637705551,5.508069572703817,418.0960910962842,1480.0983209126673,0.8083372406284923,75.47407412626535,51.98850439887167,0.8518094898469745,normal
2026-01-07 12:00:00,MTR-004,54.33246020181589,54.4901766627939,52.57689908448406,3.5562882514977514,414.970076813037,1480.0636679525028,0.8638913544016424,74.17768134947903,56.679889079484056,0.8886852718807309,normal
2026-01-07 16:00:00,MTR-004,53.39515350590559,53.236171071527224,53.27870834918077,0.29825977420314864,415.8667563899907,1477.1962183153046,0.6448289288599138,76.86510543754329,58.371403508069946,0.8560618235212579,normal
2026-01-07 20:00:00,MTR-004,53.295204608523825,55.34344120958773,55.45928807135146,3.956326709668451,416.182662205928,1480.2327561684592,0.9561093132196565,81.60305681566437,53.70751535170681,0.8718411939832816,normal
2026-01-08 00:00:00,MTR-004,52.61136172460094,53.772924111966205,54.12587455168814,2.8306859019212984,416.6131984166673,1484.1902805321954,0.9396722527427062,82.04434820017475,54.04289146656456,0.8706908519272427,normal
2026-01-08 04:00:00,MTR-004,53.553527091647034,52.740912827617265,54.84944887948911,3.9254409228731904,407.69736801734155,1481.3349049461285,0.9095553539648656,81.66235427113178,56.03132126016679,0.8418937168338192,normal
2026-01-08 08:00:00,MTR-004,55.04112050907929,54.1805504227121,55.96919706553869,3.24832721901218,413.7938948169226,1480.0931902791967,0.8674759424666785,77.61403726447863,58.243747495570105,0.8673268297683219,normal
2026-01-08 12:00:00,MTR-004,53.975818863811696,53.182866736850414,53.33394775881425,1.4822215394494835,409.0622437272263,1479.514698156503,0.8560863121841318,74.43576983603035,53.960331708549546,0.8744841324947911,normal
2026-01-08 16:00:00,MTR-004,54.602573201159494,54.63872115312852,53.90465823571965,1.349827389074616,420.11312378983797,1480.9926010852191,0.9752850350551008,73.31392179669632,52.33510043800359,0.8735430938151886,normal
2026-01-08 20:00:00,MTR-004,55.598056149087625,56.121221353000685,53.738470175106364,4.320289399580783,414.75660191998827,1482.2492998854675,0.8956775097617066,76.77192367690118,56.26283721254481,0.879035206838035,normal
2026-01-09 00:00:00,MTR-004,54.25320536142967,53.244890792104464,52.123590715696054,4.002491179306295,414.2266362012815,1481.8277164926692,0.9472457807332999,77.60385273970128,56.598136146284595,0.8661250868509457,normal
2026-01-09 04:00:00,MTR-004,53.46355241082016,54.319077439895025,53.70201906839427,1.5893616541286533,418.5871893281329,1479.0044054145342,0.9322474226181822,80.60125080211192,55.012262900870454,0.8771250444209217,normal
2026-01-09 08:00:00,MTR-004,54.44856212657548,52.314714634843554,54.84581969988544,4.698569177969379,416.6892991897995,1480.9743447823303,1.0685140930643642,79.73561091908489,53.8837334806851,0.8631067093191993,normal
2026-01-09 12:00:00,MTR-004,53.47747569953828,54.43574902026369,54.51896596013975,1.9235539265495136,410.4854619424832,1481.4398192234448,1.001549114606258,78.45481015798325,56.98875746198409,0.8558953258358722,normal
2026-01-09 16:00:00,MTR-004,53.515754224034715,53.149714752192295,54.59431984261249,2.687474232109551,414.7163785498905,1476.9784150374192,0.9289292764725287,76.22031045811772,56.05607200909593,0.8570227162431877,normal
2026-01-09 20:00:00,MTR-004,52.54090291236577,53.400158766302894,53.63951137858608,2.0653049024196894,413.6593321070945,1480.504691623551,1.127763304597827,76.07844088351023,53.46312896619301,0.8553788954480458,normal
2026-01-10 00:00:00,MTR-004,54.88920719144102,52.94276496975377,53.37014665343458,3.6223634701579486,408.02186844557576,1473.5160883410929,0.9630402793584842,78.50825537414288,55.098189462611344,0.8800958596789119,normal
2026-01-10 04:00:00,MTR-004,53.62943752737654,54.70286517701255,55.21848544502267,2.9147788322385697,412.2388950670512,1481.4476011294635,1.0957444033185628,79.39410195767945,52.296584935950705,0.8548542649094144,normal
2026-01-10 08:00:00,MTR-004,54.17481431598323,54.96701218317433,53.522575539496636,2.6639571268969844,414.2658387119341,1481.981029163688,0.9910413912579957,78.78376252449117,56.37178091287584,0.872740388406493,normal
2026-01-10 12:00:00,MTR-004,53.00547654853763,54.02244980607217,54.282318757241484,2.374633194224896,414.5401962740326,1482.2426383773593,0.6237121381602686,75.93080408078669,54.475532861234285,0.8673407580592757,normal
2026-01-10 16:00:00,MTR-004,54.41850972452686,53.170150362877706,54.156801293450435,2.3154146354246556,409.0710743052908,1478.8148594434913,1.0957252144978995,79.30133525758417,54.12857833523053,0.8689735142654936,normal
2026-01-10 20:00:00,MTR-004,53.26853641139032,55.525942114659706,55.40324833560683,4.124428053449251,419.6066623321899,1480.9271405050722,0.9202764362014004,78.85182193420282,54.93425102969513,0.883636072951997,normal
2026-01-11 00:00:00,MTR-004,53.863959627166246,53.27960627735553,54.932555863365465,3.0595800935633632,414.5915877644342,1484.2718615366234,0.8922067843648833,75.85866718761964,55.0806153986605,0.8656157263278472,normal
2026-01-11 04:00:00,MTR-004,54.84271298998956,51.92444899206966,52.756551724159564,5.48808185965546,415.15021230664223,1484.2413089448737,0.9422022521234366,76.43135805939949,56.78986012313112,0.8761160156154968,normal
2026-01-11 08:00:00,MTR-004,54.75912893974323,54.44005344955879,52.85994895989596,3.515716696805559,416.60256655335934,1479.9124819023202,0.8482525257064399,79.37699194912314,56.18218106265044,0.8703756335138111,normal
2026-01-11 12:00:00,MTR-004,53.97885113038374,52.93941631330414,54.55575342534637,3.0029668611891016,411.8476949843853,1480.4179588921886,0.9340543290583418,77.53098492970821,54.68718144241439,0.868479810943673,normal
2026-01-11 16:00:00,MTR-004,52.30259420860155,54.949064441759205,53.938235858516,4.925501517116352,416.8254238925308,1483.3327334342032,0.8112185900485361,81.17829460327292,56.52733629943799,0.8929996912438647,normal
2026-01-11 20:00:00,MTR-004,56.87309814725822,53.634107811193516,53.56303508740439,6.052401164441576,413.5317014159273,1475.4975939542135,1.0911408388101556,79.00225855212915,55.801474507383226,0.8555865825428463,normal
2026-01-12 00:00:00,MTR-004,55.67602461146221,54.579564710922426,54.975002768634695,1.990781283291267,411.4136578374112,1479.030772771969,0.8829617829568425,77.02673762362146,54.14680072742792,0.8828913183543744,normal
2026-01-12 04:00:00,MTR-004,54.693767831892764,55.345440332690075,54.17996100680536,2.129129014168302,417.2937899734216,1484.0067113666103,0.842612423591635,77.97958879921813,54.75056368352703,0.8765640656548997,normal
2026-01-12 08:00:00,MTR-004,53.27692436967267,52.83949548996411,54.05035909141387,2.268005155713003,420.9666954352072,1482.9256016250542,0.761261127642109,78.12676678527544,54.703554222313755,0.8652047500536821,normal
2026-01-12 12:00:00,MTR-004,53.890951524766116,53.45670035434329,54.748635495124844,2.3910513221049468,417.89931749394333,1481.1077913329498,0.9403163683722963,76.54321937351658,56.0105226863484,0.8862931851744161,normal
2026-01-12 16:00:00,MTR-004,53.478316387414544,53.92735577024922,53.639895364854176,0.8364825988245046,418.6919102605617,1475.4825027840081,0.9280660650187638,76.17482360364475,54.26595477055672,0.8515188988761146,normal
2026-01-12 20:00:00,MTR-004,55.21330170153253,55.476049266272966,55.50577822605365,0.5279514374575198,412.91747757375083,1479.8502693008766,0.958263692051626,79.402779787619,54.219181627156736,0.8647823334270093,normal
2026-01-13 00:00:00,MTR-004,54.25200277521776,53.36795259077717,53.243474281696315,1.880841088114748,408.6095210833262,1478.2302538112501,0.7459122168742307,79.6905465940842,58.937514618867915,0.8579151779573092,normal
2026-01-13 04:00:00,MTR-004,53.24720269597456,53.42927645188895,54.6306519036884,2.5729473930170705,420.9605500883994,1480.9931167084517,0.6598228201782641,79.20756293910591,56.87947096349421,0.8741208346487146,normal
2026-01-13 08:00:00,MTR-004,53.54807510484021,54.45901495253358,55.37647952511345,3.357261244099837,423.21805955761903,1477.5719599456154,0.993838695375984,81.0306361886476,53.47879867114972,0.8588693589881282,normal
2026-01-13 12:00:00,MTR-004,55.07634061686711,53.44586042331785,52.67779633029878,4.463792169405156,421.17122709507873,1476.9228298150763,1.122696279281476,76.9164535279768,56.141881987884396,0.8743306394674132,normal
2026-01-13 16:00:00,MTR-004,55.53609393294766,54.14642484758171,53.67039823118165,3.4263772007798057,413.656856244081,1473.805404166949,0.7460469566415155,81.34854153214226,55.23670013131036,0.8681356358417844,normal
2026-01-13 20:00:00,MTR-004,55.4671983009468,52.5105240758706,55.09651909717014,5.439254289981463,410.38146264508464,1483.6654140549301,1.1384161925342549,76.1981577628917,55.78310235052019,0.8652064605734392,normal
2026-01-14 00:00:00,MTR-004,54.726750782451816,56.125756744854336,55.11095476582178,2.5288806519321114,410.7372692087217,1478.8006884656709,0.9425866588104571,75.97462887326301,55.274682649130206,0.8738864724603331,normal
2026-01-14 04:00:00,MTR-004,53.75748012594947,52.706199138902974,53.83536422362729,2.1132348518451334,408.2650697295438,1480.4714373511076,0.8989405643173756,74.4800822357015,57.37928529097047,0.8673137837606194,normal
2026-01-14 08:00:00,MTR-004,50.888146727684045,53.6911174041694,53.29471575007022,5.326344490552025,414.57048552635985,1479.9932856505775,0.8403676955181333,77.10840937234637,55.691240689302894,0.8591136515694096,normal
2026-01-14 12:00:00,MTR-004,54.28527362285589,53.96881820559159,54.91769838943753,1.7445665992489767,421.4227118323298,1476.7976982011185,0.6923222970862506,76.99255532634109,54.87582260357143,0.8980137298963498,normal
2026-01-14 16:00:00,MTR-004,53.998244391509665,55.836180608982524,55.13620713847834,3.342297099142935,414.43334947251105,1476.2228052656553,1.0481592773886899,79.0518745605093,57.084381153966035,0.8651283281697085,normal
2026-01-14 20:00:00,MTR-004,54.1343828124685,52.72814805030457,52.8819231854281,2.64090813770527,416.2092916013931,1476.9840546220082,0.7836590457843595,78.4877818832409,55.46657008217574,0.8478239091984798,normal
2026-01-15 00:00:00,MTR-004,54.05174145315188,55.9043559700596,52.84424289699228,5.6390172165154056,420.50238785721683,1477.830494683512,0.7830289986393599,75.61405325796173,55.242957158658115,0.8615790131027861,normal
2026-01-15 04:00:00,MTR-004,52.72678832452881,54.72688974825794,54.21624641470426,3.711453623924744,413.38361875267043,1481.0998187410414,1.048788946483043,77.21454752314837,55.62804520497223,0.8573272331162727,normal
2026-01-15 08:00:00,MTR-004,54.53511221457714,54.400411511446315,54.60418620809174,0.3738077376941402,423.1421258268784,1477.6128470094382,0.617552482999241,77.25707595782463,54.81278195326727,0.8782614561604052,normal
2026-01-15 12:00:00,MTR-004,54.60692766147058,53.05475166046276,53.71289367817915,2.8855400925028007,422.9683776299898,1485.239471894784,0.6714603283997751,74.44803550607621,55.01845398599094,0.8732165265959159,normal
2026-01-15 16:00:00,MTR-004,54.655045230777276,54.54829559235655,54.65212206718306,0.19544598001992813,414.47555464527807,1483.0814531076794,0.8972798634737877,76.03810654597326,53.826610822476255,0.8739871280179035,normal
2026-01-15 20:00:00,MTR-004,54.908713923430454,53.305452842476996,53.31826885743612,2.9775959387349817,412.6898629439232,1482.4250786489972,0.9439926643507278,76.45837273877183,53.49766556075224,0.8662997753416275,normal
2026-01-16 00:00:00,MTR-004,54.57988957912476,55.21599480307047,51.96989414488922,6.020001302632301,417.78895218556124,1479.6410232925805,0.9727101971953386,80.86725003964189,53.002859227035124,0.8672064975294308,normal
2026-01-16 04:00:00,MTR-004,53.60637176492265,53.067780452056574,53.59305497056071,1.0081750140610446,413.60990022992456,1484.5428422071614,0.8547302259905621,78.3829014319147,52.21603342640585,0.8662906889639234,normal
2026-01-16 08:00:00,MTR-004,53.931996626000554,53.89136784532216,54.060702860652576,0.31380793327208,410.37377913173066,1479.3459831066366,1.2795554502962534,79.324337507895,53.240565277230885,0.8691880681586452,normal
2026-01-16 12:00:00,MTR-004,54.08747987256324,53.46693783550735,53.7351936384994,1.154213278602003,420.1249546140919,1479.9062157575372,0.8658161161851249,75.00272900570158,54.65146593106615,0.8783533343536484,normal
2026-01-16 16:00:00,MTR-004,54.10339147114235,53.05197795607008,52.887740866886894,2.2787309032326615,419.86578954910834,1480.5099236192477,0.8653820771845917,80.38842896602799,55.206235164891275,0.8733607541250534,normal
2026-01-16 20:00:00,MTR-004,54.95828894973286,54.711667024231595,52.256976983156335,5.004686837288241,415.6220464150542,1482.10546912163,0.7804519996779185,80.60220412604818,54.45740687370472,0.8750011282962087,normal
2026-01-17 00:00:00,MTR-004,54.617922002901594,54.51404039751325,53.50647474780682,2.0501560539748334,409.9485409850873,1481.910724237009,0.9185860224781607,74.00331006571075,50.288593019745285,0.874995589082492,normal
2026-01-17 04:00:00,MTR-004,55.99424970198716,55.16064979094496,54.861749540783755,2.0464817856432096,410.0818949951305,1478.5746241646661,0.9922441848070163,76.5893665521683,58.149172715524685,0.8788444243738174,normal
2026-01-17 08:00:00,MTR-004,56.118210220689285,52.29131989612016,55.205949541837136,7.016861117089703,415.4289171536766,1478.4010188417221,1.080536708180019,78.99153114603102,57.172960245780764,0.8728815004154026,normal
2026-01-17 12:00:00,MTR-004,54.07646359930937,55.021603874247404,55.14020484877292,1.943045127829663,413.00051586197986,1481.9197088714564,0.6766073603339673,79.28877690707637,55.89151970243426,0.8735884807267892,normal
2026-01-17 16:00:00,MTR-004,50.316810673479004,56.40523094914262,53.21672684625739,11.420158478052125,413.6356282714336,1482.1457097516736,0.8631006992466449,76.64301053902555,58.81498134510654,0.8818880624119315,normal
2026-01-17 20:00:00,MTR-004,55.18735916748218,53.56642455439013,52.89244192931485,4.259147831486299,419.08785262024,1478.8199466255314,0.9670055416213716,77.3890010738927,53.04527176503258,0.8633495408199688,normal
2026-01-18 00:00:00,MTR-004,53.48123871457243,55.81934266762461,54.4767692303807,4.282833879605979,417.9327172696902,1475.2384357909646,0.9880586301891804,76.80523787790972,58.77525024125201,0.861442574200485,normal
2026-01-18 04:00:00,MTR-004,53.23057543504223,53.74736517882257,54.609696011134005,2.5604444836810214,420.51257072199047,1479.3780517119753,0.9009822986706809,78.22083609389225,53.0695718464989,0.8581407840081314,normal
2026-01-18 08:00:00,MTR-004,53.61749253601021,52.68248665194115,54.38416282099248,3.177058073888738,411.037507106491,1481.8705773964775,0.9813635954298153,80.39435706292383,55.477475850582714,0.8718291456362025,normal
2026-01-18 12:00:00,MTR-004,53.571222675057975,53.70659285528948,52.066499256731746,3.087829523285993,413.6272337252532,1485.4162505392594,0.77865541606113,76.4579156857176,52.452325349731595,0.8514626775878088,normal
2026-01-18 16:00:00,MTR-004,54.58777901770118,55.00627580896826,53.167790798511874,3.388665820410096,418.03592678184043,1476.406126112978,1.1336858148477535,80.00164099553683,55.029388191088735,0.8746215409605967,normal
2026-01-18 20:00:00,MTR-004,52.50294165203882,53.19535057696173,53.97149876132546,2.7592391150100872,416.79231336405155,1478.7202862415083,1.0488942154469145,76.43665585530623,55.77233299599678,0.8689080690549945,normal
2026-01-19 00:00:00,MTR-004,52.965388084040065,53.42367488735377,54.46772946684521,2.8018861249803413,421.1295215303505,1478.831789315424,0.6982608319402241,76.30474557500624,54.690619337730894,0.8813463969982106,normal
2026-01-19 04:00:00,MTR-004,54.329432212029516,54.56979785500146,54.73661506809839,0.7465042681802805,416.6821468236163,1484.0674160182946,0.7387345427824867,79.63718923668642,56.427754888180274,0.8632808268953501,normal
2026-01-19 08:00:00,MTR-004,54.59802626919677,54.00293771206903,54.138483381390756,1.0970085620389642,422.3924364164222,1479.8951754986242,0.7429617374839641,79.84387275601523,55.19802889897451,0.8679668171458249,normal
2026-01-19 12:00:00,MTR-004,54.61587997913857,54.56123803438727,54.31755245427671,0.547407797468135,417.16007120689255,1477.278020321883,1.0016954956344792,79.70281987352531,53.95517054324498,0.8812220333329337,normal
2026-01-19 16:00:00,MTR-004,53.24444517222403,54.228316359128,54.08147084002666,1.8270109779153145,419.24866979035465,1481.6760858487655,0.7072908350373799,75.36840518356372,53.86637336439532,0.8838313564677815,normal
2026-01-19 20:00:00,MTR-004,53.06086497670441,54.46044030676951,54.65819459924975,2.954743892477921,413.7059402128622,1478.7860844398772,0.850346349868788,77.0680980438559,56.62182754523139,0.8631984763424818,normal
2026-01-20 00:00:00,MTR-004,53.513630559563595,53.58499086162284,54.300351025431276,1.4623150084698717,415.057148847536,1476.3268381799262,0.9682056594625161,79.64597718400664,53.692515940386066,0.8718178123258716,normal
2026-01-20 04:00:00,MTR-004,54.23027784219334,54.22246170434918,54.063108153645395,0.30859086836197236,418.6437776153579,1477.3216800781715,0.8900751098180348,78.08308368112779,56.830805940969874,0.8729441897768405,normal
2026-01-20 08:00:00,MTR-004,55.42605827450165,53.1097219145319,53.742365952828116,4.2821595175449545,421.4519126823722,1485.2021258632678,0.9388331273569059,75.85261430760507,57.44542358566386,0.8737365340562114,normal
2026-01-20 12:00:00,MTR-004,52.03446030166008,55.23689627760325,54.07803976804078,5.954350090749518,417.91694779724304,1481.1526276649483,0.7401295932976864,78.91663587825089,51.66257227530774,0.8673742434068438,normal
2026-01-20 16:00:00,MTR-004,53.788100393319965,53.39109627185538,54.4652077236857,1.9934710191013636,414.66731291226154,1480.3232801663576,0.9892281560095867,76.57038548201706,57.26585277460207,0.8828138339812364,normal
2026-01-20 20:00:00,MTR-004,52.720628696615805,55.08369358804742,54.25677637334214,4.374396282018942,420.50934011811336,1479.2503187925638,0.8080182161286006,81.58904969678443,59.1208453968894,0.8511029651637846,normal
2026-01-21 00:00:00,MTR-004,52.41384702974065,53.775737317456446,54.365593361611445,3.6468702406046076,406.23208537488046,1480.8764465263564,0.8513070488403088,81.08968292483652,55.50400752240386,0.8657886976519892,normal
2026-01-21 04:00:00,MTR-004,54.92827837953102,54.193919050327025,55.28901298689714,1.9982103418512052,409.3110619939725,1480.8407078380076,0.9356597591858979,79.20819485271113,56.19816837058964,0.8744793073277295,normal
2026-01-21 08:00:00,MTR-004,54.522839591519364,53.52483403114493,54.254557365836725,1.8447168981524578,417.72653689467353,1480.876506484622,0.9154617332296272,80.72201340953954,57.074010648738316,0.8745722481194934,normal
2026-01-21 12:00:00,MTR-004,54.43145617530937,53.02464438607869,53.37696142034577,2.624109319122063,415.0564334250125,1480.3445352708331,0.903597002852339,78.12958270024676,54.449035369641955,0.8835275903061476,normal
2026-01-21 16:00:00,MTR-004,54.884184806141754,52.32503002789891,54.8482625145544,4.737494659511362,417.4220546044967,1482.6063950149166,0.7874059767034867,79.53087498875003,55.36456044707574,0.8819822539320129,normal
2026-01-21 20:00:00,MTR-004,53.53946985910451,52.98688880775124,52.68844959583784,1.6035322453095135,415.25763008972774,1480.0693130380023,0.8550675883201212,80.95544059060416,52.37160094075378,0.8671445837469277,normal
2026-01-22 00:00:00,MTR-004,53.584667984319815,53.689047500912714,52.96184315449028,1.3615036873135538,417.2837827784155,1477.0661834933421,0.9003275386255554,78.49099736358862,55.2772700570609,0.882998712435306,normal
2026-01-22 04:00:00,MTR-004,56.09830139205367,54.20340401167573,54.322413374131266,3.453134439434475,411.7423887160272,1478.1627313272975,0.6937372150249372,77.48962565697143,55.996223991289085,0.8628595825622254,normal
2026-01-22 08:00:00,MTR-004,53.76329178791081,54.969964140751934,54.495740801075115,2.21775366573938,417.2819443443188,1474.0629439195309,0.8306200550529932,74.59075608364577,56.03232604585294,0.8793088738279183,normal
2026-01-22 12:00:00,MTR-004,54.70572682853193,53.57207283859503,52.804750825436166,3.5403760319467903,418.97765811283034,1486.080451348127,0.958151981854927,77.83373294855701,57.13084944719516,0.88810522478421,normal
2026-01-22 16:00:00,MTR-004,54.00612627932478,53.153317666303515,53.63249521825272,1.591140608395937,419.8822024157249,1482.588263775858,0.7083845094231986,79.64684636912462,53.45039564372894,0.8821494410685496,normal
2026-01-22 20:00:00,MTR-004,52.22567181112472,52.61499380543739,53.41815952106913,2.260514146191881,423.0542171785948,1477.5097885146122,1.073487247739136,79.89126685513526,53.93478648665301,0.8710577038352413,normal
2026-01-23 00:00:00,MTR-004,52.03715615635078,54.46086107318794,53.53279073003367,4.543571855456942,415.9763937740095,1479.1544654518086,1.0904419893899764,79.00873013143682,58.79101469198271,0.8666822122822788,normal
2026-01-23 04:00:00,MTR-004,53.44417514885769,55.32786673471617,54.90585386522203,3.4525582893907703,416.0956443473887,1478.0893705773808,0.7132274136059872,76.91740181007552,54.69934325247258,0.8547140870374071,normal
2026-01-23 08:00:00,MTR-004,55.01385720160319,55.21567705723804,54.678245245005364,0.9776951951866034,408.9073101433046,1484.6276416341223,1.103642944957521,74.04635686210482,55.40006757462466,0.8731053963791421,normal
2026-01-23 12:00:00,MTR-004,54.75675999037056,54.681535438221346,53.98164270734044,1.4229303202624748,412.8743543954463,1475.7403685071872,0.8784627616931798,77.00956980399053,54.865979916549556,0.8588478277202908,normal
2026-01-23 16:00:00,MTR-004,54.87751407765507,54.61300158457689,53.47587654996967,2.5802329707225216,414.22767170397356,1480.3434281764564,0.9627771838735583,77.3913102578921,53.35663834738995,0.8620686533638606,normal
2026-01-23 20:00:00,MTR-004,53.052435668221136,55.629718828520964,52.704336316588666,5.437969120939565,419.2012782091054,1479.6744164723054,0.825502342180763,77.37414206561998,58.24705842178361,0.8580925419926333,normal
2026-01-24 00:00:00,MTR-004,55.551237590517424,54.31879820296014,55.36337754123067,2.2376334713744077,412.5559955036415,1482.4805158921274,1.0384567240840143,79.23711271395585,53.94459717615879,0.8653960766734334,normal
2026-01-24 04:00:00,MTR-004,53.07370243182107,54.6202844889832,54.56842934427352,2.8594090229167692,418.1853600789953,1479.6879723168258,0.9609141028273,81.97135282202967,52.74542895258614,0.8697203058551302,normal
2026-01-24 08:00:00,MTR-004,54.20431142272317,53.69204749262208,53.321597660089786,1.6425845756586521,414.99351313214646,1474.7253733700336,0.7778770115103595,78.24705840368219,54.098519445394494,0.872736145811657,normal
2026-01-24 12:00:00,MTR-004,53.990061801688576,52.692438363979434,54.6908155177199,3.7150698898594547,414.29132753954093,1479.2466464960726,0.7252197000052067,77.56653642168708,50.99658799654893,0.8639949336458603,normal
2026-01-24 16:00:00,MTR-004,53.833081132497995,53.34350505552041,53.93258532424836,1.096921292310963,415.99557587653305,1477.08351334617,0.6809546347186166,77.48155637399182,53.69742507003364,0.8806928370639518,normal
2026-01-24 20:00:00,MTR-004,55.28504845276378,53.99120732300673,53.72437487533215,2.8723942438705,413.43537451098865,1480.2387386396697,0.9281912664649135,78.24876953381543,53.063742804295345,0.8679179474201003,normal
2026-01-25 00:00:00,MTR-004,53.32309390064068,54.05835395760125,54.41780306715802,2.0297544523653075,413.2838510076293,1484.302531109561,0.9858707117669604,76.3434124793032,56.23485726185465,0.8621227756673449,normal
2026-01-25 04:00:00,MTR-004,52.70437895451655,55.849234420661176,53.28816168008378,5.829500075127333,408.18085637683953,1474.7817242673032,0.9976448518169162,78.24039711749211,53.65317152088026,0.8722629226724343,normal
2026-01-25 08:00:00,MTR-004,54.019195666758165,54.078026080887426,53.6699937412703,0.7567027813093947,414.0081831706884,1477.5993317938003,0.8823028358088933,78.9016246726636,56.775607871157696,0.8896355283354381,normal
2026-01-25 12:00:00,MTR-004,53.616166335084934,55.131689706264616,54.116602621631564,2.7916281740433995,413.0801274154051,1478.3419211386495,0.7264505316503455,78.41937212714897,57.79696798613864,0.8733516056653512,normal
2026-01-25 16:00:00,MTR-004,57.24228760231934,53.58232584808674,53.520526854830194,6.793801278048309,412.9360760426037,1478.8551067137603,0.7976887802964325,78.91508386800956,56.5623506725752,0.866371443726264,normal
2026-01-25 20:00:00,MTR-004,54.64944717738238,53.70079114966538,54.64232180185682,1.7460723856967661,416.66749225036017,1482.2203769923158,1.0728522958442888,78.86749521869707,54.56922342227985,0.8547253864388129,normal
2026-01-26 00:00:00,MTR-004,53.60703304779012,52.72415266826549,55.79430384353113,5.681064433986962,417.63452781116206,1479.479366747316,0.8273057153099879,74.45620663550712,55.28222899341119,0.8678058767902793,normal
2026-01-26 04:00:00,MTR-004,52.9861328935804,53.28736510763849,53.27587379269714,0.5664056410961995,415.9287780185693,1481.2474081771613,0.9215126446022215,79.2737403167908,51.95003011971188,0.8723492812508812,normal
2026-01-26 08:00:00,MTR-004,52.19492312585397,54.505902135709206,52.40147971554812,4.357533997111542,418.9816607617979,1478.1226808688048,0.7386524274637669,76.65797030867509,54.73244125495752,0.8661241910874443,normal
2026-01-26 12:00:00,MTR-004,53.01578967769206,54.00725777317837,52.07832943922279,3.6371683985263186,417.3022477033215,1480.6897730362539,0.9504874568188553,75.80832167399208,53.27912306386634,0.85334615361759,normal
2026-01-26 16:00:00,MTR-004,54.11034410088877,54.905221075101345,53.85555058416482,1.933437649832791,413.8197752407774,1482.3333928926331,0.8313473157481384,75.79109634429001,56.3886527622986,0.8614943461049657,normal
2026-01-26 20:00:00,MTR-004,55.37023550553098,54.17400379041125,53.36336199347886,3.6957272027228103,413.1485748571425,1477.8031013507887,1.0570069070663646,78.86708322094506,60.14550477848895,0.8845453846088775,normal
2026-01-27 00:00:00,MTR-004,55.0768215766924,53.66164441762777,54.199546081024394,2.6056114365938834,416.2512889470674,1482.3440743594194,1.0160336559310221,77.55485014555029,55.99964327194762,0.8843400100373046,normal
2026-01-27 04:00:00,MTR-004,54.21993103838052,56.06236498923548,54.127293765145055,3.5309459013849374,417.2950684396076,1480.1571183061826,0.8256441080137651,74.63606243202918,51.017719702090666,0.861133608307954,normal
2026-01-27 08:00:00,MTR-004,53.689759040925615,53.909852574035476,52.46091182725047,2.715736614421606,420.591377228126,1483.1363807214468,0.8810003958978505,78.95607563038456,54.27753961417125,0.8767275678719942,normal
2026-01-27 12:00:00,MTR-004,54.25805986215567,55.11648093091709,52.25771152369785,5.306062434154342,419.7646921797604,1479.3957402997692,0.8173325639939057,75.12078373840235,55.24498185074891,0.8582142721522983,normal
2026-01-27 16:00:00,MTR-004,53.50210752241481,53.61483916171711,54.284095910732255,1.453500626288384,412.8341079739713,1481.1437339654863,0.6870850205182486,78.27964271703642,55.17471485052053,0.8840431628199495,normal
2026-01-27 20:00:00,MTR-004,55.64962943593332,54.681215500208225,54.13001168133116,2.7719989774892935,414.591974879491,1479.8781813049643,0.7713836355679176,78.47699785134611,53.53837374878249,0.8724523584789423,normal
2026-01-28 00:00:00,MTR-004,53.818377425975925,54.89089503278562,53.59121472156811,2.402359352945366,417.68407121967107,1479.7113632138783,0.929732599158123,79.7711541633901,55.49058348527387,0.8794964149861654,normal
2026-01-28 04:00:00,MTR-004,53.91711565608314,54.20015229175256,52.409142158272985,3.347131725481885,419.27199111223587,1480.776791284677,0.9487889247344373,81.56336957293371,52.514998326161226,0.8528490665281746,normal
2026-01-28 08:00:00,MTR-004,51.87281047198016,51.739696394211265,54.452535612254394,5.148840962250826,418.7558778748192,1481.6104224076746,0.9222821855388958,75.27064734819892,53.110182554629866,0.8767763710192489,normal
2026-01-28 12:00:00,MTR-004,53.812382547338146,54.01752236242187,55.221023563606984,2.591781039441786,414.7444886686746,1476.251305264228,0.8547400419062047,77.8950522878739,56.29159528320742,0.869923259363155,normal
2026-01-28 16:00:00,MTR-004,54.80302477244634,55.181241645849575,54.26686314261016,1.6700862374898022,409.98390939028593,1484.3009008264537,1.0399599908581478,77.44732940991156,52.968673538240346,0.8785192907079085,normal
2026-01-28 20:00:00,MTR-004,52.974986326042995,54.50638159970662,53.18642506505754,2.859431710282933,411.0042544950176,1474.4210108783507,0.9095312856841407,78.86749937192192,56.076423210984515,0.8791486779809785,normal
2026-01-29 00:00:00,MTR-004,53.2793084788869,54.42800532022007,54.04277007894831,2.130503083137543,416.09053405727764,1477.9455636707833,1.0054880742143921,78.43133754186724,52.261072450687884,0.8706578468947475,normal
2026-01-29 04:00:00,MTR-004,54.76100257702432,52.34663334340078,52.68853048230366,4.532716812877764,416.3689023176974,1479.7171927877052,0.6339337301696222,77.29490751452676,58.52965176758347,0.8639917036090409,normal
2026-01-29 08:00:00,MTR-004,52.58240906542267,53.308363132151946,55.01564228528524,4.536611969788996,410.6052825062625,1481.2370679072578,0.31163996225724866,77.11819562277829,53.45146015519189,0.8777969618217949,normal
2026-01-29 12:00:00,MTR-004,55.015488967240245,54.39490332590538,54.07857056114836,1.719232399058447,415.1782784435571,1484.7285175832242,0.9425682041757121,75.7670982896319,54.55266685639311,0.8693984550059487,normal
2026-01-29 16:00:00,MTR-004,53.48914186543382,54.39396794571542,52.302569364716895,3.91682688195066,417.52489742788714,1474.4251255353247,0.6862851519417766,79.97572316481302,55.66122652218081,0.8612721504647236,normal
2026-01-29 20:00:00,MTR-004,53.626974508328445,55.16608010892759,53.711352613974064,2.8413486627641893,410.39509336997145,1478.4769176148309,0.8681322445930416,78.91840836319906,53.86930009499781,0.8607984776854232,normal
2026-01-30 00:00:00,MTR-004,52.92107673107943,53.86092791505975,54.44476944982486,2.835185521677393,419.41998880721763,1473.6194995366022,0.8546854438463092,79.83553639559028,55.28681192214261,0.8552283558368762,normal
2026-01-30 04:00:00,MTR-004,54.36292441001077,54.38959112320686,53.6802742838635,1.3100498491877322,413.4898754057607,1480.0948659217308,1.1381100903623305,77.37920772704898,56.15071344904025,0.8648970884043694,normal
2026-01-30 08:00:00,MTR-004,56.361477105628204,54.01571927225404,53.735140107417436,4.800986423917048,420.0304524503066,1480.8150507535001,0.959999482941541,76.68632906261114,56.92122646500697,0.8810269204607438,normal
2026-01-30 12:00:00,MTR-004,54.750237349882205,53.052534972958505,52.82457388123462,3.596517369217536,412.86619021689637,1484.7723872265137,0.924878854019801,75.84336986674154,56.582994871945914,0.8717782979970543,normal
2026-01-30 16:00:00,MTR-004,53.17028614853709,51.83444032214904,54.54387934759839,5.094571046020716,410.89349806846326,1480.3619042826804,1.0255486731950512,78.71783516748133,54.65637907239465,0.8647023229407695,normal
2026-01-30 20:00:00,MTR-004,55.090195762071815,54.41376930444488,53.37746956798163,3.1545514034797772,413.1674520406331,1483.1320753883272,0.9552746380258559,75.92041355094354,54.706736451912796,0.8780485593818008,normal
2026-01-31 00:00:00,MTR-004,53.69598763590312,54.1669893200763,51.92981243807517,4.200146121395078,414.6194075076907,1481.7515112446172,0.831348451051735,81.6973261379331,59.69821711605007,0.8616752337827661,normal
2026-01-31 04:00:00,MTR-004,55.31950558217046,53.40655195958384,53.64359292415642,3.534441843837514,413.4460803729141,1478.6942554089844,1.060721389538184,75.38471483781312,56.89977813649858,0.8709535027433278,normal
2026-01-31 08:00:00,MTR-004,54.77440934607779,52.44559386574477,54.94190372694754,4.6181805116759085,414.13599431370756,1475.7731177596238,0.733537480816759,78.547320238425,53.15635268735957,0.8682036962727449,normal
2026-01-31 12:00:00,MTR-004,51.17458409714714,54.60454993383239,53.62854773126405,6.4550825884307885,416.33586059870476,1480.8250068948755,0.9484870781300343,81.13370941442757,55.199976327531104,0.8777913062558835,normal
2026-01-31 16:00:00,MTR-004,53.03608355236317,53.74471672877227,55.66846558571858,4.861299962130232,414.3152825208144,1475.523693948564,0.6678645308795533,79.19817951852762,54.329713722443614,0.854227716290805,normal
2026-01-31 20:00:00,MTR-004,54.906609813921975,54.53459973347342,54.41180923060658,0.905934941581604,414.73555042419196,1483.885621218009,0.9305915786273993,78.35134742498356,54.72933153215378,0.8614980225418535,normal
2026-02-01 00:00:00,MTR-004,54.14559098125922,55.789486589195285,54.32520783578915,3.0023610464399835,408.16309440318963,1479.5138136938895,0.9289484462659394,76.06303270607621,52.54100968458383,0.8536175434090547,normal
2026-02-01 04:00:00,MTR-004,53.017194290200464,51.94422635489308,53.876737664719094,3.649962950445439,416.56679206404186,1483.5855322345342,1.1514682442871993,75.2364616228646,54.176153531228096,0.8674040327819073,normal
2026-02-01 08:00:00,MTR-004,53.39175406512594,53.32838322364573,53.93444524054628,1.1317361895791882,414.6431868092333,1478.5593566976029,0.6652539159837332,79.54010021783517,58.623111546387825,0.8821142750363243,normal
2026-02-01 12:00:00,MTR-004,52.17001284471419,53.798999411220564,53.74711331028528,3.0597785177883767,421.44117192193147,1480.806552359203,0.8098669236219281,81.01229448154989,56.158152601751006,0.8649455279034647,normal
2026-02-01 16:00:00,MTR-004,53.91516164397466,55.396633127180785,53.709821383600776,3.1041498361396203,411.24173933098416,1480.628046572004,1.0234023639861216,77.12230001904366,50.01767718369708,0.8648931606180434,normal
2026-02-01 20:00:00,MTR-004,56.12226213697513,52.42905310156178,54.50963247558446,6.794776592164101,407.76681868600195,1479.8648676459673,0.9502975884595962,75.72187698476729,57.433446984995896,0.8787172442418414,normal
2026-02-02 00:00:00,MTR-004,54.77273605510303,55.85842658465338,53.10160201940106,5.051202618470175,417.47227397572016,1478.70202145981,0.9270457577006255,73.08366113890196,57.17925904581832,0.880685495584553,normal
2026-02-02 04:00:00,MTR-004,56.10280032114088,54.13042166550364,52.96714192442471,5.7640650821554225,416.386108073252,1481.1773680554115,0.7565796445562192,76.03847031267493,54.281429391387164,0.869114289327312,normal
2026-02-02 08:00:00,MTR-004,54.84710120619838,53.907839364735494,52.92173275115964,3.5726275451060454,410.9662679178754,1477.2215102095504,0.8113772477862856,77.77268631500192,56.43452708756643,0.8768471485404989,normal
2026-02-02 12:00:00,MTR-004,54.986380169618585,53.80986262730985,55.96382836577007,3.9220043847878796,408.8810041799836,1476.3716940131228,1.0867561512334885,81.19824648167346,53.2812015783656,0.8592304545912205,normal
2026-02-02 16:00:00,MTR-004,55.895115540235224,53.58118748910717,54.509129185603754,4.233171239433705,421.14958692273717,1483.7284806799805,0.8922736209369109,79.34626738446593,54.059488567467284,0.8837797433392541,normal
2026-02-02 20:00:00,MTR-004,54.36217272896854,55.00619208889839,54.29231251361294,1.3085847869972114,420.6564415624271,1482.1815039666762,0.956303954421671,78.6101708094135,57.997092721339705,0.8914870629393705,normal
2026-02-03 00:00:00,MTR-004,53.820261771353394,52.97422007608086,52.984785916518305,1.5885196629936105,405.0501729651755,1480.1976748258066,0.8827217506835282,77.19976067739773,54.45653992026058,0.8752121579118872,normal
2026-02-03 04:00:00,MTR-004,54.99135121595713,54.3315976143781,54.59840860864784,1.2074453479766039,413.167107882974,1484.9954271476313,0.7225371727125353,76.83366856548808,51.26053667609002,0.8491566837865719,normal
2026-02-03 08:00:00,MTR-004,55.39568662763701,53.631185600921306,53.8880915074048,3.2492430153477607,421.6567682191356,1479.1967034438255,1.0400715639112494,80.81129519501593,54.87339355443733,0.8644176973760221,winding_fault_imbalance
2026-02-03 12:00:00,MTR-004,53.539233942996276,53.26835188942647,54.314693092577386,1.9482244357491463,413.09574976888854,1483.968109659967,0.9754848576798745,78.40147708151677,54.84282321417129,0.8761282532166932,winding_fault_imbalance
2026-02-03 16:00:00,MTR-004,53.30729368095357,56.48253616865654,53.280626314952805,5.890539455790542,413.0375510638934,1480.5267222547775,1.2458455256050784,73.79479861615796,57.39673713874692,0.8657851700283363,winding_fault_imbalance
2026-02-03 20:00:00,MTR-004,54.13330179113365,54.40228870536332,54.4811308303936,0.6401104802539904,413.86896268948254,1476.9257477497708,0.7476627930524182,76.65292070420551,55.02867284435152,0.8827219855425009,winding_fault_imbalance
2026-02-04 00:00:00,MTR-004,54.7982389122544,54.5887349228747,54.029483439685414,1.4112816151855159,410.5164121049274,1485.5441205753125,1.023385938180072,76.28356793645675,54.156835377119414,0.8758815726443586,winding_fault_imbalance
2026-02-04 04:00:00,MTR-004,54.7661674067151,55.09226570944192,53.81046783470557,2.3494955986559267,408.1808970230878,1482.9721325398723,0.7032684050944499,76.90747198164507,57.090112290462415,0.862935244992342,winding_fault_imbalance
2026-02-04 08:00:00,MTR-004,52.632799103819906,52.6355040524942,55.35928753692041,5.09219198520048,419.210189242939,1479.6369369069714,0.9236019851509617,79.12582132057017,55.24158046500222,0.8703226481077125,winding_fault_imbalance
2026-02-04 12:00:00,MTR-004,55.83514182438079,55.682200232757154,53.28743686744756,4.637677936692099,407.6282523750093,1482.1815137786018,1.0464759883594748,77.7851102364115,53.499954636868566,0.861061667793609,winding_fault_imbalance
2026-02-04 16:00:00,MTR-004,53.38448166777902,51.591401108644725,55.41491248646886,7.151616222534048,415.98908580843505,1478.7888896980062,0.589179732585527,77.84626918599268,57.30999512108323,0.8681741512158756,winding_fault_imbalance
2026-02-04 20:00:00,MTR-004,53.745537602986964,53.26198424636302,55.63892487002906,4.384246944724977,418.5463179710306,1482.4874471051787,0.8692601288637588,80.62694632265047,55.3873235290336,0.8644540675956744,winding_fault_imbalance
2026-02-05 00:00:00,MTR-004,53.13345181441169,53.55932959374825,54.246451162379905,2.0746948960634266,409.19509480439535,1472.8267643041481,0.815518539893607,76.60707782042662,55.005851933358876,0.8817476180023304,winding_fault_imbalance
2026-02-05 04:00:00,MTR-004,56.590395682499604,54.55845443037168,54.41248467731283,3.9464123817559913,411.3029263896197,1476.9405959989163,0.7947064052557318,81.7283990517747,55.35581678282331,0.89116012056831,winding_fault_imbalance
2026-02-05 08:00:00,MTR-004,54.232387843476445,54.20996953549583,55.09498625507516,1.6235130764257046,419.85271675356637,1482.937779232861,0.9577818978389031,76.65738481725782,52.8586632571668,0.8556881166676424,winding_fault_imbalance
2026-02-05 12:00:00,MTR-004,53.1830639225457,53.83985784892954,55.68893658022555,4.620202884531173,417.13156688090817,1479.2510333853431,1.0681028559633894,78.17839639322514,53.94469244764333,0.8507678371379025,winding_fault_imbalance
2026-02-05 16:00:00,MTR-004,54.82936660796395,53.98848254915738,55.380531935131074,2.5433552573059597,412.53085717248445,1480.6226268846663,0.8800081927156267,77.43759280919447,55.007165203665565,0.8675482757814862,winding_fault_imbalance
2026-02-05 20:00:00,MTR-004,54.73837034813763,53.061097897418335,56.052583598147834,5.477171021788061,419.8089960134447,1475.9596430136537,0.930822964134003,78.24683826700192,54.61067260995064,0.8548158430117132,winding_fault_imbalance
2026-02-06 00:00:00,MTR-004,53.81978205736331,52.56265690129519,57.437915011890446,8.927934763475811,419.82614289381723,1485.5436009871064,0.9171463129588872,78.88918399014626,57.54485676563319,0.8704621160367092,winding_fault_imbalance
2026-02-06 04:00:00,MTR-004,54.806982444272045,54.697451157442615,55.36713735616173,1.218559745919228,416.07621077206284,1483.571588931153,0.9002705259534621,78.86767048017775,55.43481170545401,0.8774893611380593,winding_fault_imbalance
2026-02-06 08:00:00,MTR-004,53.20771971760237,54.66595786803474,54.31706359176108,2.6972652196663898,411.3993590885053,1479.397944344874,0.736598604343184,76.49376533875883,56.709807845272806,0.8849414189726682,winding_fault_imbalance
2026-02-06 12:00:00,MTR-004,53.526798456048716,55.521114600150774,56.8656139124367,6.037148719680603,413.3462051861128,1478.78591242941,1.066266690258434,75.75417064510486,55.0187907091517,0.8720139455871528,winding_fault_imbalance
2026-02-06 16:00:00,MTR-004,52.07019201161658,53.2415835870574,57.797800174708605,10.534528342559828,416.14554697582156,1483.088813084259,0.9442793052238254,83.00634358181142,57.112576967492245,0.8680684477515042,winding_fault_imbalance
2026-02-06 20:00:00,MTR-004,52.72900695914922,54.66510260188888,56.66796671943817,7.202687878132803,414.24562068341004,1485.9474113505069,0.9592322235003867,77.0320313207989,55.79505551314631,0.8502161508342692,winding_fault_imbalance
2026-02-07 00:00:00,MTR-004,55.73532557344386,53.72764154076986,55.35576127166048,3.65434933093332,418.75582871293943,1482.861280767434,0.7790235556461627,79.39842487734397,55.026840970776924,0.870261851491858,winding_fault_imbalance
2026-02-07 04:00:00,MTR-004,55.57577148261342,55.142855985785744,56.390154240385115,2.239196962323027,408.88090367956266,1486.5154080021898,0.831116940301614,74.7847173789536,54.97343382208196,0.8707128726054946,winding_fault_imbalance
2026-02-07 08:00:00,MTR-004,54.063157102703,54.98108426561102,55.54439927333865,2.6998986652924324,409.022945883735,1477.2329460128142,0.8735798703433832,77.44077456019065,53.091122747418076,0.8763895681421274,winding_fault_imbalance
2026-02-07 12:00:00,MTR-004,55.596414189302244,54.202761023255476,57.344414001477155,5.638839622257933,415.7234844459297,1477.5418395085037,0.6698812959826723,77.74560123203511,56.01383144027262,0.8629151189847091,winding_fault_imbalance
2026-02-07 16:00:00,MTR-004,53.846328492856024,53.674051049600656,55.53912484977314,3.431398507785524,413.0338223447724,1476.43317664584,0.6467948512203483,78.94563013985567,54.919590530927245,0.8656494739976414,winding_fault_imbalance
2026-02-07 20:00:00,MTR-004,53.76632610953481,54.922494891463934,56.657330910099475,5.245368157317156,412.49180554120903,1481.3252819489485,0.8098878104042149,72.55509171801612,53.99601607963759,0.8552199774469581,winding_fault_imbalance
2026-02-08 00:00:00,MTR-004,54.05425022252693,54.621028342326305,56.090381141303304,3.707321517859266,407.9277731233024,1480.5268106494132,0.9783781149663585,78.33228122615667,57.21292354162414,0.8470870719311594,winding_fault_imbalance
2026-02-08 04:00:00,MTR-004,53.88007526848938,53.34293721399727,57.28538806136593,7.18951281697812,415.07818337919275,1479.544146629584,0.8020293915105089,75.70051708926421,52.4995679482104,0.8589150290920322,winding_fault_imbalance
2026-02-08 08:00:00,MTR-004,53.793411529382226,52.72531327345975,56.92103926267502,7.701417118174553,414.78897956799693,1482.4277758843698,0.747179220361393,78.64869142238985,54.15500820913513,0.8542967418574698,winding_fault_imbalance
2026-02-08 12:00:00,MTR-004,55.09766218286357,53.723008415345475,57.55150980093843,6.90350041047952,417.61391592780694,1483.696985815644,0.7777971520143495,75.92734160632368,57.05543749755907,0.8733671229542062,winding_fault_imbalance
2026-02-08 16:00:00,MTR-004,54.14413022779795,55.45479726273428,57.5123656236768,6.046692595892172,415.2756245324839,1475.4230127721394,0.8316986365282031,76.28903460814884,55.63104588184051,0.8648186594333315,winding_fault_imbalance
2026-02-08 20:00:00,MTR-004,54.683982493856455,55.100627672383716,56.65280733338486,3.5487660210772694,414.46958368703804,1478.2090839162965,0.8469211555769844,77.45274477921346,54.904282144694484,0.8646176286992521,winding_fault_imbalance
2026-02-09 00:00:00,MTR-004,54.990125304266236,52.93216562911624,58.31089289007877,9.70695586268992,419.70800254716136,1482.4604307823693,1.2248282178309835,75.89534106079361,55.502007086300296,0.8601558695382479,winding_fault_imbalance
2026-02-09 04:00:00,MTR-004,54.37265836382854,52.87895288073607,57.77136679241243,8.89405942713039,409.7501307862058,1478.5967839484242,1.0581930942730977,77.0489311065293,55.35882834209768,0.8376743456748756,winding_fault_imbalance
2026-02-09 08:00:00,MTR-004,53.06853952712809,55.22369649569231,56.978284879721464,7.096992248664071,417.1455568753903,1477.6053817709255,1.0537161168422593,75.61324846291338,51.96667490742816,0.8850831074874755,winding_fault_imbalance
2026-02-09 12:00:00,MTR-004,52.70124874659452,52.90978953143249,60.1876531303212,13.546073832310828,408.3154113408186,1483.0556122829512,1.0752870546410072,74.33365909660255,54.30147622930408,0.8599972947722321,winding_fault_imbalance
2026-02-09 16:00:00,MTR-004,54.142829409415015,54.488923510696324,58.60282750550299,8.000734210718647,411.6465524799968,1476.131499790828,0.7501768695998926,80.03591410485872,58.2330433090275,0.8658757993015009,winding_fault_imbalance
2026-02-09 20:00:00,MTR-004,53.83559394736806,53.40857163327713,58.107415323282126,8.525186752345219,410.1493714695067,1479.0952605766267,0.7166453077519142,75.40790261435214,53.68135173044566,0.8554510783471069,winding_fault_imbalance
2026-02-10 00:00:00,MTR-004,54.083895771763316,55.552363127540815,59.722232709270116,9.987695716855352,418.1277701418077,1480.9859320774144,0.7339694562698915,77.64263822478404,54.36339797179133,0.8797193034344063,winding_fault_imbalance
2026-02-10 04:00:00,MTR-004,53.984588122321355,53.26039219282764,60.24087025773842,12.50340498800461,414.7383590656184,1478.2785402582697,1.1001759200006758,79.50578216298757,53.91675847338163,0.8714342893703733,winding_fault_imbalance
2026-02-10 08:00:00,MTR-004,56.4802307137599,55.097627068997596,58.44228273639685,5.9016343425897455,414.94598702162807,1482.3494669680395,0.8179212316676264,76.77011179496792,54.82596955336373,0.8617363471473413,winding_fault_imbalance
2026-02-10 12:00:00,MTR-004,52.72298279458432,54.17746430789795,59.024410677886465,11.393280008068258,410.5730680490822,1478.2933690744078,0.712296572664107,76.34966820050893,53.8337543373514,0.8660777038865598,winding_fault_imbalance
2026-02-10 16:00:00,MTR-004,52.08965158097172,54.24210706006492,57.85151729471718,10.52823257589304,413.80122601626846,1484.2258584803378,0.8353505699670281,78.45247617733484,55.97348300431612,0.8867817992212487,winding_fault_imbalance
2026-02-10 20:00:00,MTR-004,54.319081760178825,52.108503761902654,58.76778586835361,12.093466149324332,411.9461387867635,1479.6227611075126,0.8642091702428059,80.2358676454543,55.394626824580534,0.8692703056811872,winding_fault_imbalance
2026-02-11 00:00:00,MTR-004,53.638634347595335,51.88520318092251,58.82708176657235,12.671444641911206,416.5338200594169,1482.013810410116,0.9402619910541843,75.66136946982706,56.54709523021403,0.868182664623841,winding_fault_imbalance
2026-02-11 04:00:00,MTR-004,54.303425154940754,53.78825669734338,59.30470667954951,9.886324365636613,411.03563545867354,1482.2380718589484,0.9376426531068065,77.69970433596512,52.89811766762208,0.8605861851386073,winding_fault_imbalance
2026-02-11 08:00:00,MTR-004,54.560527701392644,54.23702982087995,59.555813695855164,9.47789254796195,420.3191774608203,1478.1173799917678,0.7757729154189739,74.53501081006534,54.31931903423419,0.8510541884952769,winding_fault_imbalance
2026-02-11 12:00:00,MTR-004,55.232740507371744,52.919810085371786,59.882889856329484,12.431448542668628,408.29767820150363,1473.8395403540324,1.0028484588770568,77.21359799263561,54.54855473677573,0.8683996132642066,winding_fault_imbalance
2026-02-11 16:00:00,MTR-004,52.55306321243142,52.95485432594271,59.682682404593415,12.94798710330403,411.77392067017377,1481.0822672639915,0.8041209699374763,78.06840936907615,55.91129382017719,0.8732548511232462,winding_fault_imbalance
2026-02-11 20:00:00,MTR-004,53.465550818057125,54.53901372463309,58.40132344207237,8.89831366628181,421.7088020398644,1480.2168650413746,0.8765585494942436,76.29075071648987,53.41355760558593,0.8809958446432767,winding_fault_imbalance
2026-02-12 00:00:00,MTR-004,54.41161080852553,54.54034030123884,58.77179885121583,7.798874119565055,413.2594450081519,1481.6674780827254,1.0030161105755033,77.08601633234954,56.83130760851669,0.8475150346550034,winding_fault_imbalance
2026-02-12 04:00:00,MTR-004,54.73964505185974,53.86776858202759,59.257266867133055,9.6318622875633,409.7404853423823,1479.3204175828514,0.8037267894083489,75.1835464633851,57.37283118103522,0.8587490367297697,winding_fault_imbalance
2026-02-12 08:00:00,MTR-004,56.10571156827685,54.74899365233863,59.619958122662794,8.57188577140467,415.87628625015066,1478.7087169035979,0.8145972864628294,78.15415722276299,53.02225530472883,0.8641925890944355,winding_fault_imbalance
2026-02-12 12:00:00,MTR-004,54.91747581226931,52.87276579610866,61.00874331885323,14.4597626453476,413.09843103114184,1486.0254190329451,0.9887502074539697,80.1113884977663,54.018254210212866,0.869965191514268,winding_fault_imbalance
2026-02-12 16:00:00,MTR-004,53.94548294794917,53.65830247959651,58.99266948171211,9.605907289601948,411.6565189775268,1475.5829378154676,0.7713400235092471,75.80571226045907,53.936136983415814,0.8685496630847158,winding_fault_imbalance
2026-02-12 20:00:00,MTR-004,53.145181677175046,55.581962501552326,59.87506337193795,11.97472167036821,410.61651675680514,1482.2018514350927,0.8422811964593895,76.75465646689523,60.264772409355,0.8687831131431273,winding_fault_imbalance
2026-02-13 00:00:00,MTR-004,53.45828174138974,54.06558924474223,61.242161845558215,13.836694458412696,426.07349442250376,1478.2761944254498,0.9833613267064338,79.00509249290836,54.14019978958423,0.8740809605856994,winding_fault_imbalance
2026-02-13 04:00:00,MTR-004,53.43100528996118,54.12126001400352,60.14848126084689,12.016898150700124,413.99379239926344,1478.9926641467787,1.2081138662153963,80.42418143864548,58.35525088431227,0.8609670688922089,winding_fault_imbalance
2026-02-13 08:00:00,MTR-004,54.62902428337321,56.21370872252903,60.98745356930366,11.101243755818514,407.2977305586685,1479.0486915022782,0.9908106757144121,75.01362037558214,52.46673600978678,0.8793414144223369,winding_fault_imbalance
2026-02-13 12:00:00,MTR-004,54.246717547762394,52.65663152078518,60.52058509333467,14.091092074588019,420.97483903602216,1477.5896971774862,0.9708959644485018,77.6624305251681,53.020698067671276,0.8743345244169948,winding_fault_imbalance
2026-02-13 16:00:00,MTR-004,52.729296411991506,54.76457315197643,61.0101482906681,14.743004916037547,417.44428362044226,1481.7136726307087,0.9796202375509094,78.56626164463906,53.6267909363036,0.8668016773587192,winding_fault_imbalance
2026-02-13 20:00:00,MTR-004,53.58153458967318,55.597426828615774,60.65339363067012,12.492070263569506,411.9341342759208,1484.1719307878498,0.7390214588899426,77.79588721874231,53.30862137710695,0.8860090799188891,winding_fault_imbalance
2026-02-14 00:00:00,MTR-004,54.84244565131336,53.6881363905614,61.6222010356374,13.988718553245796,411.26752364525544,1481.41004098374,0.9173395108019862,73.04641586624582,54.464202531683,0.8855641603557176,winding_fault_imbalance
2026-02-14 04:00:00,MTR-004,54.337595860775096,54.825245555380654,59.60765493979891,9.367856099519983,417.69389118463295,1480.3101459886364,0.8955350267495398,79.00218001861754,53.582443594557006,0.8793289535519381,winding_fault_imbalance
2026-02-14 08:00:00,MTR-004,54.54589883137226,53.05726128267753,60.851220471947,13.880243117733501,414.0123266900422,1477.0406785027023,0.9482376810559134,81.03867270218129,53.36131681453085,0.8398144322943221,winding_fault_imbalance
2026-02-14 12:00:00,MTR-004,54.36760484165497,53.340736900255344,61.59380067871745,14.624263450767566,407.2960887262196,1481.5504757974734,0.9174762078713806,78.233323502339,57.316943992946655,0.8857894509271798,winding_fault_imbalance
2026-02-14 16:00:00,MTR-004,55.5613735052245,54.369567759405726,61.93052925626777,13.198353547095905,422.14895985841866,1486.4690488951878,0.9569549516125669,75.93778789341147,57.44758724502633,0.8779475852247194,winding_fault_imbalance
2026-02-14 20:00:00,MTR-004,54.2266013412714,54.76662400618617,62.9605072451164,15.237655685914763,413.26403815113616,1478.8579161286148,0.8532799207651198,76.97374550727143,56.89859299675063,0.8900640863771294,winding_fault_imbalance
2026-02-15 00:00:00,MTR-004,53.62941811404413,55.07609905191,61.26097995617269,13.470116707726854,420.98228694592973,1478.8720492619443,0.9087913376057689,81.53982613531119,56.04799791116866,0.8823746459173354,winding_fault_imbalance
2026-02-15 04:00:00,MTR-004,53.12087516051178,55.50684344346191,63.165757036840986,17.54120493609027,420.11373983186286,1478.316732607057,0.7158257150914512,79.81992508172112,55.1854861315591,0.8857834267749729,winding_fault_imbalance
2026-02-15 08:00:00,MTR-004,54.23962507988132,53.93525130378703,61.22188258095217,12.904552581233855,410.99596182206875,1478.5317572965168,0.8520139082995629,79.28005323676865,54.00593861866818,0.8787865485018038,winding_fault_imbalance
2026-02-15 12:00:00,MTR-004,51.65692414581592,55.14586728496568,63.239136918719225,20.43415918413508,419.1327594574526,1471.7641013389828,1.1086250322264966,78.71282516706876,53.09368499048982,0.8834869319864551,winding_fault_imbalance
2026-02-15 16:00:00,MTR-004,53.8230825582406,53.67138735028882,62.85749571435771,16.177286238782422,412.39422980054525,1481.215106157567,0.9478212509442384,76.67772577561806,55.725991406865376,0.8899412374073444,winding_fault_imbalance
2026-02-15 20:00:00,MTR-004,53.80239373447551,54.86600765912474,61.30489794537125,13.24179310528139,407.5331976527842,1477.4633434709363,0.8968618443925385,77.59885763868846,52.652739214906404,0.872165547383782,winding_fault_imbalance
2026-02-16 00:00:00,MTR-004,52.69010798052741,54.19918924593809,62.58566675867084,17.516850652367708,413.30160733591146,1475.1692106436246,1.184418491438152,77.84415452864297,53.012158141649216,0.8542776945592186,winding_fault_imbalance
2026-02-16 04:00:00,MTR-004,53.108864794890245,54.427850790798644,62.35081359788909,16.320118693960403,416.5905500071051,1482.2595698491978,0.6958747532548382,79.09914863212889,57.30582651240962,0.8669253909998486,winding_fault_imbalance
2026-02-16 08:00:00,MTR-004,54.77727122894231,54.40656755906116,63.10965211901891,15.15394083805698,413.14905340801465,1476.7539466448743,0.733581666683067,81.01783778853381,58.80129808344417,0.8738994559938343,winding_fault_imbalance
2026-02-16 12:00:00,MTR-004,54.221483279111965,52.4594831905941,62.40384109328584,17.643852299953693,413.7718066362996,1478.9839928383487,1.1569067116914409,80.23667627358626,55.78659027633296,0.8707488758437155,winding_fault_imbalance
2026-02-16 16:00:00,MTR-004,54.09771680035904,52.92084301549366,62.432316350637464,16.83934639405202,419.5742641797145,1484.3993271735658,0.9068941404073401,75.16123128840792,57.21291430458929,0.8575343803384057,winding_fault_imbalance
2026-02-16 20:00:00,MTR-004,54.29409363257474,54.09843978222482,64.15069443581598,17.47780213482652,415.4259759211604,1475.7723526059265,0.8636125445565309,78.44798993780209,54.508303365112035,0.8536893237480502,winding_fault_imbalance
2026-02-17 00:00:00,MTR-004,54.08892248443097,52.38021208354448,62.850682486777096,18.55152678291663,411.6268067548602,1475.4022052962066,0.7201193512356535,79.47352669033579,52.32465162782463,0.8625883733136517,winding_fault_imbalance
2026-02-17 04:00:00,MTR-004,55.19314806034398,54.797962659071764,63.84791088576955,15.617808032626165,417.8081212946693,1480.807918568687,0.9671544399592518,79.23772066028927,56.22434323723717,0.8780773955598415,winding_fault_imbalance
2026-02-17 08:00:00,MTR-004,54.1184920144355,54.836693727636614,62.947298937993935,15.407817298260776,415.790702267817,1483.4484620920311,0.9816689804291193,76.74153247322516,56.138578646540125,0.8858033977082297,winding_fault_imbalance
2026-02-17 12:00:00,MTR-004,52.600115410734,54.314083730762675,64.8727240015857,21.432263352134957,404.9135807941518,1475.276974846804,0.7358258458747656,83.82821843153673,55.14333710776049,0.879165676137777,winding_fault_imbalance
2026-02-17 16:00:00,MTR-004,55.56492476627943,52.923711347752395,62.73061693765611,17.18306571564681,416.7134116550858,1481.2230692105115,0.8789586621674358,75.44583087533776,54.515249083789776,0.8805742728711413,winding_fault_imbalance
2026-02-17 20:00:00,MTR-004,54.35552665663569,55.32493338131378,62.90133130091179,14.855225301543953,416.5673148308644,1481.7429986198852,0.8496726251950402,75.8336231066679,56.92442115716219,0.8691918442683644,winding_fault_imbalance
2026-02-18 00:00:00,MTR-004,53.43431641843674,55.95572221412962,65.06353649387127,19.998248933000244,415.08048451832343,1473.822518548923,0.9383965719628157,78.46719016252315,53.02853393314505,0.8525791754229404,winding_fault_imbalance
2026-02-18 04:00:00,MTR-004,52.79673435043678,54.14119375434814,63.28194237383147,18.479407828086465,418.5668023242783,1482.3955040137216,0.7321124636669034,82.2336061099277,53.45243884221868,0.8654477941911729,winding_fault_imbalance
2026-02-18 08:00:00,MTR-004,54.38007765211972,54.490113963313185,65.35521315209964,18.89816616805788,412.310425662694,1482.6298176395264,1.0877921181769736,76.32761029859167,52.983786986479146,0.8674123558812762,winding_fault_imbalance
2026-02-18 12:00:00,MTR-004,53.887514875224596,54.193669108604205,64.78343968368375,18.909464372681057,416.3459991552836,1479.0646432802318,1.0373735672396407,77.46834326870602,55.169945925271655,0.8650294751316432,winding_fault_imbalance
2026-02-18 16:00:00,MTR-004,55.511180914591115,54.50915442143885,63.88789991806524,16.17878328117679,408.7321625153306,1483.757039086894,0.8455236661900776,80.15458734603139,52.82421397578148,0.8705469486537463,winding_fault_imbalance
2026-02-18 20:00:00,MTR-004,53.667929010559845,53.885223593638656,62.404692812318075,15.421642549681064,416.62836153359535,1483.4093667229745,0.8675371932542444,77.96427569022454,53.63151563896951,0.8744141975989295,winding_fault_imbalance
2026-02-19 00:00:00,MTR-004,53.19611444190483,53.96681832974995,64.23599988244449,19.32314035377213,422.81223878215957,1480.3093537771517,0.8795366774583576,77.33079229093941,53.58848887554561,0.878530151882435,winding_fault_imbalance
2026-02-19 04:00:00,MTR-004,54.85996436950649,54.86948889647747,64.46120121502845,16.535738167115973,411.02057459012985,1478.6456638290251,0.7832537170490246,79.13126580377345,54.47878333533208,0.8672188013563367,winding_fault_imbalance
2026-02-19 08:00:00,MTR-004,54.88827061700816,56.25179919542058,65.59325629669947,18.171421172282905,411.9607914720489,1477.0815163222512,0.8334855872647446,78.54503598045919,52.02525110719205,0.8509624059435541,winding_fault_imbalance
2026-02-19 12:00:00,MTR-004,54.16190531290579,52.65593161497433,66.10672747100868,23.335254715473127,412.1599382284338,1479.8873094719015,0.8594594448488087,80.06087757127358,55.174409984074536,0.8651712228070887,winding_fault_imbalance
2026-02-19 16:00:00,MTR-004,54.649302765767914,53.90034001497315,64.0333213989311,17.614104785120148,415.5199929032064,1481.7092767591125,1.1419302556060693,80.58293777813073,57.49460730132935,0.8704371039699198,winding_fault_imbalance
2026-02-19 20:00:00,MTR-004,53.963820364087454,52.8667579341772,65.56913449342865,22.103940349250077,410.7478549085851,1479.0274694168781,1.0419927462495655,78.61400612001073,55.27098274463352,0.8822280792213341,winding_fault_imbalance
2026-01-01 00:00:00,MTR-005,65.33377213183732,66.435151543166,65.8132646200624,1.672285473957651,417.4149320647609,1483.524442172757,0.9340594579716225,80.50431807393223,53.69609569195323,0.8716696762333416,normal
2026-01-01 04:00:00,MTR-005,66.60138452398863,64.83683431311181,65.15943069539112,2.6926316999306654,417.512314787601,1474.3630571657386,0.8884167432602361,77.75406210673125,54.79994428211733,0.8846068033212914,normal
2026-01-01 08:00:00,MTR-005,66.34036980223891,64.86676325548207,65.25025753656176,2.2502689396909745,408.3551823792643,1479.0166148323676,1.0942722816293013,77.26656466284794,57.96036615376373,0.8638923734426827,normal
2026-01-01 12:00:00,MTR-005,66.05150995886477,66.27774808867096,64.73248664985732,2.3524526911905728,421.1992744253134,1479.875019929856,0.9607412030723015,77.30627202415077,56.01752666209861,0.8710666965536704,normal
2026-01-01 16:00:00,MTR-005,67.09182576134086,66.7961649280887,66.44594579693997,0.967205021369161,417.0544371776609,1480.047725975199,0.7742013543719123,79.71674646394426,51.74349190456965,0.8774705882782412,normal
2026-01-01 20:00:00,MTR-005,65.2246129958103,63.80015763087799,66.67009375088054,4.399608741594821,417.9987920857795,1480.5414881682343,0.7978636756296458,78.73036208060529,51.46097952729505,0.8567879076814388,normal
2026-01-02 00:00:00,MTR-005,65.3251145657516,66.6125042118633,65.09580827185293,2.309297406114109,411.9653391938289,1481.8313194594284,1.0022989948881218,78.58256733138052,54.871379099761505,0.9009658889614255,normal
2026-01-02 04:00:00,MTR-005,65.98603636756944,65.36264357289177,67.78421771266,3.648177927867765,417.4895164738925,1479.8937776828639,1.0562599278981897,79.59046849851437,52.57451877025039,0.8702856576277759,normal
2026-01-02 08:00:00,MTR-005,65.24889476735673,65.77377419089264,65.63086763500132,0.8007169857639693,419.50557379888824,1478.895825153569,0.9827520348383955,73.8978951842923,56.297093495266,0.871419894505756,normal
2026-01-02 12:00:00,MTR-005,66.59606775483739,64.4282989696837,67.79541779858796,5.080659608872431,414.6055664039813,1478.777231966021,1.1845333121808121,78.6201376477503,55.084526129929955,0.8825687803167492,normal
2026-01-02 16:00:00,MTR-005,65.1631876962104,65.00076910484759,65.24657078270425,0.37736197874697314,423.00768983699345,1478.165452593885,1.145251074859713,78.43713777774744,55.330769538047726,0.8791495533301023,normal
2026-01-02 20:00:00,MTR-005,66.26553027042095,67.13358704862223,63.62214874212333,5.346790795784584,415.17625853965177,1482.3626299729806,0.9661553752276144,81.3376161626014,53.586513636715296,0.8703807801939646,normal
2026-01-03 00:00:00,MTR-005,65.8824639512902,66.03855969213679,66.47191211456382,0.8913344031452606,419.5631432018099,1478.0604145615705,0.7742129010777747,74.94282403547267,58.48276731057341,0.8713012943809804,normal
2026-01-03 04:00:00,MTR-005,66.25217979867134,65.55087334199412,66.29162625667294,1.121816472202698,416.17203522903463,1482.5403133270247,0.7035018732402349,81.11437326475351,60.68518745602092,0.8549585146905202,normal
2026-01-03 08:00:00,MTR-005,65.46057009645936,65.86332033291292,66.04035538649423,0.8812922841796498,417.3420861314275,1480.0569972467797,0.8418927382477928,78.15081825784934,54.44283055248657,0.8644353422215002,normal
2026-01-03 12:00:00,MTR-005,65.60213640108853,66.57400854093945,65.24644722529239,2.017339506699294,408.31467092946093,1478.4362355794317,1.0129820169624235,78.97797906132008,55.70607849683,0.8751721021615896,normal
2026-01-03 16:00:00,MTR-005,66.11265087444987,66.51684687549832,65.95943525542997,0.8420584344243212,416.48421495286146,1481.8552216472324,1.1739970618967908,81.35183757521875,55.19483468612862,0.8744389283904289,normal
2026-01-03 20:00:00,MTR-005,66.23710075389594,65.91196831953442,65.40012223609976,1.2710431952385404,412.06009959497095,1477.8176382258307,0.96261705516162,79.12152253601114,54.48062627311786,0.8822116575000408,normal
2026-01-04 00:00:00,MTR-005,65.9950697526077,67.28240535678542,65.64524317550408,2.469042543853532,411.61440677688927,1481.9145521221847,1.0753084191346856,78.80073657892513,53.335859064534404,0.8687949894177668,normal
2026-01-04 04:00:00,MTR-005,68.00095849830869,67.13867616063716,66.98751518009769,1.5041670339952167,421.97641273786394,1480.6381783635754,0.8632038770718297,78.48458237160463,52.83006402503904,0.8561271348656914,normal
2026-01-04 08:00:00,MTR-005,64.8375353486769,66.48502318084633,66.21614821598197,2.5020228075482,414.1449190077506,1478.2110259327242,0.9934153687841325,77.03304373001124,52.72880546894895,0.8805673043077568,normal
2026-01-04 12:00:00,MTR-005,65.92466754725548,66.06407782528115,66.71567629446952,1.1942493386578406,410.986792676098,1481.5859044460037,1.023503524421576,77.94302175097921,55.81048005109829,0.8843608934618201,normal
2026-01-04 16:00:00,MTR-005,64.1536086140494,66.77125675160693,65.72794095222574,3.99330401620538,413.5634734875645,1481.639769177066,0.6030608586221208,76.5689744677545,53.960651043592726,0.8789824457285623,normal
2026-01-04 20:00:00,MTR-005,66.4365756016364,66.36874044158006,65.59869964758906,1.2669238842722332,409.79819908431233,1483.47255881743,0.8379841796435235,77.91086620114903,49.84341429971894,0.8683636632914251,normal
2026-01-05 00:00:00,MTR-005,64.69144406398453,67.24467208425231,64.64658049709065,3.9648834279383887,420.7355378727851,1482.898441037228,1.0424550576416804,73.3281386058898,55.88971644119665,0.8804438605187658,normal
2026-01-05 04:00:00,MTR-005,65.67344929977149,67.05548534870628,65.56582370791999,2.253708045235729,412.21727702333396,1481.473822062179,0.9411702503454847,78.8580791351351,54.92347743507169,0.9042891047800822,normal
2026-01-05 08:00:00,MTR-005,65.56344452494457,64.80524875566987,62.10322558810874,5.393335750753174,417.1171997357747,1476.6172271463738,0.7205227427773601,77.75652549243274,57.69334600280229,0.8711515231444048,normal
2026-01-05 12:00:00,MTR-005,66.3295789218787,64.7258032129964,65.30747289286805,2.450222638068264,420.4244268568413,1487.3457609645222,0.5354816436408967,77.32759252666648,55.74624479418202,0.8568826330775487,normal
2026-01-05 16:00:00,MTR-005,65.35139199008032,65.17720053456588,65.90393429876275,1.109898308517192,412.9993892751411,1475.7891513667846,0.8451328882046991,78.43951616788029,52.042652807379405,0.8641371495044785,normal
2026-01-05 20:00:00,MTR-005,65.3015079813724,67.14533606301185,66.66137708767698,2.7781295083991244,417.12808972909113,1482.8477895228468,0.8892621460659181,75.13287215406912,50.54064671854004,0.8762547600030405,normal
2026-01-06 00:00:00,MTR-005,67.68473825119412,64.15046411045508,65.68475129037071,5.36797534941539,410.8796557803823,1481.2938514506588,0.7674115575257482,81.85853999324256,53.561055231324126,0.8539519568910193,normal
2026-01-06 04:00:00,MTR-005,66.33389170082344,66.46318200322004,66.40793695623414,0.1947094131338214,424.7830782764547,1476.4775728825566,0.9214627405541992,77.7944650770248,53.749785158612696,0.8716940307491207,normal
2026-01-06 08:00:00,MTR-005,65.3417003336272,66.42538389354907,63.44238130396878,4.584310368552838,418.7455205384665,1479.6270971833644,0.9759580120849343,77.70831113405562,56.886318402000335,0.8738033665031588,normal
2026-01-06 12:00:00,MTR-005,65.70568849174148,67.3641737221918,65.93331142674384,2.5001891177548163,414.2295742449568,1479.763741341266,1.000603075608935,76.06920757973415,54.98225813542086,0.8853512173981265,normal
2026-01-06 16:00:00,MTR-005,67.93054981066435,66.21159739704562,64.02938338964827,5.9057419740210815,411.90866507644415,1483.9167481474315,0.5466121612601518,78.04789276489852,57.267376996197015,0.883101948560543,normal
2026-01-06 20:00:00,MTR-005,65.7240732095187,64.42396764838156,64.58225720829304,2.0029326315135743,414.5440137886415,1477.8600672991593,0.702857235328782,80.77391978054656,52.35033388859473,0.8786458479175177,normal
2026-01-07 00:00:00,MTR-005,65.19124876216786,64.87435684617287,65.78039242383974,1.3878796402844975,413.6400651105939,1479.214164980727,0.8543066027467897,80.07183241886406,56.930528768760894,0.8483732098948547,normal
2026-01-07 04:00:00,MTR-005,65.19627118385169,64.61312525430655,67.49748307910497,4.385591366893088,422.811778215998,1472.9917911849361,0.9858259696556195,79.70887550228112,56.44197830686184,0.8792105312804792,normal
2026-01-07 08:00:00,MTR-005,65.3556915956389,65.36881241283578,66.4355492691382,1.6431183531566635,410.0978611111404,1485.2042883793708,0.9733851020325054,79.09279790333454,50.963531777137604,0.8770551338606024,normal
2026-01-07 12:00:00,MTR-005,65.30245600568598,65.7853954942226,66.02139103664088,1.0942181427462776,415.5392056931608,1476.7885952709398,0.9707804921815014,77.28291494487478,57.645235682521545,0.8725594437707834,normal
2026-01-07 16:00:00,MTR-005,64.49854652460355,64.63254860923396,65.97708434302527,2.273412353678973,414.9266477334652,1480.9807325927175,0.8424873087046603,75.0996736659266,55.186916983532704,0.8526977787385451,normal
2026-01-07 20:00:00,MTR-005,64.68093855291555,67.72557673569868,65.16267543197343,4.6231472199868655,414.5303587986205,1479.6957765108343,0.8508549844035059,77.59792245626673,55.78408900773701,0.8622322609081294,normal
2026-01-08 00:00:00,MTR-005,65.02693076074932,64.44500319024247,65.36172612830939,1.4115470669089523,414.5655333802466,1479.70599709965,0.7907506097367389,77.52825707093264,53.270207775143156,0.8583317723046593,normal
2026-01-08 04:00:00,MTR-005,66.69410999498497,67.57942801733198,66.50145456001907,1.6107187107844583,414.53571675951804,1482.4295859546125,1.015229119215877,80.09758887934248,57.550494025843946,0.8498499156049291,normal
2026-01-08 08:00:00,MTR-005,65.55268158293316,67.39059129022216,64.37451032502513,4.58561957717886,418.4922642653284,1485.0137873809108,0.7619266818390633,78.61878088491964,52.62829534152226,0.869970848485852,normal
2026-01-08 12:00:00,MTR-005,65.75693028479633,67.05400832496846,66.69585008566541,1.950426923294739,417.4359377859697,1480.754481009826,1.0275054592784354,81.2246230558071,56.66418403674789,0.8620217787855722,normal
2026-01-08 16:00:00,MTR-005,67.49023661629909,65.18598051387048,65.54415170791388,3.4874157221110478,416.67564644549117,1481.9652340528917,0.9311779857206469,80.39497708007634,56.64121495181734,0.8962530558026891,normal
2026-01-08 20:00:00,MTR-005,67.51947505592774,66.40180903156757,66.96865363451363,1.6690721850491081,402.86404255141895,1480.9866746101811,0.893243328231727,77.08700878099181,53.051665143655555,0.8683122806056209,normal
2026-01-09 00:00:00,MTR-005,65.66897340005173,64.50121786996728,67.12768298981898,3.993654462378075,416.1991794966527,1483.0525942717918,0.8014934400335301,74.40974160676026,58.96674719884515,0.8829375315586596,normal
2026-01-09 04:00:00,MTR-005,65.25978681413147,67.06879758777293,64.03691475865993,4.631999269842034,408.37744255931966,1478.611250861541,0.6966687208253811,80.77115046788296,55.46305696043504,0.8543090097530678,normal
2026-01-09 08:00:00,MTR-005,64.98573509862305,65.9131911896641,65.31761190448006,1.4180090520146154,417.5852806525433,1483.2261716632493,0.8028520865432932,80.71877044646149,56.30778522054205,0.8646991041399513,normal
2026-01-09 12:00:00,MTR-005,66.81285690312433,65.5197309482183,64.99618084614967,2.7619024873554747,420.8979894702821,1483.3314995969422,0.850498969706267,75.26757681819555,51.94575840932849,0.8709689787603432,normal
2026-01-09 16:00:00,MTR-005,65.75981017933385,64.5641393799233,63.87306585431418,2.914685873521138,411.2950435496458,1483.2476110260486,0.5446463532628123,81.018480039655,59.23546000601713,0.8609184605139233,normal
2026-01-09 20:00:00,MTR-005,65.54651266202126,63.09305948747529,64.78849428924762,3.8052179599121563,413.9528771106292,1478.0195563979905,0.8703967266998004,78.76423434118503,52.55088611954982,0.8657779931519526,normal
2026-01-10 00:00:00,MTR-005,65.04530023183861,64.78144539441138,68.86440685844467,6.164786020375724,412.602577179788,1479.4949870972885,1.0386536052039008,78.3213709962513,57.049772865531864,0.8678204909375646,normal
2026-01-10 04:00:00,MTR-005,65.09692474675997,67.30568321618581,66.7151582782226,3.32781726782325,419.9417271030272,1480.7184009663413,0.9850826858150808,81.22956650849466,53.01045656413661,0.8676609201455511,normal
2026-01-10 08:00:00,MTR-005,66.37553494468541,65.52734211058956,68.24961788316409,4.080302531445073,415.3801115410883,1475.887473865513,0.8255691186387739,80.68937034646123,53.76202239430464,0.8885511857303534,normal
2026-01-10 12:00:00,MTR-005,64.45655243469228,65.80132080765168,66.97280883628818,3.8273807732298657,421.91331752226534,1484.784760624258,0.9070404447622842,79.30266190399041,56.577508087770894,0.8737822628543152,normal
2026-01-10 16:00:00,MTR-005,67.16731260071118,66.76918378039178,65.12957069108339,3.070953185942325,416.65501681178955,1479.9631703994935,0.8165753145867001,78.94643413162396,57.05510542735031,0.874795105629413,normal
2026-01-10 20:00:00,MTR-005,65.3736222845905,68.11865148365642,65.5520551292358,4.137313352664891,415.96980072254325,1480.8517836628141,0.9223141100003545,79.23278858106072,52.457431501771794,0.8753965477434507,normal
2026-01-11 00:00:00,MTR-005,65.82442715874457,67.55467212846955,66.69043178481529,2.5944654747584517,415.2728271304114,1478.2689866808184,1.1310161735616047,77.19988513223495,57.18094433811399,0.8761262637733711,normal
2026-01-11 04:00:00,MTR-005,64.43127919578176,64.85912692885567,66.51334061207503,3.190022843270077,418.27196839702935,1476.019367321899,1.0452748203937314,77.88979710053536,57.08996099026639,0.8691711301612514,normal
2026-01-11 08:00:00,MTR-005,65.98549063246229,63.72071719618011,65.32258536823555,3.4837524231551744,408.04925520701863,1478.1879103435756,0.9781191458539129,76.19536569081092,53.12409318231022,0.8667925362852116,normal
2026-01-11 12:00:00,MTR-005,65.61477009390974,68.76861406401079,64.22827467985373,6.858116100624699,415.34137582208206,1480.6576125629008,0.8260672631424423,77.33392044852216,58.19729518718222,0.8716681605951828,normal
2026-01-11 16:00:00,MTR-005,65.94123876400842,68.66228349101375,69.8576397932028,5.746422924473019,414.71981422508816,1482.020286438261,1.0124907589417258,77.26673224266213,52.086284743503924,0.8815680394891348,normal
2026-01-11 20:00:00,MTR-005,67.72680510741128,66.22111888647703,65.83438438445111,2.8417241821678925,417.90167530863107,1480.4853746218082,0.6469684572940421,76.72938926075668,53.75045483444477,0.8812623818843638,normal
2026-01-12 00:00:00,MTR-005,66.20849904039387,64.50929379185067,65.61779969866572,2.596378822564777,414.24919357650384,1481.040172048726,0.8621469777013664,78.27349300529693,55.95800524818398,0.8675960152431159,normal
2026-01-12 04:00:00,MTR-005,65.06759989060225,67.1301857997689,66.13297910431555,3.119918250658457,410.8450622633493,1478.988920875956,0.9875567129735925,77.35203829859884,53.29286743059479,0.8776784369466811,normal
2026-01-12 08:00:00,MTR-005,65.16538463829202,65.8732991417452,65.7151984552084,1.0793909051412394,415.02940269967877,1481.4887456987362,1.0110631821071627,79.00446944070394,55.52763817135868,0.8680541533696033,normal
2026-01-12 12:00:00,MTR-005,66.69828725813882,65.86743548222158,66.14400191837443,1.2543700777767393,410.6686378845266,1484.4484985991578,1.000482673532361,74.75535877341247,55.48215215760659,0.8703387054943524,normal
2026-01-12 16:00:00,MTR-005,67.52380012809896,67.04949837591002,67.51001814904326,0.7041181232242585,407.29895114965007,1482.114368327317,0.9442246033814542,77.7732904117854,54.62585146015456,0.865264766184458,normal
2026-01-12 20:00:00,MTR-005,66.33078381101457,66.39233303633134,65.85386311716793,0.813492962668125,417.908489925942,1482.4286256647588,0.8706412531374176,78.263103280355,56.66480107718112,0.8681835486109376,normal
2026-01-13 00:00:00,MTR-005,66.8080896202776,64.60864383774246,64.6357530845221,3.3655973785232307,417.3162462907787,1480.88204919792,0.9806963954739734,77.37874152032624,54.54327841468472,0.8834133006954968,normal
2026-01-13 04:00:00,MTR-005,66.71542559538173,65.61896946283716,65.81033794781176,1.6600836912145471,416.8683637759743,1475.4905347912013,0.7570708439120549,77.65521460038154,55.46308213762761,0.8709242114733924,normal
2026-01-13 08:00:00,MTR-005,67.66503557833948,66.7757527696293,65.45510190981237,3.3166269686843997,420.21171368778323,1476.8660004081062,0.7732984105060126,74.82950797854029,57.2929437549758,0.8713528250855231,normal
2026-01-13 12:00:00,MTR-005,63.712480864001456,66.59869594095522,67.67070808636964,5.997862720431548,412.3398724387843,1481.3646274019916,0.9092602014690445,78.71295420933899,56.58137242005168,0.8555278222074204,normal
2026-01-13 16:00:00,MTR-005,66.78287022211731,66.30743278058061,67.37411303595874,1.5963136148399084,409.275543428915,1479.9671828441196,0.9259796464063121,79.29521196513414,56.572034581628415,0.8669075609236727,normal
2026-01-13 20:00:00,MTR-005,67.15425029151352,67.09521626658501,66.12616266717214,1.5392405178958597,414.71988089276783,1481.3195286594184,0.626157723215303,78.98707458840754,52.70164079556644,0.8675868509625527,normal
2026-01-14 00:00:00,MTR-005,64.4292308514676,65.57558540096107,64.49961659701208,1.7681158203435414,413.60999880117635,1485.0292702535323,0.9682719571424278,80.07745411888436,56.049585151002645,0.8617085651455659,normal
2026-01-14 04:00:00,MTR-005,64.96081599743248,66.20963920292371,64.56161974423047,2.5259316223360058,411.63081713291973,1482.178107997688,1.015909256687909,78.40305921156501,53.24300241806099,0.8702166541170356,normal
2026-01-14 08:00:00,MTR-005,65.00174824160963,62.03932052245828,66.01774462692588,6.1821950025305386,414.6806033860488,1483.7766586172286,0.8884072143800558,78.95736236130188,52.437170040443945,0.8657081770977234,normal
2026-01-14 12:00:00,MTR-005,65.14488616958387,65.47241043922443,66.3946189506703,1.9030312621509498,412.5535794151817,1480.2840441684123,1.256169942492599,78.31218147691371,54.85658730743006,0.8707999585524359,normal
2026-01-14 16:00:00,MTR-005,65.43478532690231,66.8963127460621,65.56044255865743,2.2156491598806163,407.6559788665727,1477.5783529675466,0.7975597340527221,79.37510143918499,53.19140962669682,0.8712150300981893,normal
2026-01-14 20:00:00,MTR-005,66.2846539673178,65.54193715858256,65.43660102119685,1.289728109269204,413.235293236825,1479.826401522357,0.8458369254919695,74.84554072773575,56.58123543767996,0.8604424564217735,normal
2026-01-15 00:00:00,MTR-005,67.01572492403638,65.45295986038525,65.30444889973705,2.595816720534262,410.4544993331846,1477.5857445588426,0.8407399640809187,76.21283806404398,56.62907091939065,0.8660129821751681,normal
2026-01-15 04:00:00,MTR-005,67.26874523044842,64.77802853658422,65.9725510866471,3.7734448832778904,415.9265922864437,1484.6748848703173,0.8885718583063474,81.17379931406619,51.19474752713712,0.8707737428276083,normal
2026-01-15 08:00:00,MTR-005,65.01695427489646,67.17728264746886,63.20422550690094,6.099931019681621,412.3758609670374,1482.3711732296065,0.8506912780550564,73.07912835580758,53.34339492084622,0.8818429943115672,normal
2026-01-15 12:00:00,MTR-005,65.00888181485517,66.64353024095426,64.70777675557687,2.9574530821572647,419.4465258965642,1481.5615374898848,0.6889784183092693,77.71964414034932,52.080426656164,0.8725671917279574,normal
2026-01-15 16:00:00,MTR-005,67.54389762561904,66.96848646144575,65.26426034134178,3.4232789685696283,421.41546426907144,1483.7078296066843,0.8180177555645287,80.34454991921613,54.074741446814215,0.8633806482008257,normal
2026-01-15 20:00:00,MTR-005,66.75884621755787,63.97457561796941,67.41680374874359,5.2115430915473455,417.7175254920476,1473.9398307564304,0.8853568956338886,77.81347866891647,55.91035133973765,0.8739900475924385,normal
2026-01-16 00:00:00,MTR-005,66.09722808112629,65.81173861590166,65.04512532680339,1.602560388837616,408.79589527206673,1481.764413854028,1.0842858123092995,77.18997785709861,54.51542380364322,0.8870754888932176,normal
2026-01-16 04:00:00,MTR-005,66.55538169931783,65.67133641757333,66.21174928641528,1.3365028867327997,421.0207839955162,1476.068062647087,1.2303364910059371,78.2588433536306,53.82048151866573,0.8791670647258902,normal
2026-01-16 08:00:00,MTR-005,65.96503022929431,65.6707958642577,66.26581016109238,0.9019849073946901,421.30288180149506,1479.978232904603,1.1003210846775981,77.2937596399951,57.60035305362628,0.8754752653043562,normal
2026-01-16 12:00:00,MTR-005,66.61551269477587,65.27719434870427,67.5228886999753,3.3784133225368276,415.07516204523176,1479.0648772225984,0.7836931455491091,78.06169898551389,50.39028565480742,0.8772559017548233,normal
2026-01-16 16:00:00,MTR-005,65.60568174276659,65.59390432111145,67.4814241575046,2.8500758592227244,420.2917046413421,1481.9852098362908,0.7956285584060752,76.63323792695974,57.47374378703645,0.8843995404142863,normal
2026-01-16 20:00:00,MTR-005,66.31539778974204,66.99691654504247,65.9325298499473,1.6026312240857428,412.7932994478133,1480.6845618668829,0.8761007133735974,80.21734883991145,53.91142341368903,0.8807562679401766,normal
2026-01-17 00:00:00,MTR-005,64.22762596756645,63.755587745405215,65.44209790367105,2.6157540771216143,407.53501626060165,1484.0353515208353,1.167683833328038,80.84652984213132,54.84378197977442,0.8756676038111766,normal
2026-01-17 04:00:00,MTR-005,65.19299976073816,68.08535919448907,65.22110249268452,4.371335941145456,411.9588622455136,1478.1943085172022,0.875186392172716,77.73321935577675,53.945273324559786,0.8806864221959009,normal
2026-01-17 08:00:00,MTR-005,65.20564021923266,66.56770692003104,65.71715248564016,2.069061605573994,421.917203464179,1482.1273431688999,0.7008738764193854,75.22702115861752,58.08577621107824,0.8591834890373594,normal
2026-01-17 12:00:00,MTR-005,65.56071569437056,65.95033057575868,65.49073419759364,0.6998866361621738,409.0356803055541,1480.4866696506965,0.8248234294570448,76.9523136593732,52.53804300638948,0.8549773474765971,normal
2026-01-17 16:00:00,MTR-005,64.91289111439177,67.06401873174423,66.64958949364699,3.249003971528397,414.998085127726,1475.0941291897852,1.0135584002729126,77.63202267979408,55.023472739443875,0.8715709865064383,normal
2026-01-17 20:00:00,MTR-005,65.37397547903426,64.29651389900236,66.49316351918264,3.3594138176014052,415.13657557336086,1477.2441506244309,1.0034910415344132,79.01107775380642,56.05487730371999,0.8706868070965054,normal
2026-01-18 00:00:00,MTR-005,64.22308750011953,65.22008427128948,66.69438006427681,3.7799379175910266,412.9481030241287,1479.5503658994335,0.8699675000262516,75.98397355365864,51.777994464229664,0.8645608994648675,normal
2026-01-18 04:00:00,MTR-005,66.64380855897002,65.85793815932841,67.47755955475176,2.4296834891685237,413.22591360065155,1483.3368773496752,1.0025122010340046,76.4616753627157,53.160203659107694,0.8782585266982771,normal
2026-01-18 08:00:00,MTR-005,65.90318413781063,67.6022575013071,68.1857664357762,3.3951638047375643,415.2889965369448,1481.3911691726714,0.5590241696179752,79.02135227571762,54.70364293300354,0.8513713641354876,normal
2026-01-18 12:00:00,MTR-005,63.99922307354281,65.94544401147817,66.14627171493153,3.28477489249887,412.7513506322611,1476.4974975283578,0.9155743852549046,79.87781766407912,53.22666993063125,0.864652277439422,normal
2026-01-18 16:00:00,MTR-005,65.0204662382919,66.5280641475239,67.2900374917709,3.424242003507452,409.3117660113283,1479.5790513158586,1.0291028132052946,76.75681190965864,53.3688164575617,0.8651504445512238,normal
2026-01-18 20:00:00,MTR-005,66.39494567500627,65.30822731143495,65.58738538430119,1.6524638166351482,415.8601277717738,1486.053419346379,0.7750705087268197,75.33356589209801,54.30027467384713,0.8536369821490054,normal
2026-01-19 00:00:00,MTR-005,65.36285424957401,66.57122802758852,67.39040819407074,3.0516379693784033,419.2934663297799,1480.3336700045227,0.7745492195255568,84.56823640257576,56.29916266329235,0.884947310072693,normal
2026-01-19 04:00:00,MTR-005,65.18225535343797,67.96796112242336,67.245504077753,4.17030727196607,418.4782900746137,1479.0180232747828,0.6200327770854788,79.56660847417743,54.31456444624371,0.8564079873133668,normal
2026-01-19 08:00:00,MTR-005,65.91247792564386,67.1680846515643,67.18320807139978,1.9035846698186885,411.76105813044074,1481.4752189222686,1.1384843392216042,77.46599247646594,57.15685238894589,0.8641165994269231,normal
2026-01-19 12:00:00,MTR-005,66.40315444127577,65.90442497434063,66.11037528033138,0.7540589777261689,409.9950883384893,1482.2901792387458,0.791976903446765,79.73806255106167,53.00448443468129,0.8790797975780513,normal
2026-01-19 16:00:00,MTR-005,64.31467978374071,66.79257592745815,65.21579308758402,3.7864573093357423,413.86324847138087,1478.6314949575599,0.9361564916793168,77.75108674057115,52.496155479053094,0.8764604534342874,normal
2026-01-19 20:00:00,MTR-005,66.64548408462898,66.67761989340579,64.36375329957117,3.511411874870349,421.2711660391827,1481.5077243231144,0.9905875562225062,79.73431377820037,58.852690811442265,0.8589182530351526,normal
2026-01-20 00:00:00,MTR-005,65.06098921624735,66.59439620145814,65.95302300984191,2.3279479816867332,417.5823923158382,1479.0133315099877,1.126810192371218,78.31878639555245,53.684083744668975,0.8768248920926064,normal
2026-01-20 04:00:00,MTR-005,65.97896451725357,67.30469194340955,67.79873471623904,2.714962043669738,417.8158587071769,1482.1579828054882,0.8769153339021547,78.18254379633515,52.37817598585568,0.8728978447865822,normal
2026-01-20 08:00:00,MTR-005,65.9584403682553,67.29592050583597,65.63644864906615,2.5030898020100754,418.55942780714196,1480.5090794739137,0.8190855309332372,77.77283626353842,51.51589211645634,0.8933303556211146,normal
2026-01-20 12:00:00,MTR-005,65.38157575459867,65.8508005796668,66.92121519360646,2.3309788540338765,416.6830662500743,1481.4459034811587,0.9259601472855831,75.10523733307382,57.15020690761788,0.874039404160683,normal
2026-01-20 16:00:00,MTR-005,64.7989058978733,66.75313809880058,66.99023630994222,3.31112910864845,415.48243419045434,1477.7224493614974,1.0926120414813432,81.87618979878629,54.31739097067988,0.8685875817893147,normal
2026-01-20 20:00:00,MTR-005,65.66479445023842,65.55050195917251,65.66714150077878,0.17772972974788448,417.64922758659185,1477.5361408477813,0.8744741202898825,76.11693215946451,54.492580529867205,0.8614349804288057,normal
2026-01-21 00:00:00,MTR-005,67.9070542293149,64.91692838832306,67.5445112760229,4.476940135975794,412.81533558312793,1482.836491913978,0.7567696377623886,75.27995284737881,54.68159657682672,0.8625575663304443,normal
2026-01-21 04:00:00,MTR-005,64.40230129758935,65.68379399330732,62.587171393142874,4.821565524047284,409.3421479545347,1479.7618108558436,0.6688863287526957,77.57428023448726,57.02588576933956,0.8617423090453185,normal
2026-01-21 08:00:00,MTR-005,67.98564727574973,65.91050030195889,64.56530633961387,5.170285012968935,417.8919877384973,1480.8551042262982,0.7168053923092162,76.07705637297899,54.64094033204816,0.8837109881391192,normal
2026-01-21 12:00:00,MTR-005,65.69526049260354,64.05041163936448,64.92565810560608,2.5348090824134775,419.9509524229969,1479.0808137187405,1.0296587246109998,77.89657441887945,59.688107557665255,0.8701796991501647,normal
2026-01-21 16:00:00,MTR-005,66.04150246271733,67.00945686971562,65.0382010398356,2.9854069140009143,410.52707224257585,1482.6961803220408,0.8519063285539783,79.37552769712353,55.26752114810846,0.8756524712397473,normal
2026-01-21 20:00:00,MTR-005,64.72492598130859,62.75300483747985,66.39454852939146,5.634957118444353,418.2876859296636,1478.176570059911,0.8088718635118934,79.99060580105845,57.123569533916644,0.8851424759998089,normal
2026-01-22 00:00:00,MTR-005,65.09504388443176,69.18538520899729,66.3403110222499,6.116528114999998,421.72306285355273,1479.5931962802974,0.7926049165224087,79.62946144324336,56.610479715808815,0.8464153585779254,normal
2026-01-22 04:00:00,MTR-005,65.4099193439554,67.76220485032101,66.46228227135201,3.5348899240531724,414.99101519297153,1482.3579784381093,0.9127568790300273,77.38873589042863,54.927105359483924,0.8827887376470037,normal
2026-01-22 08:00:00,MTR-005,64.77305123416991,65.69374976363783,66.69940228644879,2.9310566722760822,411.727991261033,1483.5189030974927,0.8640817359351625,78.09918365532317,53.82605802795907,0.8705539691178333,normal
2026-01-22 12:00:00,MTR-005,65.75486959668484,66.0110602630615,64.88521063886911,1.7175333252648646,415.49207469410703,1478.4287221269199,0.8590301784421122,78.81575810179498,55.66392785713311,0.8743504837164044,normal
2026-01-22 16:00:00,MTR-005,65.52243468694672,66.35548699834241,64.57067341494609,2.7256192631242557,412.7978641271972,1485.8790519458676,1.1023985891716108,74.48442515211586,56.020197462414544,0.8617159677825175,normal
2026-01-22 20:00:00,MTR-005,68.1715832071246,65.30871847809297,66.46501509355589,4.295471544651184,412.5330795601744,1480.939725081081,1.130702442279245,79.14116940023972,53.854827903746944,0.8624487560155149,normal
2026-01-23 00:00:00,MTR-005,64.63192362213492,66.226006466502,65.26052770025484,2.4384489797737476,416.73273626908616,1476.8712152145738,0.6584967490636506,75.08540142483234,55.33267773190131,0.8748884588981298,normal
2026-01-23 04:00:00,MTR-005,66.12049020631834,65.83104002616338,64.15730928010159,3.003201076141369,408.5850820998804,1481.10715614577,0.9491389096714437,82.08069319781298,57.47240995651919,0.8938459780033147,normal
2026-01-23 08:00:00,MTR-005,66.29080630409814,65.889386678449,67.13971062719534,1.8818852399122288,409.22428431003107,1478.8510023565495,0.7834706852067912,77.19096983071661,59.13989547813936,0.880033133128149,normal
2026-01-23 12:00:00,MTR-005,64.74415722291518,66.21291431448395,67.63691957029603,4.369863858285836,415.0771635214958,1481.3022054615494,0.862762332920836,77.63024964561082,56.70873864069884,0.8826552292141854,normal
2026-01-23 16:00:00,MTR-005,66.80587759466466,64.45879404993131,67.82706877724642,5.075461272544448,414.9107658443503,1479.871431257019,0.9463917577690042,76.46058580152429,58.725519372760566,0.8680799872973858,normal
2026-01-23 20:00:00,MTR-005,65.53262963821889,66.04642847631682,66.21942239319701,1.0416552541988786,416.37421830815975,1480.2228210705705,0.8680920124603622,76.74005993628862,53.741251577587086,0.8639979577541437,normal
2026-01-24 00:00:00,MTR-005,63.07559614214254,66.19177868936451,66.7344269926082,5.6001998192072255,422.50090155393355,1477.2652198702415,0.934568982094145,82.54818713828648,56.40376450411859,0.86219195048421,normal
2026-01-24 04:00:00,MTR-005,66.77422354486936,66.15118355572427,67.60731204874465,2.1783903881580278,415.4180561443033,1482.970183692149,1.0009455309047877,79.8807393772466,57.67703901716254,0.8651172627530331,normal
2026-01-24 08:00:00,MTR-005,64.6894560293199,65.74675858028824,65.24740547303917,1.6209367199796147,417.39268860133916,1476.531617898547,0.944186520081048,74.90159510970432,53.20733333405601,0.8494721756682947,normal
2026-01-24 12:00:00,MTR-005,64.77061072986346,67.3350864571374,67.30319514929013,3.8581164017737444,411.09786825754145,1476.673705313785,0.8029745543748565,81.00842580137046,54.02881977590998,0.8627508065710839,normal
2026-01-24 16:00:00,MTR-005,66.80713844392709,65.58504766893898,66.3231315813947,1.8449872750147829,418.07175065406614,1481.1020810474424,0.8056200589544514,80.38648455028286,58.4758095236705,0.8643964684394015,normal
2026-01-24 20:00:00,MTR-005,65.59266386062902,66.26672906400587,67.07208833874864,2.2310563447133043,412.89443653955726,1484.808532741534,0.6840442055072947,77.43757507542342,53.04980228842612,0.8682464182560515,normal
2026-01-25 00:00:00,MTR-005,67.07685265664709,67.52216243980597,66.21834914449443,1.9477597969274951,415.2856833303244,1478.9422207088069,0.7719119553718923,78.61339388405968,52.317739934688575,0.871317501097473,normal
2026-01-25 04:00:00,MTR-005,67.41992821856198,65.90686532904283,67.52094120610433,2.4108948189643757,414.56460549972337,1482.102916968112,1.1943102542847792,77.97011184115784,58.05596314727902,0.8736245086862561,normal
2026-01-25 08:00:00,MTR-005,65.2432839398885,66.25163690049526,66.26226788138207,1.5458107208338674,419.13189693965614,1483.2200205305905,0.7811994638857134,81.94515980889386,57.39352644996087,0.8698507462755704,normal
2026-01-25 12:00:00,MTR-005,66.93076132858724,65.88690869339052,64.25879790355823,4.067401024314972,409.7600937825,1482.4440533118823,0.7209931781334271,76.40741962201582,55.864240487967535,0.8641855691365724,normal
2026-01-25 16:00:00,MTR-005,65.11359265969902,67.45184722444796,67.70359391524927,3.879782919626873,405.8670454615398,1479.066375132479,0.947989179276716,78.29202121955146,54.908578490708344,0.8503664135673448,normal
2026-01-25 20:00:00,MTR-005,68.62018934276843,65.69760318107208,64.8882305972594,5.620249860477854,414.1462692116483,1476.7268598484177,0.8834452861062211,77.14370933801439,54.12295098879004,0.8642469139159821,normal
2026-01-26 00:00:00,MTR-005,65.18693044801671,67.50580270401817,67.4702549666862,3.475476077464554,416.8741250276205,1473.377357302986,0.8706610144726162,75.13391919076429,55.5638977476181,0.8602754936231299,normal
2026-01-26 04:00:00,MTR-005,67.20394259739307,65.87845687028077,65.89411501911002,1.998455542149424,415.60907750323,1479.2114785016129,1.1113568949618136,82.38327651010998,58.1596139148031,0.874660667482786,normal
2026-01-26 08:00:00,MTR-005,66.99004696370105,64.99156725782099,67.37985288929865,3.5939025721807045,419.92881694965564,1483.5342621056866,0.9823690013337548,75.63686684179518,55.47713225228415,0.8790928739669369,normal
2026-01-26 12:00:00,MTR-005,66.37087637794114,66.79713118680696,67.33146184144367,1.437288786370515,416.7494906967187,1476.6275020457142,0.8205010602444787,78.44025837497556,59.33391853449393,0.8793857106705993,normal
2026-01-26 16:00:00,MTR-005,65.21322935727109,65.64252307506003,66.50470108986337,1.9631162822298396,412.74460667256056,1482.1006295425564,0.836328612361233,74.51859878723933,53.20411602871954,0.8775695273612782,normal
2026-01-26 20:00:00,MTR-005,65.82236027612208,66.72805438827635,66.59668143934917,1.3643595059238547,405.6983193834413,1477.1495424098443,0.8246120229141473,77.20185892151382,54.96063849134346,0.8686647426454751,normal
2026-01-27 00:00:00,MTR-005,63.47312328081173,62.797498855022816,66.49588424417261,5.755748950275177,414.05075106321914,1480.3182177291606,1.0312109432370387,78.84393764286692,54.25388266467217,0.864780444345241,normal
2026-01-27 04:00:00,MTR-005,66.26331951170184,66.00610750729007,63.63711228596353,4.02162260900886,419.1118360090312,1482.123374842465,0.8537778555820295,76.35053204099528,52.829716913675334,0.8625289724633294,normal
2026-01-27 08:00:00,MTR-005,66.41021532173997,65.46072978279122,66.13884079017389,1.4385433548021522,413.4318088693315,1478.0215136894847,0.6310269746318775,79.17360370147131,54.69383253398069,0.8549250108339825,normal
2026-01-27 12:00:00,MTR-005,66.15663931836534,64.75244314113664,64.69048470007564,2.2487083784191833,415.1132810547111,1480.5114540420907,0.8927520481898483,77.46191781622383,55.83465860332088,0.8799185370050786,normal
2026-01-27 16:00:00,MTR-005,62.51132075901673,65.35086389117464,66.2008595819949,5.70361890009903,416.6854410172268,1478.754725989824,0.6694460998308107,80.32016502479722,56.04846035990406,0.8682528896207002,normal
2026-01-27 20:00:00,MTR-005,64.51498657109462,65.32685497736328,64.65894741224369,1.2522341075429175,410.93883050300076,1482.1154459768145,1.2276345902632353,80.72352182668044,59.340904357889116,0.8575365970637913,normal
2026-01-28 00:00:00,MTR-005,65.12223991345756,65.94369666737532,64.60965638896141,2.045283611768341,417.49294358655527,1480.7059515054539,0.7551498129229154,76.82651047853997,55.92893493944712,0.8617350862428976,normal
2026-01-28 04:00:00,MTR-005,66.34221314827515,64.39567028542565,67.88312314872458,5.267498523906143,421.5484871600068,1480.1695230232879,0.8757202851963404,78.15346571878591,57.30027360735923,0.8613302654356745,normal
2026-01-28 08:00:00,MTR-005,66.3394909826211,66.37109456883806,67.25481826873238,1.3732284714625014,414.30874659242636,1484.6750498804258,0.9387304102051706,78.36690845294447,55.132188492597955,0.8704302448501513,normal
2026-01-28 12:00:00,MTR-005,65.80027075075381,67.60302534797479,65.99513936699886,2.712289983134054,410.4837423126708,1481.986918427105,0.8567012758981155,79.23869859086939,58.35611120090519,0.8806746785107069,normal
2026-01-28 16:00:00,MTR-005,66.74535476294864,66.32962276975212,66.21679521629218,0.7956568493003038,414.7335958919121,1477.928944401621,0.8564954397800711,78.02876399248854,59.796898571176136,0.8665201045040442,normal
2026-01-28 20:00:00,MTR-005,64.79587561297794,66.94921330149538,65.7091118631282,3.2716513703491277,406.1024635655645,1479.7424082976067,0.9632740929241316,78.38042191868568,56.0621702619519,0.8474746648521635,normal
2026-01-29 00:00:00,MTR-005,66.71600907334762,67.28428661341351,66.66865494781598,0.9203690909590884,416.34761305590644,1479.772303644761,1.1289323938194418,77.51318705040975,53.014681969096834,0.8681081966484108,normal
2026-01-29 04:00:00,MTR-005,66.55703073634547,67.45081436096277,65.20676287658273,3.3793477906110305,416.8090975105943,1480.2409587178756,1.0151263622725946,78.23047973394404,53.90238995444567,0.868438060999028,normal
2026-01-29 08:00:00,MTR-005,66.44299755319648,68.19429606624367,67.16598857509841,2.6034737800135512,421.7025451753822,1487.5735278298225,1.1217770817860315,80.59588038707027,55.563868606410324,0.8677507976906448,normal
2026-01-29 12:00:00,MTR-005,65.78640589419282,65.41426965535624,65.70304477321011,0.5669820329853495,414.2240208297335,1481.112555678133,0.7430071337859747,79.29216648242371,55.91299607050129,0.8637253883352429,normal
2026-01-29 16:00:00,MTR-005,68.14807275446869,65.15697879074429,65.50737952489136,4.513441057420133,416.6339413525859,1473.8922922896857,0.9476043949883042,79.40251127888673,56.396850268768745,0.8721743908072584,normal
2026-01-29 20:00:00,MTR-005,66.57868294116146,66.91926636070102,66.02547660835555,1.3438869369870265,411.5548475904564,1478.371603084849,0.9232869078087419,79.44614064827115,55.920395362460084,0.87066141115149,normal
2026-01-30 00:00:00,MTR-005,64.8638192537825,66.83103236439801,65.30638771955395,2.9957371596677707,413.57429151789967,1474.2028837375126,0.9526636937515103,77.69238244423794,55.013969832511876,0.8697516968587335,normal
2026-01-30 04:00:00,MTR-005,66.29134509153022,66.9101256848824,66.38565395674254,0.930090947769528,408.8992582533512,1479.0106052288625,1.106434795595336,78.63765408715906,53.72760311759574,0.8741264136144297,normal
2026-01-30 08:00:00,MTR-005,66.88291382910042,68.21675807965363,65.36949456187227,4.260899919786744,414.22084151486706,1474.0380693108207,0.8668816275311919,75.82965264332852,55.80227652252846,0.8657016717685214,normal
2026-01-30 12:00:00,MTR-005,65.30995257726214,66.01334069299023,66.54973436064077,1.8796626274268466,413.77876338592574,1477.3852285867947,0.8391744950168869,80.53761531263392,58.70997471496131,0.8651341433029934,normal
2026-01-30 16:00:00,MTR-005,67.27807943639915,66.50002369665152,67.42678100565614,1.3818113506117355,416.19679906435556,1475.4378354110977,0.9800971196127997,72.43407913531355,57.03985721085551,0.883801232895854,normal
2026-01-30 20:00:00,MTR-005,66.44825288137345,64.84967778492606,65.15599588747841,2.4411450427433303,412.50561247866943,1481.1524805339025,0.6332695908651229,77.82570321532916,56.0694078992724,0.8755935540971543,normal
2026-01-31 00:00:00,MTR-005,63.25149208380599,68.50544345213179,65.84679146344033,7.9764963669065745,415.3333814039004,1480.0016180878865,0.8644721926316733,80.28179195430054,57.059133847645505,0.878269460609428,normal
2026-01-31 04:00:00,MTR-005,66.3516151200765,65.60512062578131,66.5412947032949,1.4148866999766954,413.66647977756935,1480.908886922496,0.8798703466071821,75.27226413274131,54.25787194219829,0.8822610458533406,normal
2026-01-31 08:00:00,MTR-005,65.52359245882242,65.63835997762463,65.48859403682182,0.22847524731872504,413.6740024468019,1479.6863458342943,0.7619462075539613,78.79955983523371,53.98346970783336,0.875259441806248,normal
2026-01-31 12:00:00,MTR-005,66.63029098239564,65.59314679455032,66.54480279136996,1.5653569979991617,415.32144930385215,1475.8171067493868,1.0585588517034865,76.63846710684194,53.50442979126804,0.8792838867913617,normal
2026-01-31 16:00:00,MTR-005,67.10787874589546,65.24332219252398,66.65166799649805,2.810848753112112,415.16209176926805,1481.540564107764,0.7406639523985075,77.26239346962227,54.749426754461126,0.8542065483792974,normal
2026-01-31 20:00:00,MTR-005,66.22899013531307,65.14412719601876,67.27102715085198,3.2121258248676643,418.04469615620656,1485.7666736808083,0.8796190427454306,79.89188192127888,54.15598820658184,0.8720415387199603,normal
2026-02-01 00:00:00,MTR-005,67.95389595449511,65.3855203080763,65.28897167926037,4.024990037197243,414.51742786348063,1481.2276377358196,0.9439735837984453,78.3961138517703,57.41654948130428,0.8681728153818568,normal
2026-02-01 04:00:00,MTR-005,65.7903172554455,64.39746611108689,64.89381038479624,2.1419516586491847,413.600458603508,1478.7222262020473,1.1030177342214178,73.93128826423127,54.04935316463562,0.8867768409089981,normal
2026-02-01 08:00:00,MTR-005,66.73311957904988,65.07856030689113,65.6391091962452,2.5138809723420175,414.2767702196511,1475.7157984716837,0.898416534767872,76.0471489205368,53.39455656755017,0.879276455318033,normal
2026-02-01 12:00:00,MTR-005,66.94446595306782,68.28678338409854,64.86450392159807,5.1309626617733874,412.14134353263603,1477.27579908772,1.0404230391192315,79.95067146977752,58.885154357661264,0.8636955480920682,normal
2026-02-01 16:00:00,MTR-005,65.88578072983253,66.86316870187254,66.66234455941573,1.4704101545274457,413.56035562573334,1481.359118969716,1.0050893095915692,78.89788543638599,54.097249537837314,0.8737279415852921,normal
2026-02-01 20:00:00,MTR-005,66.91376185469393,67.08639423402718,64.63687847445968,3.6994849902298297,423.1246348522929,1483.219354080398,0.9185186334253714,81.49627114504857,55.3070569145007,0.8716768133344924,normal
2026-02-02 00:00:00,MTR-005,65.30225036172972,67.38125831056918,68.73740593074982,5.116383632439482,411.3492849572165,1480.782598524166,0.7365729887589817,81.3652951880266,55.90264564948682,0.8745433143315223,normal
2026-02-02 04:00:00,MTR-005,65.50418638834844,68.15205122218521,67.52055535757987,3.9485640387802325,413.88537466448275,1482.399661869118,0.6848128708643477,77.31550973970641,52.72661376215837,0.8598115753062535,normal
2026-02-02 08:00:00,MTR-005,64.46001327000539,63.92153087297255,66.01475556966437,3.230346513466619,413.45004534692123,1482.1230347320818,0.915975810212878,83.00647561013898,57.47096753900614,0.8736001646523822,normal
2026-02-02 12:00:00,MTR-005,66.28325336320752,64.55693714473045,67.0177428717843,3.7311706713288215,414.0113135510224,1481.5196031741577,0.818595468914608,78.04895933970383,56.27423808082246,0.8677184865071177,normal
2026-02-02 16:00:00,MTR-005,66.38162863300244,65.05696423788356,64.079485812542,3.5323733272582944,413.6750427644864,1478.0245792142161,1.0378891637521939,76.07466293118195,58.116768023761566,0.872824497640556,normal
2026-02-02 20:00:00,MTR-005,67.38366877273296,65.44885037211887,68.96075804217548,5.221047577519176,416.116960404884,1480.5217705359255,1.0118784777147867,76.73272026817885,53.6415561255638,0.8627561483487783,normal
2026-02-03 00:00:00,MTR-005,66.92827093844424,65.64733191504664,65.30748152168476,2.4571924708125374,408.1592995944328,1477.4548665883535,0.8723083508344426,73.48654978942116,55.19825158495232,0.864149368286034,normal
2026-02-03 04:00:00,MTR-005,65.66583988020035,65.47554633804091,65.85861636769141,0.5833553674448296,419.14868589012804,1480.0522868588744,0.7263430614088097,81.21403801649856,55.07871150998839,0.881738420203667,normal
2026-02-03 08:00:00,MTR-005,64.61760250019445,66.25732245807494,63.8223716096989,3.7519024012631914,417.5303311985688,1480.9925905932007,0.9766103324410911,81.18952397808772,55.52777698870004,0.8594845244165984,normal
2026-02-03 12:00:00,MTR-005,66.50787780562344,66.04141325847439,66.57057710422932,0.7972542126849805,410.0285136557475,1485.0363514221606,0.7473075830797274,75.96898512237335,52.09077050284568,0.8602224559895795,normal
2026-02-03 16:00:00,MTR-005,67.30328372229985,65.15187384032419,64.70188952236286,3.958358433136243,405.9236909081904,1476.070804076897,0.7862304115603703,77.54423142323618,55.22167275738445,0.8694841874278442,normal
2026-02-03 20:00:00,MTR-005,66.88608370259662,63.44735610166792,66.1192760935708,5.2512294144872005,411.0917114154344,1481.444522892974,0.7530876392677268,78.19121508822515,52.14707217715251,0.8622810962481404,normal
2026-02-04 00:00:00,MTR-005,67.27245362916588,64.83503405235567,65.36138466536855,3.702993106470637,414.0293341542915,1484.4437097748707,0.879224846709007,76.07929389571578,55.71666814239384,0.861149713677372,normal
2026-02-04 04:00:00,MTR-005,65.75138295006073,65.35555998011324,64.7354471163484,1.556255262414329,425.3211675947631,1482.2765432975164,1.0755288501105842,74.48979593745767,50.74270175096296,0.8710507597120829,normal
2026-02-04 08:00:00,MTR-005,65.4525004106739,65.71009346081227,65.05621583793186,0.9997170360712326,417.1730278598971,1482.4988363284751,0.8992438694664707,77.57928479244617,51.29682633141883,0.8549493414309629,normal
2026-02-04 12:00:00,MTR-005,65.13536908004802,64.67452351440897,66.26492462666035,2.4333585538287332,407.7696414032742,1481.7630847056034,0.8335171961358456,77.35784114108151,56.63709743288,0.8599203776508636,normal
2026-02-04 16:00:00,MTR-005,65.93441481250672,65.4241204126442,64.49638392516725,2.202698140406339,412.24137798039624,1483.8950034693262,0.6711577604932134,77.22317751802245,53.90632308961043,0.8905409558292364,normal
2026-02-04 20:00:00,MTR-005,65.90778679939659,64.67297479751025,65.121394305999,1.8928948373450267,414.78715025490806,1476.737565495663,0.9828186877094764,78.44543212520193,53.02428385273552,0.87459475058969,normal
2026-02-05 00:00:00,MTR-005,66.24250175081923,65.85237196084995,66.77824076735033,1.3966726607452788,416.01473421719237,1475.8422200020893,0.7829393091107059,80.85903931705198,57.541691242151096,0.8625343664773009,normal
2026-02-05 04:00:00,MTR-005,65.848290983745,64.7409061747212,69.0535763865192,6.480580491674377,409.74100455875833,1479.9809975786043,0.9176276428737146,77.39381456061655,55.65525243465683,0.8741821507826619,normal
2026-02-05 08:00:00,MTR-005,65.84321013045393,65.00395186985865,66.56037088160886,2.365288176740207,414.4600390880918,1473.516513689285,0.8468672076125039,78.34088599744273,56.744180391067566,0.8756733047698663,normal
2026-02-05 12:00:00,MTR-005,65.08867897784602,64.46447728630608,64.92374633984532,0.962893304832654,412.1294434495578,1483.6919374125341,1.0257265829399156,79.45374104748987,54.66751585535834,0.8799441442009024,normal
2026-02-05 16:00:00,MTR-005,67.10483297590042,65.81989251719813,65.56925270711515,2.320846631281252,410.5849657495907,1483.6621455864863,0.8764145411957172,79.10828585302549,60.35925738780001,0.8687284397054327,normal
2026-02-05 20:00:00,MTR-005,66.08978119303262,64.98336794992252,66.03706443388569,1.6839511606720117,416.0383825867958,1478.6999483347465,0.8911610468215423,76.77115295110431,53.79097227888041,0.8797649770277289,normal
2026-02-06 00:00:00,MTR-005,65.79531911710527,67.06396020623251,65.59000805792077,2.2282047485713536,418.0955086937713,1478.8876882100185,0.972862072118319,78.19275424622808,58.48899109871978,0.8496155347511782,normal
2026-02-06 04:00:00,MTR-005,65.12301634285427,66.476197646253,67.05958824897134,2.924469317694095,418.3641651078465,1479.782957574548,1.216041027339478,79.09507964033811,54.877267919800175,0.8594369186952424,normal
2026-02-06 08:00:00,MTR-005,64.43722195047445,65.91804047466452,66.25516888673668,2.7739325794649594,417.2975454045355,1480.1560619513189,1.0332670395537833,75.74329732497844,51.69097921017451,0.8716387140173646,normal
2026-02-06 12:00:00,MTR-005,67.53467798592456,65.06428368311663,67.06521346496092,3.7118240683136445,413.01052186743897,1480.381521757583,0.8867090840477087,80.52707802159301,55.965697491496215,0.8732963353280779,normal
2026-02-06 16:00:00,MTR-005,66.65077608420799,66.4464771582378,65.63105261938412,1.5393732569725427,417.858199045854,1481.674696320635,5.700479698592293,80.86317781042823,55.62952512291033,0.8608821771233136,misalignment_looseness
2026-02-06 20:00:00,MTR-005,64.0946030647179,66.81042237683573,67.5552535911396,5.231249109326729,416.23621775241713,1479.4821209409745,5.621271080951335,76.55443948911102,52.89735637152154,0.8725941999126315,misalignment_looseness
2026-02-07 00:00:00,MTR-005,66.89542029949934,66.16742107031658,65.80465691444299,1.6454625232382982,415.53576753180806,1482.8295799104335,5.557500644472046,78.38734003669634,53.15556144573057,0.8637615975131274,misalignment_looseness
2026-02-07 04:00:00,MTR-005,67.08237790640685,67.88167684374787,64.86047055354476,4.535789016305263,412.5532275131928,1481.337843331376,5.617087381940052,79.28455651334207,54.95060471383002,0.8672304090577283,misalignment_looseness
2026-02-07 08:00:00,MTR-005,66.14593465016642,66.53930778654112,68.55472258042288,3.5909188267619774,413.0124954906339,1478.1791096623822,5.5841776554432085,76.9087716873425,55.69949563049596,0.8802477380066501,misalignment_looseness
2026-02-07 12:00:00,MTR-005,67.87511678434873,67.07196580194649,63.858692776898955,6.0608259495161905,415.2955477444982,1484.0053380034124,5.798005257569383,78.96322769137619,50.0586734342412,0.879089374968886,misalignment_looseness
2026-02-07 16:00:00,MTR-005,66.25428438009085,66.15671675422888,65.13321322897555,1.7025117461353545,424.759497867942,1475.9252290416325,5.539320771319652,78.32651125258433,57.10624290504761,0.8600293967263674,misalignment_looseness
2026-02-07 20:00:00,MTR-005,64.33759372720628,66.79277962515485,65.264287320519,3.7503859160987876,416.20496992036556,1479.7235025675357,5.899981584207007,75.0641636447224,54.01100405237005,0.859427485379799,misalignment_looseness
2026-02-08 00:00:00,MTR-005,66.42846496123003,65.06511002033483,68.94307936038636,5.804281686076637,412.55524599099886,1482.9007522032264,5.812806957542824,78.91832263195711,52.33650503120365,0.8658882660444668,misalignment_looseness
2026-02-08 04:00:00,MTR-005,66.28734616734293,65.462145920497,68.12004775739857,3.989455079988105,411.67044222012225,1477.8307806852636,5.70307525940515,75.79971516745793,56.882133102903865,0.8697325369882708,misalignment_looseness
2026-02-08 08:00:00,MTR-005,65.29213169743363,66.40991990275266,67.75287568854017,3.701203110732515,413.0329335493752,1480.9286669403014,5.70004779171976,79.87840570332409,54.952764041163086,0.8634210151142526,misalignment_looseness
2026-02-08 12:00:00,MTR-005,66.67297570193618,66.40139672502733,65.61202716947844,1.6019443725579636,423.70917379019625,1481.6300187909972,5.616407803557816,76.65757784973222,57.43233155356451,0.8804064244279967,misalignment_looseness
2026-02-08 16:00:00,MTR-005,64.04327275433606,66.5955978722534,68.84671552450769,7.223744125352502,413.4029734162161,1477.4184283960562,5.740512661702164,77.67742913267772,55.87590452595951,0.8734738984170856,misalignment_looseness
2026-02-08 20:00:00,MTR-005,67.16226507753288,67.2911276602737,66.43219968450674,1.2827121627935445,418.62748213844117,1479.7825668412179,5.863213869481289,80.74455782689316,54.99697099410391,0.8740608510987443,misalignment_looseness
2026-02-09 00:00:00,MTR-005,64.96967053443628,64.32803382506992,67.14665568782233,4.304458313906283,413.4962870181146,1479.5304885093724,5.594526530661628,78.99276329305769,54.69454011003969,0.8573346117105503,misalignment_looseness
2026-02-09 04:00:00,MTR-005,64.84432987986268,64.85664234413726,66.21084258049795,2.092542558495909,416.04473816511853,1478.3447864445031,5.46999118666219,75.84105216085091,55.96542552111227,0.8816729071738378,misalignment_looseness
2026-02-09 08:00:00,MTR-005,65.86644560049255,66.26936523219379,65.94195922298071,0.6102445997670554,418.1669810960349,1486.9050245561523,5.805482738228512,75.97016685840184,54.17293748238134,0.8417983117775931,misalignment_looseness
2026-02-09 12:00:00,MTR-005,66.50802156890454,65.1500800053506,65.70457968925972,2.0641312048362965,412.7123886007603,1477.7106809396635,5.7486548961365695,76.80139442275255,53.294854822507,0.8783405545184937,misalignment_looseness
2026-02-09 16:00:00,MTR-005,66.19233756794962,69.96324806977952,65.75402240772152,6.254123866820378,412.43555338338894,1483.0147908822037,5.531970179783823,78.78928816671333,56.21981824530929,0.8793431173767077,misalignment_looseness
2026-02-09 20:00:00,MTR-005,65.12861324549374,66.6051110198263,66.71396353444895,2.3966270000910397,421.63547877782133,1478.8215969493565,5.589991294362882,78.71659962986554,54.71102431711114,0.8656759881272204,misalignment_looseness
2026-02-10 00:00:00,MTR-005,65.40618856500151,65.90809180392195,66.43084776389645,1.5545149585784523,418.9383715795832,1476.740091433344,5.571134358892479,76.31379539067426,55.06713529613801,0.8827291021724742,misalignment_looseness
2026-02-10 04:00:00,MTR-005,64.67056364574378,65.39518271958161,65.96307359229435,1.9780406985513654,418.1626892747629,1480.3084427294652,5.591320159644862,75.66558102877129,57.17875967230921,0.8693690244704565,misalignment_looseness
2026-02-10 08:00:00,MTR-005,65.73637558208762,65.43660958772016,67.7711748181,3.520432915228681,418.14910517249166,1481.9472801531624,5.651447586893822,78.56316681017167,54.77224678452852,0.8706243170332745,misalignment_looseness
2026-02-10 12:00:00,MTR-005,67.26135822502613,66.03536504260981,62.519009732677546,7.265527268446285,416.83830195324424,1482.761528725197,5.660017904357888,77.63627986841968,55.03006785108358,0.8733952878740422,misalignment_looseness
2026-02-10 16:00:00,MTR-005,65.99499815316452,66.13139213427561,66.59826770422754,0.9107116708511076,423.07110325270025,1484.6867953319652,5.602380951739731,82.31443177489547,53.80070097709814,0.9018657491181106,misalignment_looseness
2026-02-10 20:00:00,MTR-005,67.00837939225109,65.46413967022627,66.84214674914654,2.32432427749843,415.1756332075086,1488.8357388698053,5.586275427075011,78.07320731312616,55.8614798679637,0.8834443390808301,misalignment_looseness
2026-02-11 00:00:00,MTR-005,67.70767090293207,65.67950136408332,67.3457697654194,3.0311460365897913,417.30904946880366,1480.7515426112668,5.665682348412092,81.62850565540055,55.699655825360175,0.8770113120071292,misalignment_looseness
2026-02-11 04:00:00,MTR-005,65.31005827099662,67.5772939016086,65.92388417583072,3.42118836780195,409.19634828562397,1478.010723478524,5.725153730228934,75.65923280379133,56.80155026358111,0.8608719551339881,misalignment_looseness
2026-02-11 08:00:00,MTR-005,65.78108738308171,67.62448582284388,66.2439595457305,2.7699515461253355,411.70015725363504,1481.3586229803848,5.652555519545273,74.85357412087659,53.841742325986246,0.871435898254795,misalignment_looseness
2026-02-11 12:00:00,MTR-005,68.54753295697999,66.29571986979026,67.15684610308928,3.3442752242982237,410.19672400065986,1479.2013611487805,5.873800053501196,75.75982973494894,54.084366060819626,0.8618687590615361,misalignment_looseness
2026-02-11 16:00:00,MTR-005,67.69469627005647,64.42625525337556,67.74963524768874,4.988297750062011,420.0962543340646,1482.7778983895566,5.7762131571631175,80.37825956290693,56.58427479829094,0.8782211084728281,misalignment_looseness
2026-02-11 20:00:00,MTR-005,64.03771202304684,66.63184370378981,65.64737111072358,3.9641997089065906,404.789839391917,1476.1085071109028,5.461373121471196,81.51220317938707,55.50442600672573,0.8714046697573485,misalignment_looseness
2026-02-12 00:00:00,MTR-005,66.45425402417813,67.82369139815694,66.31325158553634,2.258982201339572,413.3907599089891,1487.1050036272013,5.778559164812078,76.43564109209473,53.18756374761461,0.858754783203861,misalignment_looseness
2026-02-12 04:00:00,MTR-005,66.00065705767858,67.60720982630252,67.96952678483588,2.930194241511128,403.0251735893575,1482.5681442843265,5.790831597387838,77.07886794048089,57.613108135469,0.870811245834185,misalignment_looseness
2026-02-12 08:00:00,MTR-005,66.96970498340761,66.86172633396335,63.50780823096881,5.262861193286565,411.67484841807243,1474.9479879466114,5.634789754781371,75.662038179575,51.6030988631995,0.8615058253028369,misalignment_looseness
2026-02-12 12:00:00,MTR-005,65.1258915794842,67.66897626753537,65.19038521621755,3.8534456208800005,413.0362042010725,1477.872913293055,5.475720361904527,74.37672030576323,56.5685695065275,0.8715121622133755,misalignment_looseness
2026-02-12 16:00:00,MTR-005,65.01485951013895,66.06263754637538,67.71991421489415,4.082127660699944,420.5394843751762,1482.4482431323418,5.701210013911671,79.43682339555326,52.46957592800361,0.8614092268363475,misalignment_looseness
2026-02-12 20:00:00,MTR-005,65.2067436940555,66.73697415127155,67.2819110581004,3.124850013726121,416.58651175688584,1483.5290321685143,5.698843702277664,78.44604060592432,58.77157703297105,0.8702748763336081,misalignment_looseness
2026-02-13 00:00:00,MTR-005,65.3289371724605,65.20122333551178,66.61300238082066,2.148356084920759,411.66743390668415,1476.1832871183042,5.531753064520021,78.02097596534774,51.91080054618875,0.877504698619351,misalignment_looseness
2026-02-13 04:00:00,MTR-005,66.95664702238925,66.34292480188937,65.47364633555196,2.2382301306479238,419.2638548789273,1482.139077551299,5.48231711756101,75.19988692567324,57.304501303745496,0.869469480080749,misalignment_looseness
2026-02-13 08:00:00,MTR-005,64.61405729017198,67.55998684625875,64.96533296119044,4.483015416998061,415.071329018119,1474.1579803820143,5.686866968031984,81.27991336365731,54.83673127997751,0.8660911173282761,misalignment_looseness
2026-02-13 12:00:00,MTR-005,65.26946635738106,65.30840986385539,65.30630700675562,0.059642650824439175,415.150267434829,1479.731992403587,5.665038421192376,76.99328652390105,54.26679486032251,0.8720327622105746,misalignment_looseness
2026-02-13 16:00:00,MTR-005,63.90089212847831,64.98923970942857,67.8163296457606,5.971492986681666,410.189313968912,1483.3361405263097,5.637410195201641,79.06725284963295,55.370793312935525,0.8769718262079286,misalignment_looseness
2026-02-13 20:00:00,MTR-005,67.18168491280385,66.1143870217878,65.2626272447244,2.899481628371821,411.03994514438745,1478.345452809691,5.687488389788015,75.09087718951055,56.263800678315626,0.8589281673011824,misalignment_looseness
2026-02-14 00:00:00,MTR-005,67.49134198333253,65.73404968096384,66.11900294470786,2.644607548381982,411.6996108002179,1475.479233102586,5.534583543926952,77.61894962075992,53.19119899533826,0.8726065615470521,misalignment_looseness
2026-02-14 04:00:00,MTR-005,65.61623384111982,66.76166665938929,65.11564969669556,2.5003605855231115,415.1858450926168,1480.4386443891326,5.634776908070083,78.58274891247717,53.368424549662855,0.883175408190174,misalignment_looseness
2026-02-14 08:00:00,MTR-005,65.65040607861916,65.46817548955546,66.98885486198286,2.302810131456386,415.31154290792267,1478.1858434000935,5.779998754592152,78.65415043610662,56.29920973022577,0.8757365696327671,misalignment_looseness
2026-02-14 12:00:00,MTR-005,66.53178036534527,68.01630248230718,65.36789449772684,3.974281625332371,421.17637065409616,1481.8886750981976,5.647504487947306,78.30929708647325,51.5853140927008,0.8705775414666723,misalignment_looseness
2026-02-14 16:00:00,MTR-005,67.73005888865715,64.48678004505902,65.88548983555215,4.911520521359864,416.54022067175134,1477.344020703346,5.449204129231117,78.98904498409755,53.83154181361583,0.8763973750669889,misalignment_looseness
2026-02-14 20:00:00,MTR-005,66.47943661047499,67.47104881583115,64.02483163056309,5.222192195219157,404.16973722531156,1477.6820893310407,5.629096158341464,75.73895908793408,61.08137390831888,0.8745249645610268,misalignment_looseness
2026-02-15 00:00:00,MTR-005,65.18155078749587,65.10257690545183,64.10698126951954,1.6583621396755424,416.05056795148676,1473.9369930373712,5.539476230473971,78.39474521087932,53.06397407082144,0.8775360110915982,misalignment_looseness
2026-02-15 04:00:00,MTR-005,64.10058151553591,63.89271359142141,66.00900321349724,3.272574047416884,409.19993457532985,1480.5098341331545,5.740070444469259,78.22751536696056,57.2956055835195,0.8497606838901706,misalignment_looseness
2026-02-15 08:00:00,MTR-005,64.6915851851415,66.27910685011601,64.4451489379013,2.8154696718777514,411.13611630155384,1479.5172851851703,5.747825610507063,78.46334536839012,53.82809846257238,0.8544654386633673,misalignment_looseness
2026-02-15 12:00:00,MTR-005,66.08591082169995,65.70125996307705,68.46996832348582,4.147729822873305,411.75132211309466,1476.4348459877797,5.451183806237095,78.14469043463836,56.01809028959429,0.8800482914948323,misalignment_looseness
2026-02-15 16:00:00,MTR-005,65.23108237277773,64.69805834166044,63.58114621512163,2.5579045700914667,412.3466467059508,1480.5813961413012,5.813851945587328,75.4535744521732,56.30871138119244,0.8549472082383855,misalignment_looseness
2026-02-15 20:00:00,MTR-005,66.22876210836249,64.0271844470541,65.06112764956745,3.381544092245386,409.4994024318388,1483.0812109019323,5.533172054808216,75.36440049578205,57.25791347036589,0.874015386357192,misalignment_looseness
2026-02-16 00:00:00,MTR-005,65.35123582094948,65.99019000960149,66.0195956842606,1.0159450810214081,415.8139280138092,1479.353296169743,5.933877343572353,73.5714636282309,54.59949234637445,0.8664795034396771,misalignment_looseness
2026-02-16 04:00:00,MTR-005,64.75844152061455,67.1449819528386,65.57157735298628,3.6255836266407924,409.35679085963613,1480.804500849466,5.692683560324907,79.63506901969059,58.97776927750971,0.86003810754404,misalignment_looseness
2026-02-16 08:00:00,MTR-005,64.61894955242839,66.6863454318881,64.70446933084767,3.1642238130579194,416.4266704289994,1480.8199337487556,5.513040975219125,79.6553150194704,53.82132687082964,0.8734964975714747,misalignment_looseness
2026-02-16 12:00:00,MTR-005,67.83316262433125,66.06653580130474,64.87603133499222,4.463016626174783,423.9478843082465,1476.387010518463,5.528702089396098,79.68710058244424,55.46844082719912,0.8720103350371657,misalignment_looseness
2026-02-16 16:00:00,MTR-005,67.04307895904213,66.56184781924215,64.83763254906756,3.3341331881380167,409.68256376426376,1486.1697574621228,5.752214293768102,78.6135799249229,55.49055386443521,0.8911034265209637,misalignment_looseness
2026-02-16 20:00:00,MTR-005,68.03047439681147,65.96806875134331,65.6635798780778,3.5563498216775438,413.8619587826431,1478.587450509633,5.641305016515243,73.73376156456378,52.75606376010117,0.8637518879546411,misalignment_looseness
2026-02-17 00:00:00,MTR-005,66.63354239021932,64.3224568881777,68.29026346503377,5.974224844506244,404.9061705499501,1481.9683486055808,5.685501913557279,75.94657901642947,54.42825549004176,0.8844011012006917,misalignment_looseness
2026-02-17 04:00:00,MTR-005,65.49547674722525,64.3328177240045,66.09144642796163,2.6928813235752713,413.79625882811945,1482.307645831687,5.941917034904556,78.34083083518622,55.32302699847681,0.8735242291438431,misalignment_looseness
2026-02-17 08:00:00,MTR-005,67.55272001572153,65.76161559265798,67.38793657421469,2.677255823143926,417.57086861052596,1479.5812146186527,5.595113390365639,78.2710360055836,54.13575791374116,0.8633897811845729,misalignment_looseness
2026-02-17 12:00:00,MTR-005,65.96120021173553,65.81150014399714,66.59485224577169,1.1846979379962563,417.88255692542907,1481.8203850751788,5.708994428654356,77.55450357369595,59.88184793091307,0.8779924645751724,misalignment_looseness
2026-02-17 16:00:00,MTR-005,66.25912101047402,66.99848634278128,67.30693188029913,1.5672923147271107,415.30945492113636,1480.7374576654493,5.912976673105958,78.7378344058165,53.322752652800936,0.8756573850445395,misalignment_looseness
2026-02-17 20:00:00,MTR-005,65.94975272855139,66.88857028922904,62.714708551623524,6.4031659915088,418.5570536990359,1475.7470807283178,5.74057702131996,78.02330341537049,57.35884893628086,0.8703584329485805,misalignment_looseness
2026-02-18 00:00:00,MTR-005,62.542299049373426,66.7100227384905,65.64276925518608,6.415334014025731,425.18421814377115,1479.0031818962498,5.459009589696299,78.24154093110272,56.71291962629757,0.8726629535644063,misalignment_looseness
2026-02-18 04:00:00,MTR-005,67.88288908109263,65.67113494998944,67.53370556316351,3.299685369514189,421.8492187497504,1478.1623472929377,5.77580835175982,76.72186933433596,54.972275730991456,0.8640301296895447,misalignment_looseness
2026-02-18 08:00:00,MTR-005,66.57611129659043,64.38003478707077,65.32916330130745,3.356455737417245,412.90991628236145,1478.6147648759616,5.525549571332483,79.96402197224317,53.269581892295506,0.8617421287474549,misalignment_looseness
2026-02-18 12:00:00,MTR-005,66.38699239141906,66.48349680082414,68.06796851344701,2.509688002816329,409.19558405413306,1476.08799046649,5.911021129309945,77.13845678263924,53.46348935921646,0.8775944217382258,misalignment_looseness
2026-02-18 16:00:00,MTR-005,65.92751608693588,66.61619866089428,67.74109778042084,2.716504068269005,413.3753943337048,1483.379301150238,5.576569859250303,75.33870183395875,53.964065401566984,0.8677606057568673,misalignment_looseness
2026-02-18 20:00:00,MTR-005,66.19175530925305,63.19745641735952,65.44955329307712,4.610425792204558,411.2120689375306,1484.8059779638402,6.145426426161849,76.45800197436255,51.42851743610748,0.869199170017509,misalignment_looseness
2026-02-19 00:00:00,MTR-005,65.29919271527373,65.02104319440967,65.40962147098561,0.5955835483293809,416.8053901914585,1482.9340089279951,5.9201063982491515,77.30306761727604,52.99306914840142,0.8727982159594427,misalignment_looseness
2026-02-19 04:00:00,MTR-005,66.7234531067072,65.18916286385783,64.8107024783041,2.9169149496127234,410.275225842282,1483.8115876724414,5.580508114555803,79.98800557673769,52.03504696927271,0.8726528834478381,misalignment_looseness
2026-02-19 08:00:00,MTR-005,64.46633794257168,66.13886423598483,65.2612761012798,2.5617343632792355,414.70871026963863,1478.9660954889755,5.703002070750242,77.91546400313041,57.691750006355434,0.8557067352902593,misalignment_looseness
2026-02-19 12:00:00,MTR-005,66.21832029409877,65.05739042555491,64.55376216470847,2.5500116579079393,418.35205621814526,1478.091229495042,5.81304664224502,77.6277035620687,56.236924784776434,0.8828625208645486,misalignment_looseness
2026-02-19 16:00:00,MTR-005,66.65891287213677,65.95525543924576,66.50313845170805,1.0601651523866031,414.59721650873126,1477.6642388595649,5.817549071134006,75.50267315047475,56.57194819773092,0.8712118215190068,misalignment_looseness
2026-02-19 20:00:00,MTR-005,65.76689488298113,65.75297233665249,64.29157211447352,2.260321623994057,411.2147447090088,1481.9321947688716,5.7663504389964295,79.57096517965915,56.1776639030839,0.8679734673717785,misalignment_looseness
2026-01-01 00:00:00,MTR-006,80.61275876290809,80.1579626285449,76.92649813710327,4.652465813166944,414.7829815885434,1478.9305690941114,0.8784865175311607,73.13775767205675,55.46106733442268,0.8755981176193076,normal
2026-01-01 04:00:00,MTR-006,80.33641556425225,77.53140062300781,79.40109827959206,3.5466276071781593,409.81234954691206,1481.0860736529653,0.8951016144389535,80.1758805065371,53.45063188467231,0.8714262139266888,normal
2026-01-01 08:00:00,MTR-006,81.0909336028298,83.47276598802456,81.42907973938904,2.904758901882862,418.48327020745387,1480.1630208824256,0.9096442317881372,79.04378246827017,59.28542206892837,0.8808675897702657,normal
2026-01-01 12:00:00,MTR-006,80.76513233372579,79.33422288526764,79.39777908170058,1.7923923632358958,417.9740426813384,1482.288874770142,1.042029219246927,77.44267045715083,57.87919585486027,0.8767125966607735,normal
2026-01-01 16:00:00,MTR-006,81.02093685901691,81.06150861059608,78.95145006024255,2.626259529658766,412.29772588563515,1475.4447340419722,0.7879174037269885,79.12543972016415,53.516358716596486,0.8561961015327593,normal
2026-01-01 20:00:00,MTR-006,81.92141355481246,79.94977157746504,83.23937980591066,4.026274709058567,417.82994882882144,1484.9557430106022,0.773047951273101,76.04385147467289,54.74528466375778,0.8619272222998963,normal
2026-01-02 00:00:00,MTR-006,81.2567104696476,78.85783526297733,82.58713200383403,4.609729247409084,416.4996307452031,1481.5754339763648,1.0854929613214463,78.14475103122979,55.489196139298436,0.8836532874827582,normal
2026-01-02 04:00:00,MTR-006,79.77175293108827,78.68863566623655,80.66499543108573,2.479485529584387,409.8775514185556,1484.0791546390026,0.8306032887178053,79.58954807692066,56.72682814312322,0.867967017554232,normal
2026-01-02 08:00:00,MTR-006,78.4029850224685,82.25518815729886,81.61978398077163,4.769979712530517,411.5842843417146,1482.6227205076998,0.7105446969634401,71.81142150181722,55.058303824650025,0.8818759181801801,normal
2026-01-02 12:00:00,MTR-006,82.37197928249532,81.35955635225359,76.83422518334851,6.905913061336465,419.55312577955834,1479.9651696566348,0.8272305086850196,77.10555128064495,52.950210201238264,0.8685031905208468,normal
2026-01-02 16:00:00,MTR-006,79.6619045356841,82.76420847982587,78.87992683999472,4.8290730420470265,416.2376647405682,1476.1474053672666,0.8504920897133998,77.95471173972724,53.56488272159989,0.8603234357171148,normal
2026-01-02 20:00:00,MTR-006,79.32713612322058,80.07886696555762,79.33161546926485,0.9446322454887119,412.7427882167575,1478.309340456254,1.1332444091588647,77.60741276450847,54.99103640724642,0.866967392223333,normal
2026-01-03 00:00:00,MTR-006,77.52998852584614,80.40948568354986,79.66438385938923,3.6356696996941733,411.5660964353094,1484.7686899985877,1.0387239318565107,80.91420365245482,57.46891395752938,0.860319502044503,normal
2026-01-03 04:00:00,MTR-006,80.48138397199945,79.6199942177347,79.30319072572593,1.4764044624681827,412.9384248075383,1484.1563133449692,1.0721280924948364,75.75219775015424,55.85567572107209,0.8643444723759758,normal
2026-01-03 08:00:00,MTR-006,80.21174983673426,79.59170531112532,76.37329594095453,4.875738883802675,413.22208188048916,1478.141200059689,1.022996046352018,76.75768151310955,53.45317014676997,0.8720092570656525,normal
2026-01-03 12:00:00,MTR-006,77.84516986844518,78.51820525158774,80.54901279105218,3.4238516775514927,411.616147869483,1471.5450871413934,1.041936550742297,74.1682619473831,56.29674555541958,0.8751160509036902,normal
2026-01-03 16:00:00,MTR-006,80.6446564154783,80.11948116042575,80.77319698244352,0.811943822117309,408.03294355046677,1479.3619307970846,0.7967876810129523,81.0205733025463,54.22603032224368,0.854098086767457,normal
2026-01-03 20:00:00,MTR-006,79.29146037944685,78.87751595393964,82.2782560591502,4.243018401216727,419.56005314560315,1479.1368913356127,0.8702096766969774,77.5074197147824,56.780816010373684,0.869826319924909,normal
2026-01-04 00:00:00,MTR-006,83.82622578814392,80.6284926893002,78.87884904565338,6.099499702630533,418.88253469044577,1479.2506821638788,0.7515127030464677,77.12318222392659,60.05402083665721,0.8641338426444025,normal
2026-01-04 04:00:00,MTR-006,79.19024186013743,80.24179231143852,78.76243462004636,1.8632141613913715,409.90697819277256,1481.5856176054942,0.868426795419445,77.89503463537858,54.2823472581129,0.8635158519104119,normal
2026-01-04 08:00:00,MTR-006,79.38105837198536,80.40914779544991,76.18846650885054,5.365757725558461,415.5452451822547,1482.628637737965,1.0026157486402112,79.27247165686065,56.60321031945274,0.8713268461913307,normal
2026-01-04 12:00:00,MTR-006,78.7558738143938,82.38240702533722,79.58248272129296,4.519593354510206,411.3910471891409,1482.9708986412986,0.9201874927218371,78.69472680703225,53.50921333592454,0.8644954812731078,normal
2026-01-04 16:00:00,MTR-006,81.81742438548191,79.94635669366671,81.28158119973287,2.309528979616878,413.95373110709386,1481.3371274204062,1.0967221228440442,83.29576842711417,54.775472465617405,0.8838213799484668,normal
2026-01-04 20:00:00,MTR-006,79.46982998120568,81.07623395961376,79.12993015154814,2.4361686477230737,413.6209336805054,1474.5976878942322,0.7287876311659172,78.90787177680755,55.0591245737442,0.8818806187625106,normal
2026-01-05 00:00:00,MTR-006,78.9690109813113,82.91770234892172,83.04845485303986,4.996559581851608,413.28866313712854,1478.9764008019201,0.975035752604736,77.06950914166184,54.612632679911236,0.8818182829394204,normal
2026-01-05 04:00:00,MTR-006,81.00544712522033,81.85829983188628,79.63506512243268,2.7504069282505044,423.01178833630513,1486.9122693506476,0.7127545797196023,76.87728652495211,59.92602737755005,0.8650508980450969,normal
2026-01-05 08:00:00,MTR-006,78.0368313807457,81.64006357113578,80.20905569321039,4.506181600923794,413.2386972612952,1481.1226502044074,0.9141264703760463,77.21448209516637,54.386813850643236,0.8603750116508068,normal
2026-01-05 12:00:00,MTR-006,80.88904611022072,79.56382120459307,78.06136450761728,3.5566199731535333,411.7669446997323,1481.1034587053316,1.011050013383472,74.99632615074033,56.17370307756973,0.8708202992938812,normal
2026-01-05 16:00:00,MTR-006,82.5335462636101,80.32660345680753,80.40849115758262,2.7216119580854974,411.9496742820118,1481.0784578193216,0.8678246149763671,78.07972841498317,51.139826261353136,0.8684965163371373,normal
2026-01-05 20:00:00,MTR-006,80.80584225114323,78.1251181624463,77.18496740287617,4.600547131765196,419.17510782560703,1481.2461388675179,0.9826689906130434,79.56693621241783,55.86399312673922,0.8639117683757663,normal
2026-01-06 00:00:00,MTR-006,80.907233160903,80.70956714803827,80.98659264712981,0.3425659003149614,408.3915906732283,1472.8506634567423,0.75604014977506,76.77327279875352,57.28410918470449,0.8582426555333303,normal
2026-01-06 04:00:00,MTR-006,81.23741897515731,80.39034336371746,81.03029785064592,1.0472460021871093,411.9495083342579,1479.2814270492668,0.6504465032705427,76.38523988743178,53.9448053148419,0.8695848203073193,normal
2026-01-06 08:00:00,MTR-006,82.43158475189406,80.03325884466656,81.93321447016748,2.9439586298668776,420.78729136044615,1479.886321504616,0.9835544433731704,81.03189029258847,49.979555717919176,0.8659593054974752,normal
2026-01-06 12:00:00,MTR-006,81.72073807647162,81.46089925438984,78.54937782219706,3.9358130179528614,415.9759447519906,1483.8444861977603,1.1616015351113598,75.14703368675767,54.92269646234535,0.8768834703703802,normal
2026-01-06 16:00:00,MTR-006,80.62530804945497,78.28227580810753,80.22835501268966,2.939372792416662,415.7676880201445,1480.1430186838668,0.7505932589745162,73.8643632470454,55.03436770077106,0.8766510605152148,normal
2026-01-06 20:00:00,MTR-006,81.2855344364601,82.32513827720582,80.80187244001637,1.8697066096566195,423.5285858405748,1475.0604658401942,1.0833291270160192,75.69419611270523,56.44815010148861,0.8810079980542271,normal
2026-01-07 00:00:00,MTR-006,78.74000366156073,81.28250977840396,80.62902277451421,3.169528219313636,415.985391811794,1481.2902674685154,0.9065135113224617,74.9191345657514,59.02180607082687,0.8574070444811996,normal
2026-01-07 04:00:00,MTR-006,81.10406199572952,79.89954278449497,78.76935214203043,2.9211507632065183,412.1672553545617,1477.5885260552718,0.6996462717460387,78.77245212820917,54.23989269879939,0.8740105830769364,normal
2026-01-07 08:00:00,MTR-006,78.56987595209422,79.78847347510415,76.59807020152016,4.073610687410264,413.8716917724946,1476.3496430767557,0.7302742047971756,77.27859099910086,53.28742375267944,0.8627253429376632,normal
2026-01-07 12:00:00,MTR-006,79.47801256016835,80.68353595057577,80.49345464445793,1.502802818892522,410.45827076387775,1477.4975228598503,0.9023677160040975,77.56062590995232,52.66616439725711,0.8577958578918892,normal
2026-01-07 16:00:00,MTR-006,75.61591157312962,82.16298841893516,79.7831115686259,8.2678330631995,420.0237481600628,1481.6275126889936,0.8393306568113845,80.30586835394955,55.396157234063196,0.8657139776305129,normal
2026-01-07 20:00:00,MTR-006,80.5709221822115,80.14450875547024,79.1940684900104,1.7217163498972934,417.29824687014684,1483.7762837192802,0.7030630534862642,76.61733027767444,55.95870851763701,0.8806870498013462,normal
2026-01-08 00:00:00,MTR-006,79.08427091753478,80.20484394948157,81.08650007283977,2.498875548344571,419.49765659988356,1481.4487898355328,0.6458941078161893,79.55017882349128,53.90868921127483,0.8662768164642951,normal
2026-01-08 04:00:00,MTR-006,81.58029541717968,80.02576850151235,79.93611443462481,2.042104191198242,419.8519357141975,1481.8960696708511,0.7729921008110241,81.0226455984064,56.55736549145158,0.8856545465995911,normal
2026-01-08 08:00:00,MTR-006,80.5549406017499,82.53443429361987,78.12381148050802,5.485549375694813,413.34315687628987,1481.419135818514,0.9290713512496678,77.08867500397268,55.930768153638354,0.8754887851552033,normal
2026-01-08 12:00:00,MTR-006,81.59871416135343,79.47536625360068,77.25304563328537,5.470214742389575,411.22098859196444,1480.3039815305815,0.8990398871095293,79.47404571111262,55.08646337928978,0.8660590952101942,normal
2026-01-08 16:00:00,MTR-006,78.4588849142435,79.95803363751955,78.39436335625506,1.980906824200865,414.7931475547678,1482.0907919048882,0.8248143063749883,77.51636417494204,53.19517055851175,0.8816004842890641,normal
2026-01-08 20:00:00,MTR-006,81.4768156972937,82.08133070828231,83.40339526366832,2.340339576785055,411.50895571684583,1472.7436735987917,0.9302830791437224,79.84819625768158,54.03627136903055,0.8744539677211428,normal
2026-01-09 00:00:00,MTR-006,82.99499568976118,80.20908207447162,81.02794918959327,3.422049495354993,415.6598275016361,1480.3332650539146,1.056004007979403,74.85702162484745,50.14048940463491,0.8606744061155329,normal
2026-01-09 04:00:00,MTR-006,81.08680291545869,81.61715037873141,80.26824866414223,1.6655012841598649,419.5283875233388,1476.8652248961332,0.9591189765651222,74.70897550974931,55.471574128396064,0.8885880263558051,normal
2026-01-09 08:00:00,MTR-006,81.12405192347347,78.70395725240468,79.74163779244685,3.0305525366351254,414.3274414158033,1483.4887077176325,0.8818036992915629,77.21746457018492,55.05268257749487,0.8725947882308648,normal
2026-01-09 12:00:00,MTR-006,80.24120558420613,79.70802841368389,79.64815226318586,0.7425623421125892,415.59998035963093,1479.5585340843495,1.0392108009991032,76.22215038188045,55.37695798217897,0.8701879619198549,normal
2026-01-09 16:00:00,MTR-006,79.2538044009737,82.11119507689277,81.66001206522182,3.5272797533587794,414.62461753510655,1480.0928442648035,0.7560224546675558,76.96658178114023,56.008638031129124,0.8614446733009439,normal
2026-01-09 20:00:00,MTR-006,81.08258470784214,79.03809462646963,79.30226383373734,2.561772135518571,418.2109102897508,1475.4847843772386,0.8662620690666973,77.56094683510572,55.77164297286445,0.8817953826760774,normal
2026-01-10 00:00:00,MTR-006,77.85801541631706,79.78481914343864,80.82050902852878,3.726979879968346,412.3288704228468,1483.0504926670385,0.8698368096599448,79.4400270636725,54.77923363870793,0.8751727542736131,normal
2026-01-10 04:00:00,MTR-006,79.4058593778904,80.3650634394901,79.50445802625195,1.2026361319134842,406.2142149534276,1481.8819843608214,0.7144570112335732,77.18467884286812,55.097336086325505,0.8762923818029524,normal
2026-01-10 08:00:00,MTR-006,77.48116365889823,78.59320246329887,82.75933387638764,6.629931476404748,416.88347543750155,1481.6708436470215,0.8370188756573463,76.35227737875383,52.19136716660766,0.8649246865647423,normal
2026-01-10 12:00:00,MTR-006,78.99924426337411,79.41147005351553,81.05569921077803,2.5762965049371993,418.951337685232,1477.5609314434935,0.5887560478657046,77.2969732464822,53.83255870862115,0.8783410057191007,normal
2026-01-10 16:00:00,MTR-006,80.91313079735973,80.1601943919298,81.77145858088338,1.9904864711590369,416.7854969790341,1477.6790804651855,1.186826707149443,76.46170944038677,55.100942107366926,0.879118135935708,normal
2026-01-10 20:00:00,MTR-006,80.71878169062465,80.06639179969702,79.1688394315545,1.937799131004462,412.43907801812793,1480.6707983633378,0.7593879317345531,76.13198899587456,53.528292848175276,0.8633122176121888,normal
2026-01-11 00:00:00,MTR-006,80.072410589206,81.8209450963017,81.50490469342922,2.1551524292410416,410.45995160725573,1477.9165047692559,1.1379171197131968,74.77396637284606,56.72030159174509,0.85583009860319,normal
2026-01-11 04:00:00,MTR-006,80.24234808044375,82.19229467709476,79.55544543943866,3.2689552584191914,416.9779901271213,1481.304678888032,0.9057126758579239,78.13895623244215,53.68273583808994,0.8758137305933892,normal
2026-01-11 08:00:00,MTR-006,77.3178814323709,78.78245707093204,80.1564939718156,3.6044831081153936,415.5659158117387,1473.5172621916997,0.9847296198233939,76.8625885868059,55.432610822496635,0.8542665305039426,normal
2026-01-11 12:00:00,MTR-006,79.47013364541026,80.15824856059376,82.32540113154768,3.5402639050541502,414.4968294893667,1478.5373663307803,0.8266800302473603,79.93255747846935,55.23313131363067,0.8715201577783778,normal
2026-01-11 16:00:00,MTR-006,79.03096660418103,80.95893092753744,78.51694214150199,3.0715959207474737,422.28985337197514,1485.3902603962795,0.9311894537942512,75.10520781588212,56.492555187220816,0.8655275489521269,normal
2026-01-11 20:00:00,MTR-006,79.06267066237932,82.15658306246996,80.28906344007879,3.8432370815342796,411.2127996232747,1481.3184574839872,0.9975734459982655,76.91583288990424,56.801582348056606,0.8821866521078892,normal
2026-01-12 00:00:00,MTR-006,80.85273404844622,81.02185286729548,80.62294081211552,0.49350448095410093,422.10014808450984,1480.500380993593,0.9996828621591274,81.6258144413175,56.38806522193588,0.866071561092328,normal
2026-01-12 04:00:00,MTR-006,78.77616735785911,80.41374350448687,80.73956178602782,2.454964460801543,415.12713561948254,1485.955679607014,1.0162160085111536,76.1207809658043,50.78798759723373,0.881072729720038,normal
2026-01-12 08:00:00,MTR-006,79.14000945759658,80.94797160104196,79.35888427648929,2.2651732870860153,407.6577180925165,1472.9921391435958,0.8447500934941236,77.52693349580775,57.388296296026255,0.8648579055563698,normal
2026-01-12 12:00:00,MTR-006,77.03172373943535,80.95824900883379,82.96713116559371,7.389789298281259,414.28318938272344,1477.5540666556358,0.8279460491262968,75.56831203434926,58.0546164483892,0.8799999100505961,normal
2026-01-12 16:00:00,MTR-006,79.58169147679834,78.68058411764001,78.15831909640497,1.8061527790182428,418.83798430639774,1478.796480484758,0.6608735512098595,75.30314497443804,54.03575143135706,0.8906034154383683,normal
2026-01-12 20:00:00,MTR-006,78.45285326547396,80.27420272712003,82.0748592193884,4.512429999644214,413.5397798687801,1482.5750536990163,0.9784828516765405,81.09462196617535,55.4732938253457,0.8593195286163375,normal
2026-01-13 00:00:00,MTR-006,80.11264416524749,82.07525119173503,81.72809330573033,2.413872543470007,409.1008858350464,1482.6269690896847,1.0623568066985165,78.3420789852743,53.21833663973844,0.8729203572173091,normal
2026-01-13 04:00:00,MTR-006,78.64731300018849,79.7050925956352,82.70348627854746,5.0480076385847745,414.3419418728153,1477.4019798730521,1.1423972519876895,78.26735767647524,51.1032429865357,0.8974878241591007,normal
2026-01-13 08:00:00,MTR-006,80.1486823047811,80.18410189162303,77.74118812628221,3.0783462906600536,411.5713105044332,1482.9938629664277,0.9457758951870762,74.60736752976756,53.52256946891523,0.8706658882690292,normal
2026-01-13 12:00:00,MTR-006,79.79422469583311,79.65508771622966,78.76432855055685,1.297024143262054,416.96725760435186,1478.7900556980348,0.7850280340637146,78.7174827762166,53.91972192107278,0.8706178827022965,normal
2026-01-13 16:00:00,MTR-006,82.37801496610463,76.709177606248,82.12187457302988,7.050527694018914,418.09359926427044,1483.6349188769475,0.6454355785065817,80.31484389198765,54.290298537296366,0.8778849894735102,normal
2026-01-13 20:00:00,MTR-006,80.70715446108899,80.02928380762266,77.33043320230357,4.255175746949581,410.7749183690076,1476.9020719056339,1.0562500099625025,80.29895412165706,53.08217181998803,0.8704108086409476,normal
2026-01-14 00:00:00,MTR-006,77.38362613680027,80.42921519026186,77.71525845185363,3.8792684053245456,412.1767837795374,1479.6300652028015,0.6305585149833697,79.33666645921232,53.533149666365524,0.8529277400542945,normal
2026-01-14 04:00:00,MTR-006,78.20104697727615,79.27112051074717,79.30551781445477,1.3993770178566716,418.02656986042774,1478.5294980538704,0.848909388338435,75.7410288448092,54.977987356743185,0.8813228737483894,normal
2026-01-14 08:00:00,MTR-006,80.07851805723354,78.35784967269727,80.27305783270722,2.406953335205523,411.56462288680416,1483.168091114697,0.8663539758084531,78.62624683438598,53.459546033779716,0.8499705158613481,normal
2026-01-14 12:00:00,MTR-006,78.67754958450823,78.7475819238661,82.2644978825227,4.48949123138496,410.671367456688,1478.4316563503014,0.8895817293223471,79.33516992095322,56.087048665100056,0.8658320834886166,normal
2026-01-14 16:00:00,MTR-006,75.77832045477568,81.08684460961503,79.73651069876571,6.730963512050479,410.285235472815,1479.8726544129647,0.905370390005376,74.4111128298222,56.36332130279488,0.8820742574915664,normal
2026-01-14 20:00:00,MTR-006,81.91935475745244,82.80536856611116,79.1349487671971,4.515408104314988,416.4081544518325,1481.5204341929891,0.9207221334551363,75.75744081703643,59.76077549232898,0.8664345757135722,normal
2026-01-15 00:00:00,MTR-006,81.02431860182102,81.96612741817661,80.44286568916826,1.877222617948305,416.23663087806983,1481.6357754490784,0.5376955106882206,79.77631464348688,57.25135986424692,0.863063035075356,normal
2026-01-15 04:00:00,MTR-006,80.74094488674385,78.08804123757433,80.6678705540187,3.3230962017166368,412.26381587848385,1482.6608578224195,0.902198386480519,79.75209155334386,55.48620611665683,0.8787926390516656,normal
2026-01-15 08:00:00,MTR-006,79.13625166866359,81.21546995278322,80.62754108041995,2.588461256965486,415.02034158451295,1480.633374330534,0.5655636638832184,74.90283393275722,53.759471406664645,0.8614888521316562,normal
2026-01-15 12:00:00,MTR-006,80.60825140765857,79.05683573218235,79.74686405980253,1.9440328701667569,421.1085295366205,1478.7452532541606,1.0098327109636493,79.59004291853834,55.587494703348,0.8577777428040805,normal
2026-01-15 16:00:00,MTR-006,78.9982430944414,79.17188684443197,77.21943308242751,2.4883691574223756,411.1037593723271,1478.9509037639239,0.8167312266294582,78.19060679830723,55.653191919832715,0.8727451398749329,normal
2026-01-15 20:00:00,MTR-006,80.29135260475405,79.34296803844084,78.69494614882655,2.009496958660073,407.1930295639582,1480.0770169456227,0.5764444912164974,79.5620179092143,53.97337382198868,0.868170767015874,normal
2026-01-16 00:00:00,MTR-006,78.69072607881034,81.00418410646105,82.01994109904706,4.131994789580442,416.8203023028815,1480.748777428223,0.7778692983921937,76.73095735313211,56.567462793505754,0.8575632688581116,normal
2026-01-16 04:00:00,MTR-006,82.15649912967966,81.36427146872752,80.26605360067784,2.326350739272954,414.55839534439366,1479.5584850564546,0.8144886991223019,79.29036699296181,52.20380397063625,0.8763695253999487,normal
2026-01-16 08:00:00,MTR-006,77.76677453641693,79.86057803195763,79.54130187504774,2.6484994407726647,412.15989965273957,1480.0576102628966,1.0786049426332507,79.68765754897125,54.51120032892498,0.8746448760557723,normal
2026-01-16 12:00:00,MTR-006,81.7525814464154,79.88469939056637,81.59028415768744,2.3038696981856996,417.60832094941964,1475.4482384182836,0.9294956612625368,77.29733012908858,56.11171691863481,0.8664024498339437,normal
2026-01-16 16:00:00,MTR-006,80.05534695540243,80.66028621260202,78.39272301174194,2.8450237838891828,418.35690057867515,1482.002065853364,0.951666741652587,78.03550509234657,54.42483170481581,0.8670866799387505,normal
2026-01-16 20:00:00,MTR-006,79.30386916218028,80.80781445621226,79.67950487649705,1.8815686724835985,406.1668879204796,1480.5433368666684,1.07718324513309,76.70295674099069,54.586491193141455,0.8747039274200915,normal
2026-01-17 00:00:00,MTR-006,80.23751526641172,81.67285433850103,80.19592306513641,1.8301027087025277,412.38960836267404,1483.0056112406232,0.8855783568113266,81.30327789737176,54.72442827761544,0.8819036141975206,normal
2026-01-17 04:00:00,MTR-006,81.04298383243119,78.17333763483136,79.37226310642542,3.6082776584563026,424.27006492478745,1480.0004815222212,1.0131281941548604,77.75945612134846,53.32879751862451,0.8671720678989068,normal
2026-01-17 08:00:00,MTR-006,81.94381758107647,80.02848332772129,80.1433071259045,2.373247560001163,417.33361966319274,1474.7848072644347,1.0025791670897988,76.15595134964563,57.34780186314842,0.8765468849300815,normal
2026-01-17 12:00:00,MTR-006,80.44535896623435,78.48103199873255,79.73305751975572,2.4692007544309074,417.7044145531886,1478.92466143208,0.7070295759645882,76.5683481722505,52.96392465615437,0.8756520021708459,normal
2026-01-17 16:00:00,MTR-006,78.73323223429365,79.92754875866538,78.00982322092676,2.4308792519144253,419.6915771145259,1479.4002102306447,1.1209475366444743,78.25354120228423,55.63631865481977,0.8787930729270897,normal
2026-01-17 20:00:00,MTR-006,80.07911839824467,79.67832847974292,80.25810187645021,0.7246697970811059,415.0682753007989,1482.2287099163009,0.6869547329893959,79.50666234355643,55.82729579656475,0.8703930919874346,normal
2026-01-18 00:00:00,MTR-006,82.58388371436426,79.93351188778283,78.1107885631817,5.576772105934056,418.18673664036646,1473.7891793664598,1.0376049974216772,75.32834630969896,53.10275619758207,0.8608767448593364,normal
2026-01-18 04:00:00,MTR-006,81.91669772161795,78.86258789246502,80.23554151124867,3.8015625829917283,417.87224817534883,1480.123538550847,0.6724390444641551,81.6953200058849,55.14620850876149,0.8653750084680003,normal
2026-01-18 08:00:00,MTR-006,81.29246361333242,77.8847434052161,81.95432650545793,5.063107724776285,417.15616598701104,1481.54102564738,0.990185518222751,78.61735058811124,53.1807356545106,0.8734285346578164,normal
2026-01-18 12:00:00,MTR-006,81.13164376195184,77.02124440644991,79.60032256387406,5.186553749800433,413.71195211753036,1478.0155363441554,1.179287231722526,78.93291194593883,57.782084950111894,0.8881846437838159,normal
2026-01-18 16:00:00,MTR-006,80.99477346219597,79.81343266949,78.33389065959682,3.338035634422197,415.68823568946505,1480.2238840294506,0.8680532015174683,77.80562091235312,52.722434126047574,0.8651598037680372,normal
2026-01-18 20:00:00,MTR-006,81.64800687574737,79.38702064948204,79.81939511010847,2.8162068209416407,412.6465537427729,1478.1188904725504,0.8615466535720281,78.03851793470226,53.69220581153607,0.878047874435274,normal
2026-01-19 00:00:00,MTR-006,79.35057239363995,79.038666432279,78.81675220184387,0.6751349611573716,415.05125721826596,1477.8112812003387,0.9915659998975274,77.7034337241452,52.55154998328884,0.8667194354932324,normal
2026-01-19 04:00:00,MTR-006,78.0727664842311,81.88095781380503,80.84552391485364,4.744439226247652,410.3260364316029,1478.774740449606,0.8505905316056186,80.03559193807192,52.28460254626489,0.8711046875588614,normal
2026-01-19 08:00:00,MTR-006,80.09813831215938,78.77768791211334,79.78952711463417,1.6597931558641328,411.8375040349082,1477.867924022599,1.1727418055614232,77.98414282509326,58.182430581764585,0.885153967492636,normal
2026-01-19 12:00:00,MTR-006,78.83721729880506,82.01505291681963,82.43166329125629,4.432408594317918,413.8707518323003,1482.050854935809,0.9288288374188044,79.53410043698543,56.08554934782512,0.8776429258142043,normal
2026-01-19 16:00:00,MTR-006,78.4995260367969,82.30946665851627,81.65402964718555,4.71404742658556,411.2251782742797,1477.7951443694938,0.8519745737668911,77.13230495329485,55.28058685140109,0.8575870072725904,normal
2026-01-19 20:00:00,MTR-006,78.97560380218606,77.22538600278844,79.78228550473756,3.25052633318191,412.9799309170193,1477.2912699788562,0.8189571708156476,78.39128105662463,53.68684607330616,0.8642752497618841,normal
2026-01-20 00:00:00,MTR-006,83.53466869267014,80.13138696390965,81.01775511889507,4.172668863511432,414.3442960929779,1485.3037860005186,0.7600577294740469,76.39215931152116,56.815223622093534,0.8825622134444135,normal
2026-01-20 04:00:00,MTR-006,80.19359947957453,79.43154276858881,79.44073044030173,0.9562929694847495,416.6090493786575,1482.882220035472,0.8058367519863766,80.43305646509907,53.35155512126509,0.871418780426285,normal
2026-01-20 08:00:00,MTR-006,80.51471336726897,75.85876772306878,80.04829423667935,5.908016261734072,418.79702920741164,1474.4154599180224,0.8473989909512105,76.33250551856177,56.587278588660205,0.8585115988038413,normal
2026-01-20 12:00:00,MTR-006,78.26152845226062,77.94539910674715,79.48596025407956,1.9608921952971234,413.14486251448756,1477.7056951304423,0.826854138975213,77.35004111147735,53.25497744678873,0.8618104755502628,normal
2026-01-20 16:00:00,MTR-006,77.37777356971715,81.10213135233205,81.09007069845292,4.66380368362342,420.3404184690745,1480.7273889151681,0.8012737088794344,77.37007917509051,53.71098459624866,0.8770349352271117,normal
2026-01-20 20:00:00,MTR-006,78.83512512978659,82.87175004830047,82.03802777132029,4.968257636983372,418.754444314502,1480.9712652016945,1.2148261845528658,77.29209722465247,56.51656477223584,0.8799441028121763,normal
2026-01-21 00:00:00,MTR-006,82.04543372118577,81.28380891406115,81.13585522800518,1.1162065682963696,417.0163753277758,1475.5285214027892,0.7454857385265765,79.44499153888587,56.72765468831153,0.8701785530148217,normal
2026-01-21 04:00:00,MTR-006,80.47541399619772,80.46027729424068,81.31119872182806,1.0537861941727626,415.6145965171865,1483.475696478467,0.9219948881469262,77.3666844705267,56.19494586779352,0.8947531380093611,normal
2026-01-21 08:00:00,MTR-006,80.85133524116536,79.96966061279134,81.31275866629082,1.6640778434555223,416.27648336747416,1482.475673257545,0.9888781514641308,80.78784906108214,52.90065176848641,0.8782415236345564,normal
2026-01-21 12:00:00,MTR-006,81.05040503353182,82.39312058972176,80.78400842287603,1.9765734110984448,419.7482046026655,1481.445704896121,0.99451619933756,76.36304982773966,54.10654626855434,0.867565189303671,normal
2026-01-21 16:00:00,MTR-006,79.15896977095356,83.0552735316731,78.37968190690096,5.830061944457171,419.89431863903707,1484.0701854721365,0.8912089386326292,78.33875493988542,55.31379748239703,0.8618429395190066,normal
2026-01-21 20:00:00,MTR-006,81.97399549720657,79.16537930023227,82.41915949428125,4.007800675321586,420.33978691353457,1481.3568699777127,0.8638946142229036,76.4484280213748,53.301438076179814,0.8602511569536095,normal
2026-01-22 00:00:00,MTR-006,79.10000696999512,77.15557466978092,82.56627317574888,6.796737899235462,415.165307327508,1481.3457426377556,0.967732123685926,78.84194556506293,57.74192552025858,0.8733542132048037,normal
2026-01-22 04:00:00,MTR-006,81.99997491095118,77.01591116334762,79.66737123084322,6.264449132975927,417.21986865999446,1484.6730378154666,0.9399782474967301,77.96810054604646,50.19610611209891,0.865112229550866,normal
2026-01-22 08:00:00,MTR-006,80.62905195539248,81.88000852218283,79.47278518724809,2.984385041350244,420.3741860264882,1483.3036587421832,0.861156174784873,77.68987591060305,53.44252096926169,0.8867374375398343,normal
2026-01-22 12:00:00,MTR-006,77.4555802250719,79.93307229756532,80.87098546192409,4.30044123177108,412.5051358603344,1477.4754776232653,0.6657182142413354,80.37694993300705,53.98086699426034,0.8846631180291786,normal
2026-01-22 16:00:00,MTR-006,78.93616428572368,80.26061071709684,80.78337825448321,2.309208420388381,413.7263325851268,1481.8995855360158,0.8298114416500129,76.6913162578898,49.312112670456465,0.8763306654749723,normal
2026-01-22 20:00:00,MTR-006,77.46142075324856,77.45329636557267,79.71278781332904,2.8890365369692392,415.0641466520539,1478.0071964051242,0.7280174754438814,79.173030315236,52.20754173952762,0.8582100382704311,normal
2026-01-23 00:00:00,MTR-006,81.65444569997399,78.92879799070084,78.22218573427541,4.311786345013448,418.5983949519176,1481.5124636528508,0.799926067490051,76.46208017465041,56.250579025084136,0.8632778112744759,normal
2026-01-23 04:00:00,MTR-006,79.9648207348588,79.57976062023,80.43477502684412,1.0688599463363937,418.6606886028745,1481.4298405210595,0.904983485777544,78.22537040032074,55.060567273105924,0.882556775257411,normal
2026-01-23 08:00:00,MTR-006,76.83080186318253,80.29559236745112,80.78426529873855,4.985228627472987,414.0765435552083,1475.8495980626321,0.9538104215994925,75.6088493435531,58.146272044085805,0.864369338002049,normal
2026-01-23 12:00:00,MTR-006,80.5343955651124,79.43311354465598,81.03227896609962,1.990664100841721,408.96556218248116,1479.634463166067,1.167067912693861,76.67496570738652,58.09045289176964,0.8812214173391952,normal
2026-01-23 16:00:00,MTR-006,79.23603304904772,78.52469162908254,80.49677194290376,2.483128978255775,415.98473577718386,1480.7957710707412,0.819389043164428,77.83571390885427,55.866092757207895,0.8747460392303477,normal
2026-01-23 20:00:00,MTR-006,77.88969833950816,78.88417138829864,79.61441401121861,2.188833952888997,411.3267354506864,1478.6911294270176,1.0161938452912727,81.62929833464615,55.62647649800142,0.8705171788481318,normal
2026-01-24 00:00:00,MTR-006,82.38644030146659,81.71850422890273,81.41369178952004,1.1886044903073778,409.04025518143914,1480.9441298271722,0.9458940036656756,78.20160774091954,55.1318622171578,0.8629716718706456,normal
2026-01-24 04:00:00,MTR-006,80.15258434289291,80.34813812565831,80.09365119653819,0.317322793434524,409.9445137570651,1482.4176933310032,1.0943996505959686,81.30933663173342,49.68983596424102,0.8690575615647524,normal
2026-01-24 08:00:00,MTR-006,79.58267533893218,80.87062301433679,79.33877615734795,1.9164689159745503,416.3055240313822,1479.9082208073078,0.986434307939344,78.44064658338183,52.21088097334785,0.8718964795487489,normal
2026-01-24 12:00:00,MTR-006,79.43192920037544,78.72160169119668,79.74307074553498,1.2881256570824866,420.44414944373125,1480.6737984301249,0.7487277859070526,77.22583151105012,55.20135100619787,0.8803253889830112,normal
2026-01-24 16:00:00,MTR-006,77.84778031053116,75.79900659854134,77.51684404270225,2.658861651663412,415.15557806494496,1484.150272235668,0.6415430956063153,81.07871304520138,56.23205141749534,0.8611426439936625,normal
2026-01-24 20:00:00,MTR-006,78.14464156503594,79.25602943020871,79.74081162783497,2.01926298825082,415.84552261858386,1481.4195897496757,0.9466892549501258,78.87403524414684,55.57933962427628,0.8673718315747388,normal
2026-01-25 00:00:00,MTR-006,81.82743720515568,78.76754410037263,80.97910971715508,3.799943642750651,419.7315797555117,1480.6024728690234,0.8207323503149414,76.71455681223458,53.215070064568685,0.8704482313193228,normal
2026-01-25 04:00:00,MTR-006,79.32603325186031,80.49637300427105,80.48324696482024,1.4610639450932834,408.8221803636658,1477.125761861076,0.7529529381074105,78.9411429188006,56.87481256493899,0.8766267835768616,normal
2026-01-25 08:00:00,MTR-006,80.03138517466576,84.67302928168084,82.16272237935102,5.640658574297389,417.0807056864011,1482.0130780341665,0.7098633443200384,77.41481050018479,57.96488805750927,0.8609153566247723,normal
2026-01-25 12:00:00,MTR-006,77.09250776718069,80.98868055839041,79.62599123339989,4.917191981880988,414.95364086272474,1480.9904498481758,0.9241463246380733,74.02193160765741,56.87597920058268,0.8568343020711279,normal
2026-01-25 16:00:00,MTR-006,78.1253802157575,83.89114333778986,80.69306760967582,7.126743233836426,417.26422983532825,1483.8512183011042,1.1261561548970047,79.87194631853123,56.979198659180945,0.8767396515171005,normal
2026-01-25 20:00:00,MTR-006,80.86728891715521,80.80891690003833,81.12745269519043,0.3935720702526252,413.06606436638475,1480.1406356299099,0.8386991481440937,80.18986811128386,53.88154840408958,0.854820508850533,normal
2026-01-26 00:00:00,MTR-006,80.53719005882856,79.10416179545214,83.33206330067543,5.220202591950578,411.72825083829406,1474.551200499598,0.9885405466612983,81.67588405998455,57.1518682454016,0.8828497971476217,normal
2026-01-26 04:00:00,MTR-006,82.49368917151902,80.49481397777193,80.20588869847842,2.822187373226126,415.56203561714244,1474.8996373935151,0.8846600474673612,78.84428738439053,55.29151727865531,0.8684407390251709,normal
2026-01-26 08:00:00,MTR-006,81.90998233831996,82.53246378592385,78.51493379006006,4.960783653430321,421.59676529333785,1482.207042291279,0.7065926866344912,77.50255315183493,56.02311105704401,0.8545246891772555,normal
2026-01-26 12:00:00,MTR-006,79.67187772802158,82.60204458143465,81.20594311588307,3.610360365890184,418.44364041816584,1478.2894192069054,1.0102217015265627,79.66997885475718,55.73086368564942,0.865195797805965,normal
2026-01-26 16:00:00,MTR-006,80.67264506981444,79.18174240989428,82.65347890626624,4.29479243058411,412.96922891927966,1481.3103032533315,0.7357961933958943,79.69964073063781,54.757025789119176,0.8737912363306923,normal
2026-01-26 20:00:00,MTR-006,79.54971954787118,80.3600834783279,79.54126405656659,1.0258706696157025,409.6361118560749,1480.342697933507,0.9032439945890347,81.27656236627284,53.2799950497554,0.8646729891244502,normal
2026-01-27 00:00:00,MTR-006,82.9223961865083,77.96726488224549,81.19620485490691,6.140545981926954,408.27173086520884,1479.4994809969182,0.8487719377492042,77.91074475386712,54.83572667289191,0.8702002974882435,normal
2026-01-27 04:00:00,MTR-006,81.63415423438563,81.17286204400558,81.74752434521446,0.7049498648565333,420.2643978074019,1479.7109161432354,1.0339616151848539,77.66884205486481,56.97352323496565,0.8774007836570529,normal
2026-01-27 08:00:00,MTR-006,80.24132990699769,82.20921557199061,81.44649321809088,2.4205529622321977,411.1796708474567,1477.4038314848642,0.7412773511293971,76.56891116048294,54.11704838937418,0.8679780966461238,normal
2026-01-27 12:00:00,MTR-006,80.28500591626859,80.05660366807611,80.17857212085131,0.28488534297604,413.69794634802025,1479.952666933301,0.958630486170294,79.0749241734504,56.78669452521629,0.8606294232353386,normal
2026-01-27 16:00:00,MTR-006,82.05489818632506,79.05083156713226,79.00661509943019,3.808571052974178,420.2848445043103,1478.2465197016168,0.7740303888976949,74.90347666353833,56.474141341235345,0.8670101600262816,normal
2026-01-27 20:00:00,MTR-006,80.82428849367302,80.51218624181698,79.8844024206029,1.1689113531354063,408.544394178084,1478.8832304396228,0.8233342181506822,79.55217474572513,54.40212520596034,0.8841484013645926,normal
2026-01-28 00:00:00,MTR-006,82.21671540205523,80.59371951127206,80.65223175662597,1.9998908822230612,420.96905803790025,1479.0290528658725,0.3547199658689847,79.17567024373157,57.77760020723915,0.8868506434533319,normal
2026-01-28 04:00:00,MTR-006,76.88014517154294,80.1154045608528,81.29169425648601,5.554072905155906,413.98543818443,1479.319920190304,1.2138147857426862,79.17014040491675,54.28890665761859,0.8498007382605772,normal
2026-01-28 08:00:00,MTR-006,80.65596908302051,80.2541726212778,80.4749440682653,0.49936365429132223,410.40566673904505,1482.7665203695212,0.9825835399239348,78.27645047300368,58.01909372522526,0.8809102790919148,normal
2026-01-28 12:00:00,MTR-006,79.26693708134204,79.75279665711022,79.45968644758673,0.6111968597405597,414.01059629140434,1479.610627512386,0.7848978771092754,81.06595649506217,55.86825396308195,0.8725014771603535,normal
2026-01-28 16:00:00,MTR-006,82.49795980462648,81.41646923125533,80.78987328874634,2.0940618938699767,412.1096128743941,1483.0711070097702,0.7313016467500509,79.74398693085372,54.96826816309297,0.8792398267912015,normal
2026-01-28 20:00:00,MTR-006,82.19932257733664,81.04707903312374,81.22323209634534,1.4139713715055535,416.7632791956229,1484.6135648539794,0.8256526870680989,76.7858456172486,53.224397239324695,0.8644951173973237,normal
2026-01-29 00:00:00,MTR-006,80.04669981738853,78.60180885739499,80.5398898580117,2.43082149364906,412.4074702644489,1482.5648339531685,1.0075319302229178,76.8216419006047,54.82347953972992,0.8523173649049851,normal
2026-01-29 04:00:00,MTR-006,82.18400850319792,78.56271558661889,78.81075610376772,4.534977885456991,407.35343115632384,1481.6034056052056,0.6161872611622612,76.24065237317073,54.592480973011156,0.8758448878864746,normal
2026-01-29 08:00:00,MTR-006,82.53598509510046,79.63822305134,79.74200030618,3.59351123551688,414.11774986236406,1480.9804966284505,0.8787623371058493,79.10256666555118,52.48340722949819,0.8605902273871728,normal
2026-01-29 12:00:00,MTR-006,80.10582282229497,81.0479461320607,81.34801177089773,1.5367173117917667,409.57381979085386,1482.5960761271501,1.165596280869401,75.99972215752008,54.564769154564665,0.8561170756851515,normal
2026-01-29 16:00:00,MTR-006,83.5156391430142,80.21057054420027,78.03304133867452,6.803377055158771,415.8172795359533,1480.2680822157888,0.7299080496048294,80.1667842871667,53.39239363980583,0.8568159861752653,normal
2026-01-29 20:00:00,MTR-006,79.95542591620305,79.08529719449223,77.02303570148813,3.7266078827220452,410.25147867086673,1482.9537095378716,0.9120577558145483,80.64594661669109,56.171983537957566,0.8760091378241533,normal
2026-01-30 00:00:00,MTR-006,79.69490353730004,80.37193755978785,82.14482894242705,3.034443474247957,413.04794878731167,1481.842317415869,1.2304964722886638,76.2419674620991,57.61256095145641,0.871394524660292,normal
2026-01-30 04:00:00,MTR-006,81.23146323709773,79.52951392779055,80.72734614047556,2.1143249735786025,415.73035121685734,1478.9204786176588,0.994822744453616,77.62890293081429,52.546168647409516,0.8778246602187467,normal
2026-01-30 08:00:00,MTR-006,79.49683096015315,81.25224741009654,80.86290489247304,2.1796308604874968,414.15016509986293,1482.6875526403085,0.9188885730728182,78.03324196272483,58.42461545673385,0.8766907525449636,normal
2026-01-30 12:00:00,MTR-006,80.12137212557496,80.47368310765091,78.46852697084152,2.5162629769737563,416.0017211320042,1480.2744400179326,0.9759954682363504,79.76796632093934,54.74289793122974,0.8657906643541623,normal
2026-01-30 16:00:00,MTR-006,82.00452895865018,79.55160435562362,81.04892880137463,3.0332317656141052,417.72114866287103,1479.6816039771631,0.8398701997485447,81.21868675121975,53.04995723012297,0.8692952642612254,normal
2026-01-30 20:00:00,MTR-006,80.02733347870901,80.32927114246608,80.39146480009722,0.45374983350463355,410.3682652010748,1478.571402518803,1.094944692795516,74.62901521426285,56.51550956041637,0.8648856247121746,normal
2026-01-31 00:00:00,MTR-006,77.58930802776845,81.87029057354553,77.74673411150451,5.41425158867068,414.74240983750116,1480.4980565436238,0.8401004965649682,77.36363856494664,54.1070910434899,0.8678967222713451,normal
2026-01-31 04:00:00,MTR-006,80.52240979605219,79.1898594466896,82.02564752252282,3.5192510721272536,401.6819848099675,1482.989387846239,0.6061227586896034,77.46796660887931,54.83652664793701,0.8603274526201893,normal
2026-01-31 08:00:00,MTR-006,79.00971579868104,80.57266770723152,80.22568294914663,1.9552535471237489,415.9893332067301,1482.6668200167792,0.841304534408931,75.19866029022691,54.19144351157584,0.8739048429387434,normal
2026-01-31 12:00:00,MTR-006,81.23060786815225,79.89978973800392,79.43668058157616,2.237123175902097,413.7967434785006,1481.0601813923768,0.7549898205184945,77.02977996139188,53.3665241362702,0.8807512074898176,normal
2026-01-31 16:00:00,MTR-006,80.99013648473066,80.60726568371499,79.46241458348769,1.9012566115261316,411.0662009460881,1481.798930922175,0.8578208981703856,78.85553788870122,56.44799406480381,0.8618338697017901,normal
2026-01-31 20:00:00,MTR-006,82.09265827294794,79.06906319417496,77.13390662338506,6.2427729236553375,416.2628776891861,1483.8150903745677,0.8611373911379054,77.44264219432088,54.42739719421163,0.8828126964540134,normal
2026-02-01 00:00:00,MTR-006,81.29071260557184,80.15692150493778,80.8438564972535,1.4038352289509533,419.69079030874025,1479.5501011264873,1.0796134799707362,74.91075766278517,52.12669641564151,0.8711352149647794,normal
2026-02-01 04:00:00,MTR-006,81.55056964786925,81.57557089054833,80.37241913919392,1.4823312543787117,413.0959290096042,1476.6537399894094,1.0042939089996579,83.74816539601983,56.102120248431866,0.8724107897640582,normal
2026-02-01 08:00:00,MTR-006,79.04839571891526,78.66736784889443,79.72397492290405,1.3350003003616135,411.2207420390331,1483.9033895565358,0.9394898231363095,78.53235573040836,52.58883529795249,0.8530057048039248,normal
2026-02-01 12:00:00,MTR-006,81.14344746082205,78.10929051971544,81.81829007282016,4.615651556789873,415.66010104975487,1478.410665243908,0.8995581883001108,78.22338826021335,52.69347965464948,0.8519273769043426,normal
2026-02-01 16:00:00,MTR-006,82.7995751670902,78.16326319717409,78.03184495076147,5.984731731514187,409.6575733334146,1477.9289856299683,0.7411712986713008,75.80414727386591,57.38521240995463,0.8714411636277968,normal
2026-02-01 20:00:00,MTR-006,79.02058679660549,78.33505773482639,79.15125692249939,1.035317594525222,412.35847451785787,1474.6114067339963,0.5728237143501484,78.52141232394256,52.607320201579576,0.87789732124632,normal
2026-02-02 00:00:00,MTR-006,82.55962779267854,80.84668200944735,78.79109937100745,4.66792163616067,419.889608646602,1481.7138491594928,0.9169740017089175,77.67157243191701,50.36711028614502,0.8632861955635505,normal
2026-02-02 04:00:00,MTR-006,79.21870209251367,78.00055511343578,79.6034915843249,2.030552148064942,415.24871691924915,1475.1356421263433,1.0191961805360488,74.22295317456918,56.245722969922994,0.8867009390058309,normal
2026-02-02 08:00:00,MTR-006,78.78830756259559,79.5763266208092,80.09595736925472,1.6451143538789201,407.4821321442153,1477.7492235769248,0.8837499175133117,75.85948911997117,54.39227314103774,0.8773493597425431,normal
2026-02-02 12:00:00,MTR-006,80.42126285277132,80.87934478693079,80.61157478942059,0.5680763112792121,407.8120334108824,1481.7647103835452,0.819771851581995,79.58985203534789,54.56468975772377,0.8609165874829201,normal
2026-02-02 16:00:00,MTR-006,81.01818370293876,80.59258177500244,79.50652664447273,1.8808154054316868,415.6483427705871,1482.165763757225,0.9696753247821319,81.88803530000088,54.3709992132996,0.8703084866705351,normal
2026-02-02 20:00:00,MTR-006,81.29671128742721,79.45164945072003,78.7522051766686,3.1872652589016846,418.44956230367075,1478.0448875553452,0.887500169906348,78.73433081008609,55.46333987803745,0.8947692913372342,normal
2026-02-03 00:00:00,MTR-006,78.63216011267811,80.2715359740517,82.39787655078463,4.681755361491264,408.5295141654954,1479.5975400190227,1.1528616287960942,80.20616655658674,53.49456151619386,0.8575743599720029,normal
2026-02-03 04:00:00,MTR-006,80.61801258276165,80.1523844689601,83.42988827276596,4.026412744912398,416.79885042998603,1477.3822164207816,1.0849092513102427,77.68848938283358,57.952229749131526,0.875282699389151,normal
2026-02-03 08:00:00,MTR-006,79.02498905389012,79.68107952988703,80.20378548889889,1.480219105550383,420.32137402995886,1478.3548096365664,1.0439262085534995,77.82690767863879,52.047539039381206,0.8667725544727666,normal
2026-02-03 12:00:00,MTR-006,77.88242168025518,79.70014617791348,78.92369014468143,2.305720592352866,422.55143595183455,1480.7986457804586,1.0136601171314856,80.18195805523894,55.889749833354244,0.8770689629091851,normal
2026-02-03 16:00:00,MTR-006,78.67913057346449,83.17927457387657,82.09842365303793,5.533943061820643,416.3248910394395,1478.4950599636106,0.7064748878322815,81.32555457835893,56.284242007753164,0.8826727364631838,normal
2026-02-03 20:00:00,MTR-006,78.93205281286284,81.15101995225785,77.94238989322174,4.044059013520401,417.0272103782099,1479.267354879473,0.99944905530789,80.60219338693125,53.48069647833324,0.8661376291128863,normal
2026-02-04 00:00:00,MTR-006,80.7418242280569,83.52803686046171,79.52387793819757,4.927311429222564,406.46726228948745,1475.6058799551472,0.9564488936469863,75.86727384923036,52.952531109444365,0.8811891227170717,normal
2026-02-04 04:00:00,MTR-006,81.63870387636433,79.29320798873529,79.00996686030749,3.2867172208798237,423.39901019198396,1483.3988684944184,0.9909637092586745,77.8660822193695,57.034348428340316,0.8922120339427196,normal
2026-02-04 08:00:00,MTR-006,77.90477279306629,79.87915861775907,78.35088277269264,2.5083795858560007,412.69803914761553,1481.5301997795132,0.9738914230219579,78.5550493689526,53.01827849196657,0.8706627473734423,normal
2026-02-04 12:00:00,MTR-006,80.5005668610959,78.10542113382877,79.60174331317793,3.016458425737499,411.26611536629986,1482.3787161155117,0.9679143881772099,77.48064407298494,53.78667211849886,0.8778488868749419,normal
2026-02-04 16:00:00,MTR-006,78.32647369134804,78.84861610369484,78.7709552651748,0.6638921354416456,413.9791754622415,1483.8712759738505,1.3051299704324393,78.7757150868312,56.77461792491949,0.8640955922979673,normal
2026-02-04 20:00:00,MTR-006,80.89469924837547,82.70494314476444,80.01799746012253,3.308806808399014,421.04669365674175,1477.5243613733628,0.8885721495072122,79.6411536233379,55.069482467078046,0.8701925930903122,normal
2026-02-05 00:00:00,MTR-006,79.11433872923911,79.25755123222505,80.03865197180083,1.1630944274525248,423.8321841901742,1478.924816550916,1.0404506071243995,80.00561950391028,51.40571266474179,0.8682332490729175,normal
2026-02-05 04:00:00,MTR-006,78.50477650770023,82.72964451576101,79.1163282154354,5.27337820427779,415.50163471790336,1474.3154968972533,0.8293515284603995,81.37174030444305,58.49411828910703,0.8779693592565859,normal
2026-02-05 08:00:00,MTR-006,81.13730064404989,78.2316625625886,79.47304767062205,3.6496570315945975,418.9923366904146,1489.4212687303068,1.0185962375831508,77.34111779055033,53.93997848244007,0.8820467593575693,normal
2026-02-05 12:00:00,MTR-006,79.16526562781142,78.50173292931801,79.67168146787027,1.4788342192208546,415.17281619474204,1479.5512440540479,1.0408979835348684,75.27193367032137,54.19448542018716,0.8689034515088254,normal
2026-02-05 16:00:00,MTR-006,79.55062904696506,79.51469337454446,81.15178106470319,2.0445101531906738,410.8488181079273,1483.1161836997446,0.9546639115703022,78.71646918802891,55.51156850465273,0.8853362284573292,normal
2026-02-05 20:00:00,MTR-006,76.84268218658649,79.90933344472295,79.78890040737538,3.889370992756612,420.9069746831532,1476.2855165669937,1.150387041356475,81.76762206236961,56.25015359400815,0.8853004744156163,normal
2026-02-06 00:00:00,MTR-006,81.34620638069116,81.31283526037352,81.17290914245135,0.2132172231936151,412.51149007857447,1482.989165276929,0.7673585945459374,77.04604828009188,58.92220858258293,0.878468537431799,normal
2026-02-06 04:00:00,MTR-006,81.16751434121828,80.64109570444269,80.83315624327773,0.6508590563284069,421.14212309348756,1485.572772629949,0.8269168587497667,79.37369395412743,51.67986370118861,0.8648397346827827,normal
2026-02-06 08:00:00,MTR-006,80.00776226742231,79.40790718955516,80.81284365781438,1.75450005918475,420.1941653190763,1479.819157752916,0.9318570129035235,79.39149158494529,56.65190441785189,0.863881711832601,normal
2026-02-06 12:00:00,MTR-006,77.82744043896069,79.81039529739647,81.9738253800476,5.1913812396708465,417.4561450558288,1476.9673555102313,1.0321210280226334,78.38288409468922,56.48601938810015,0.8618761864530996,normal
2026-02-06 16:00:00,MTR-006,81.71999172029832,79.54622162519509,78.40797741547249,4.1456457547350265,422.3158990250174,1479.5836107971634,0.92691442819424,78.01384944208743,54.72567017825177,0.8794916607023816,normal
2026-02-06 20:00:00,MTR-006,79.05242540606466,78.69915913198119,79.32702847102988,0.7945077766563245,423.92938413274294,1473.3197154251284,1.0928638554765848,76.15314158855722,56.57454738963244,0.8578823179251064,normal
2026-02-07 00:00:00,MTR-006,79.35523064874583,78.73711937905547,82.50780273820384,4.701597213218143,414.29902654814276,1479.8863398969345,0.8007465193550521,73.43667585515884,56.86854803527309,0.8767683765411101,normal
2026-02-07 04:00:00,MTR-006,83.28824043571133,81.46187931226085,79.63403875471748,4.485808372419892,411.7648235263343,1482.462901417939,0.7289132265767169,75.77629858667194,52.236074430025994,0.8591889065217588,normal
2026-02-07 08:00:00,MTR-006,78.99927261282242,77.39994321361473,75.99626852991167,3.876586618575633,407.5429206509741,1479.8927270668794,0.9462192504804757,77.2193917017766,58.49953301176166,0.8782354611984198,normal
2026-02-07 12:00:00,MTR-006,81.05558750211769,82.30024348081075,79.71133391196746,3.1953014755770357,423.97872902172105,1479.1475813359332,0.8884229585829456,80.19484537484541,51.88247549372372,0.8701721958273057,normal
2026-02-07 16:00:00,MTR-006,80.79942010607306,79.51218599025461,80.1919139984544,1.6056739402123752,413.2412719643262,1481.5827043483362,0.981429558053733,77.79374387529725,52.729367437522455,0.8833363856185983,normal
2026-02-07 20:00:00,MTR-006,80.55491156320723,78.90132109313114,76.27788356632006,5.443032258657945,419.54014742840695,1481.8120745408487,0.8958896563700244,76.9619485621637,54.47642465275181,0.8814145457832127,normal
2026-02-08 00:00:00,MTR-006,80.40106743829975,81.05210210232501,81.89715291006286,1.844360167716164,412.0349785299621,1475.0202833124845,0.8489970314064814,76.21802911609313,58.84988102637411,0.8843506541200211,normal
2026-02-08 04:00:00,MTR-006,80.53530817690908,82.112308030787,78.98494227361337,3.8827951541334276,421.1530625636481,1480.2664688868363,0.8887593642414415,79.31361165701897,54.383486740493225,0.8846081871828911,normal
2026-02-08 08:00:00,MTR-006,80.38675995155988,81.58952169472563,80.46728976382225,1.488298992013125,412.19952963273835,1487.3079553726877,0.9043273342189777,80.71671433286122,54.936132219898376,0.871436308339882,normal
2026-02-08 12:00:00,MTR-006,79.92616055640738,80.7137451368674,79.67860402439956,1.2922114659631363,410.23312346553064,1475.994951263056,0.8542528050227505,80.12687144373491,57.86415720780913,0.858412069335754,normal
2026-02-08 16:00:00,MTR-006,82.14938044317972,81.54576140760439,78.16767798157647,4.938794393073359,414.165974276185,1479.7437435015008,0.8695301930514858,79.21229939951694,54.399363714869054,0.8594747694500262,normal
2026-02-08 20:00:00,MTR-006,78.13310498019658,77.55875900139539,78.47749954185184,1.1770205888155925,412.8728971961535,1485.8252383661552,0.8394609994519635,75.04877450723411,52.64312657413865,0.8491315147068407,normal
2026-02-09 00:00:00,MTR-006,81.45274041459965,79.2578410076613,78.67010441041415,3.4872938823442023,417.38519914184485,1483.312525469631,1.0284997679804109,77.29665151431246,54.16553032952337,0.8591633416657191,normal
2026-02-09 04:00:00,MTR-006,81.16955349146674,78.70411369240911,81.54406671528339,3.5290941270211795,414.7944202912299,1478.4598099576717,0.9291031506758699,81.89460845777936,57.74158366761156,0.8706882365770465,normal
2026-02-09 08:00:00,MTR-006,80.99327875033515,81.74170841772825,79.79016791025757,2.414026503981147,417.51080957820767,1480.6184061388678,1.238512870825315,80.24390098383044,55.14172999411027,0.8644034581917484,normal
2026-02-09 12:00:00,MTR-006,81.58859296375485,79.4546090397527,79.25779126534863,2.9098527642769,413.8359141076588,1479.9936649600456,0.9241056826917693,74.92499356353055,58.86131651811252,0.8681986439559015,normal
2026-02-09 16:00:00,MTR-006,79.86830308228495,81.20235599186782,78.67077843542722,3.1678848463642426,412.3395705159248,1477.755784587035,0.8173713794507007,77.88881895360146,56.47586985252431,0.874927154194614,normal
2026-02-09 20:00:00,MTR-006,77.34190353660178,80.7621076515394,81.7011914261705,5.453536256150294,412.6657578084157,1479.7772436775208,1.3006013062294597,78.72619686532208,53.71038212721303,0.8669593474193424,normal
2026-02-10 00:00:00,MTR-006,79.89718377285051,78.77360791301166,82.0824195875891,4.123074816417598,423.1797551921241,1479.1601016015804,0.9620439566571504,76.47568307394756,55.102152608930155,0.8587817119958742,normal
2026-02-10 04:00:00,MTR-006,78.5903015571562,79.16521499025595,81.68496910038283,3.8773737885481117,415.9006837289077,1480.3382468142302,1.0485187180339226,73.38159195718231,53.29356376371624,0.8694676633243656,normal
2026-02-10 08:00:00,MTR-006,78.95913356820186,81.84009627138094,80.70035532679704,3.5788418036340586,407.0649511621878,1477.754850457927,0.9888154474803738,78.19764809003286,53.66313393870246,0.8610150951322716,normal
2026-02-10 12:00:00,MTR-006,78.23300313054946,78.89709134409328,80.41220272621612,2.7521830276281176,412.9191639461837,1476.170145399266,0.9934516543946623,76.42448348475912,63.958168502051514,0.8672921350302094,normal
2026-02-10 16:00:00,MTR-006,79.32110953465765,80.1775894900558,78.27066621443427,2.406016360059941,415.3874641299035,1479.8761576798229,0.9803481077028712,76.43231652183063,57.03724902006762,0.88342776964423,normal
2026-02-10 20:00:00,MTR-006,79.15146852411243,78.88705239278016,79.65039057534428,0.9634503070906322,422.38159872500154,1485.1453546545363,0.7346873152835902,77.29063928013848,56.722195978013346,0.8672949469590383,normal
2026-02-11 00:00:00,MTR-006,76.61856735299257,79.553490223053,79.02739882190728,3.7435327211317198,419.1147948635596,1480.2466087787884,0.9551293571342118,77.73264817069038,53.75363936938387,0.8877095755334774,normal
2026-02-11 04:00:00,MTR-006,80.99587116271259,79.93434745746492,77.40371611166618,4.521582361011293,411.31312865407233,1479.0052186632054,0.7012708044224641,77.98183441180862,58.139168132562155,0.8843163598693797,normal
2026-02-11 08:00:00,MTR-006,83.15779108694028,78.88658985202134,81.50335064059074,5.261228926934748,424.6734230142898,1482.2622574151155,0.8738455745381198,76.232020202156,57.198831203585875,0.8642069469142095,normal
2026-02-11 12:00:00,MTR-006,80.86220400852805,78.63403099877848,79.0103751873532,2.802655668030778,414.8753585407941,1479.525041162214,0.791157381515507,77.55958094073185,58.76324257871554,0.8588887623358422,normal
2026-02-11 16:00:00,MTR-006,79.71139703959577,80.40714430119459,81.70089515724132,2.4681615503579426,419.9853192442998,1485.6040987748772,0.9536205278773087,74.48515325919449,58.6662282967969,0.8694744583807981,normal
2026-02-11 20:00:00,MTR-006,79.92213845948271,78.79859568527478,81.25403932552535,3.0696272004873637,410.3799660104004,1479.9882624721147,0.9501189371007353,78.62207813073616,52.041821423804954,0.8815332776339689,normal
2026-02-12 00:00:00,MTR-006,79.40126454327014,78.847064809673,80.79177667787864,2.440651362439021,405.4073476189964,1482.1014911894745,0.972171883614778,72.28744917331768,52.78032102146018,0.8650980909377131,normal
2026-02-12 04:00:00,MTR-006,80.12805914149968,78.66445775117941,80.87165734650763,2.762865500029325,409.36627403852657,1477.73618685282,0.9430944859123631,77.42101983913275,52.99242436907273,0.8790809029826214,normal
2026-02-12 08:00:00,MTR-006,79.94736626620696,79.88919744521768,79.12488692327295,1.0325673962257624,401.9986660952172,1481.50926776001,0.8089761987320402,79.83837230735391,53.11211871333513,0.8820843998913609,normal
2026-02-12 12:00:00,MTR-006,78.80384223232242,81.34215343559089,82.6422757707245,4.742939412588793,423.4483573090116,1480.8252804308313,0.8608494765972481,75.88131862545035,55.64690472852078,0.8622597434963739,normal
2026-02-12 16:00:00,MTR-006,82.39344126428136,82.14261850497745,80.06133394624433,2.8603419880461516,415.8581316755457,1479.8304816260224,1.0380594241881727,79.4328604073148,53.86639309580836,0.8632394891171141,normal
2026-02-12 20:00:00,MTR-006,77.88493619810166,78.96758316658662,80.42941395216883,3.2170309620699737,411.30142392620786,1478.4947267164907,1.06017850159416,80.31146542424179,59.14519708152504,0.8771266203212701,normal
2026-02-13 00:00:00,MTR-006,81.02162708365404,83.05821979495994,79.076869214483,4.912079720988594,416.81049611992046,1478.0859095030428,0.7279825352060176,71.38420009500523,58.809359764163275,0.8715184754964157,normal
2026-02-13 04:00:00,MTR-006,79.85607448559284,78.57108642032811,78.67567607356166,1.6258616914515307,415.7573361447207,1480.847057991939,0.6703608551231031,77.69727419284851,54.98707681184192,0.8631393847345632,normal
2026-02-13 08:00:00,MTR-006,82.7034052480935,81.54104678873297,80.67882099030673,2.479859385468626,417.48373358245595,1481.8868173290894,0.7909665925192932,72.24845314474345,58.91065243229958,0.8664781955188041,normal
2026-02-13 12:00:00,MTR-006,80.4847852078197,78.97358726540025,80.30935252755738,1.8908273944058283,419.8381256045451,1479.6185116111176,1.0567811373048377,77.76358310885811,57.97626925448041,0.8692948044727258,normal
2026-02-13 16:00:00,MTR-006,79.48813434711715,78.76135357174043,78.87736552404967,0.9194835146138904,413.8403153878999,1480.8618037873623,1.082232604527455,77.98565757803735,54.09858688164548,0.8543514557504454,normal
2026-02-13 20:00:00,MTR-006,79.64770531778206,78.94079124368443,77.95423755551943,2.1477739765514383,411.48064277559604,1479.8862559656018,0.7612932179398243,73.03491202817833,50.981569311948874,0.8776564310648269,normal
2026-02-14 00:00:00,MTR-006,80.05675618776144,79.92540771605458,78.19388716468971,2.3464185606166343,418.31110085748765,1480.295578074716,0.9460964030604507,81.84967672415974,54.56406323007854,0.8652130781106081,normal
2026-02-14 04:00:00,MTR-006,78.37469767822734,80.82484930991447,81.70116795319625,4.142540974748386,418.20933111153784,1479.3986650519682,1.1751646999710132,78.57203161526925,53.71075573784305,0.8421628377620191,normal
2026-02-14 08:00:00,MTR-006,78.9093411198323,80.95270120946464,79.12781679694211,2.5649959756907355,415.40294323248537,1480.053917738105,0.9622967215860501,76.30195313583593,55.41301125029166,0.8697612903169055,normal
2026-02-14 12:00:00,MTR-006,77.4614130215938,78.65744353372745,79.51799673503882,2.6183303053756535,423.7102167547231,1488.0941213704523,1.113225492784964,80.93075885499704,55.1784565737495,0.862584287411065,normal
2026-02-14 16:00:00,MTR-006,78.68732174453463,78.59248456887286,82.06270614579067,4.349693092040295,413.2487115085534,1480.9349028964223,1.0498089855124648,74.40877355871537,55.126035317798454,0.8868882219230267,normal
2026-02-14 20:00:00,MTR-006,80.1335558850282,78.69633608054963,78.40405253477488,2.1870858580915513,411.4005681134589,1481.9358908752931,0.7634701940658134,75.54165793296336,56.04736948275833,0.8641455497908003,normal
2026-02-15 00:00:00,MTR-006,80.4269156256491,79.84162929438504,78.96605180342463,1.8319221077122985,416.6723657100264,1481.3140708159842,0.8715027864754383,73.4010889526602,52.57495610583264,0.8590235663642138,normal
2026-02-15 04:00:00,MTR-006,77.18495332267179,79.7011120295952,78.90664273271368,3.201318726976796,412.300248572346,1479.2115495301089,0.9052131717437772,81.60209039307867,55.82272055513941,0.8750793266996202,normal
2026-02-15 08:00:00,MTR-006,79.80485446678158,78.64863934283407,82.3012529509917,4.551453697969541,416.98206609657956,1483.881967639875,0.915620008203201,78.66469274294401,54.12076769396599,0.8633955263199241,normal
2026-02-15 12:00:00,MTR-006,80.80129415228036,80.38343636488995,82.83503431193944,3.014015625455232,411.6679669766422,1479.126508688721,1.0374493430157856,79.31880357969699,55.399964399727374,0.8622054379874776,normal
2026-02-15 16:00:00,MTR-006,79.76830265830935,83.21787563852133,81.06888992057198,4.24032125873222,413.39903086827246,1483.1651636468278,0.9613027143413113,78.60200246783695,56.91481969046438,0.8750950138282441,normal
2026-02-15 20:00:00,MTR-006,79.09861170378268,79.2821824542789,81.11414716324158,2.5247323993639865,422.5633616801567,1478.9973790058007,0.45956985843328274,79.14753552228917,52.55120045355794,0.8595953269211043,normal
2026-02-16 00:00:00,MTR-006,79.41381526037587,79.3834498542883,79.17460621816501,0.3015596434205872,413.3776505730093,1477.1200824425678,0.7030739590360912,78.15615542779197,54.437412694660864,0.8554272634180055,normal
2026-02-16 04:00:00,MTR-006,79.23091433958795,80.7959631222391,82.76953384804165,4.372329256470186,411.8045938239308,1481.0961886247085,0.5718928627535935,78.54184268541488,54.76293153194227,0.8872599800209434,normal
2026-02-16 08:00:00,MTR-006,79.09442764926854,79.20523905175212,80.38072356175454,1.6167594385150568,419.682715154826,1476.6859949316936,0.9263047860983001,78.2152068724459,53.97146205685872,0.8757949873760065,normal
2026-02-16 12:00:00,MTR-006,80.24721568034823,80.95141615177697,81.2133123761063,1.1956053142268344,410.79583219885325,1481.6069206750499,0.9360731474201642,76.78281638886145,56.79965899226591,0.8673579071500563,normal
2026-02-16 16:00:00,MTR-006,83.28204547944597,78.97807259480314,79.84992008708132,5.33307860838245,412.22822707941174,1476.417524031726,0.9424837437916078,77.90675046957067,53.55922328239906,0.8699652279029806,normal
2026-02-16 20:00:00,MTR-006,78.94229345151263,82.6056812196655,79.61879809802295,4.5570802222312405,417.306244482036,1479.0429759085814,0.7561607598428076,78.54718914652335,53.889199201115325,0.8750586435811616,normal
2026-02-17 00:00:00,MTR-006,79.54753047799264,80.49034662768682,82.36521565809225,3.487189640990504,418.75364569549316,1475.7048109104257,1.0011216007679984,78.22109823910426,53.580161734095874,0.8797333744961342,normal
2026-02-17 04:00:00,MTR-006,79.92647404177745,79.11818958353534,80.76760701118337,2.063385776637169,419.8819055643243,1488.4725010282082,1.0074393744702794,75.04445578449337,57.18411082287761,0.8624402470868499,normal
2026-02-17 08:00:00,MTR-006,79.02242924891264,79.16274958297703,82.06417843352232,3.79824015252121,412.01111267111804,1475.038121321151,0.7117276399192264,75.31002666278319,54.01511177517557,0.8736614652596568,normal
2026-02-17 12:00:00,MTR-006,81.5619353650111,79.26926257392635,80.36313339981517,2.8516500927188795,417.38403469194446,1480.0294412211892,0.6800942697826692,80.16568286783279,55.920090781767115,0.8649329582378976,normal
2026-02-17 16:00:00,MTR-006,76.62807413574195,81.95235508088729,78.79343425930938,6.7289812793796,413.1355672018233,1483.42991282299,0.8999802470659594,77.3860119082332,58.951410202460146,0.8681101875548738,normal
2026-02-17 20:00:00,MTR-006,79.24471584657255,78.19555412252262,79.17035671768393,1.3302382975031617,412.57737746595745,1483.1091577257612,1.1687673410420039,79.16945069407188,54.85036315929883,0.8716069286746491,normal
2026-02-18 00:00:00,MTR-006,81.16382398054395,79.05003851312426,80.14643945594968,2.6382711083414607,419.81285112916913,1482.5540263665193,1.1549614113297964,75.8157601805552,57.22412136006631,0.8699332142694732,normal
2026-02-18 04:00:00,MTR-006,79.5817325391806,79.20119387459495,79.10897747051615,0.596180526884679,412.80178241656165,1479.0483148353355,0.9845106540672078,75.05370824670695,58.342708168186256,0.8773556689830257,normal
2026-02-18 08:00:00,MTR-006,78.83258459185737,79.9776882250568,78.42494377439617,1.9635505296866214,416.11281838408394,1484.053266839011,0.7905004992629886,76.31280677493658,57.05438312008083,0.8748708655911559,normal
2026-02-18 12:00:00,MTR-006,80.62685405075736,79.6144217704579,81.70868200076377,2.596727334641799,415.6223178769226,1482.7401732724065,1.0330263989232877,77.55486985845717,54.96639736804452,0.8549183079062782,normal
2026-02-18 16:00:00,MTR-006,81.28902149034262,77.87914263980024,79.225073677051,4.291076645345373,410.716982494646,1480.6368988529814,0.8321363602786438,76.66971940143118,56.284215517997225,0.8564217679293455,normal
2026-02-18 20:00:00,MTR-006,80.29957041097252,79.43136329444201,80.19654079685877,1.0855869487205647,418.8643714214253,1480.7217422731799,0.7848739444989284,80.58786704621143,52.42524281372931,0.8663028331524071,normal
2026-02-19 00:00:00,MTR-006,78.86048659937724,79.85841680613693,80.42116777228175,1.9578665740349808,417.2411235747158,1479.0882320571538,0.5784049752567009,78.35904660307493,53.4399136837001,0.8882862526244183,normal
2026-02-19 04:00:00,MTR-006,80.64882249834915,79.10670530121986,79.16351555509964,1.9363678702330016,407.05483755251834,1477.271043922501,0.915357329752148,81.69787723712372,53.79064963673616,0.861484081674984,normal
2026-02-19 08:00:00,MTR-006,79.4281965507203,80.97674736220112,82.06335924097243,3.2604212459633546,416.1096844449494,1483.711452926436,0.8055198976293938,78.80881630814284,59.48122424034857,0.8679177729038725,normal
2026-02-19 12:00:00,MTR-006,81.05982134313788,81.30760309867185,78.41117616184233,3.6088260288513125,411.90810626333354,1483.9366239808046,0.9144645569292756,73.17489836416038,53.374830971489466,0.8646365397304347,normal
2026-02-19 16:00:00,MTR-006,82.1095237473516,79.8885166937182,80.37208926375932,2.749109871342138,419.38830122565054,1477.3476725769103,0.5550963455644409,80.11208321291711,53.34504649747634,0.8644595561591192,normal
2026-02-19 20:00:00,MTR-006,76.2942908363541,80.32788136796549,80.35003407129115,5.13445432949215,409.218400652877,1479.5386445045615,0.925474000887553,74.98089675506009,52.91215803950203,0.8717823974390505,normal
2026-01-01 00:00:00,MTR-007,98.39065988470725,94.45616432859636,99.65392263907047,5.331020552673089,416.97301670477214,1481.8861916447788,0.8726527948924511,78.64367038004553,55.76731004773358,0.8695531359855981,normal
2026-01-01 04:00:00,MTR-007,96.77818606912953,97.59202765498402,96.02460426689801,1.6192679321170207,414.88439390600854,1479.4372089997253,0.9159653124646934,76.4372846087661,53.24372736382919,0.866112547063285,normal
2026-01-01 08:00:00,MTR-007,94.62864049249777,94.81276509846153,96.08336792441085,1.5284776315580637,407.5037779890751,1484.1029539118078,1.0902537917244102,79.38271276216105,52.36165608433575,0.8652995481484513,normal
2026-01-01 12:00:00,MTR-007,100.6988450317708,94.39413597415614,94.86225887068505,6.523119630772226,423.7853289380901,1479.2187082405146,1.040520851569959,76.81927661638935,54.68564300013966,0.8732050641259864,normal
2026-01-01 16:00:00,MTR-007,96.13409829710699,96.90814486901142,96.8477657715639,0.8010416517019379,419.8032032777138,1479.0916763646235,1.0829914798849247,79.49911007489025,53.951543103790826,0.8517934050680069,normal
2026-01-01 20:00:00,MTR-007,95.01487623444119,98.07509087948625,94.02367691686872,4.233251237112546,409.8602213521807,1481.981466947037,1.0080536247590264,77.45177704923856,55.672643619243374,0.8677090989661684,normal
2026-01-02 00:00:00,MTR-007,98.40997781278308,96.83287635008172,99.69475001873316,2.9109957103564232,413.6194510780936,1479.60272324517,0.9498919138424963,74.55790574874068,53.56372468247454,0.8931735376561486,normal
2026-01-02 04:00:00,MTR-007,95.19945281204255,96.03550553390514,98.24827955993943,3.1595888970484114,414.0558632393758,1480.2543931870784,0.7156582640292162,76.03516751903813,53.76921534849025,0.8591389031367438,normal
2026-01-02 08:00:00,MTR-007,98.83803930451191,96.52932919654657,97.6798659331363,2.363485987939366,419.31539826603586,1472.438684588143,0.9224808296902912,77.13917058262543,57.106139435189824,0.8828550049648441,normal
2026-01-02 12:00:00,MTR-007,94.51410297008356,96.2328352735015,93.62700116345206,2.7490220610401104,406.3629242587209,1480.050122154214,0.9895190665996222,80.73637804749715,55.2964059372558,0.870546561209127,normal
2026-01-02 16:00:00,MTR-007,98.44058519709247,94.07837713726227,96.35057198158123,4.530288806841712,413.00396694228084,1474.5184121875861,1.1186156924055655,79.80228726105845,53.59454586914541,0.8639704219111858,normal
2026-01-02 20:00:00,MTR-007,96.34312134704076,93.87926161929401,98.06350745261057,4.35426703738697,407.95745422665,1476.3371482870034,1.002943281259772,81.24772282464428,55.03528361747004,0.8567935834047019,normal
2026-01-03 00:00:00,MTR-007,98.20339581047882,95.86547049903197,97.01223321490387,2.409560753274629,413.8596179366866,1475.9940323837334,1.0860575151908132,81.30727043205971,57.75782248600336,0.8713968196528523,normal
2026-01-03 04:00:00,MTR-007,99.24568014285063,96.13628899971295,94.28973379475836,5.132651513252523,413.1099964276604,1476.8722505393985,0.7452003162952142,76.93049839081817,55.58757337654944,0.8845339710581468,normal
2026-01-03 08:00:00,MTR-007,94.06701689084373,96.01934059241427,94.89050665760656,2.0552444221635104,415.3187762695309,1478.3534384211032,0.8510373560777857,77.62302628048234,56.18590161885026,0.8661078885480323,normal
2026-01-03 12:00:00,MTR-007,98.17731724076087,97.15388008729585,95.22869565780312,3.0444204318672963,412.5805024039633,1478.5405221533636,0.9644026070491907,77.17744015133893,53.495530926945115,0.8691903857526323,normal
2026-01-03 16:00:00,MTR-007,93.59547066978064,95.63225307107953,94.97013276247277,2.150032825397126,411.9959064344379,1481.9928256127714,1.0741429036113843,76.65697878939784,57.0528387542692,0.8801037085019033,normal
2026-01-03 20:00:00,MTR-007,94.21280536704302,96.9608178037843,98.60911587961226,4.551317162963273,417.4786267670526,1480.667163442404,0.8782157031241621,74.31701058132708,59.636204520927606,0.8734087079134628,normal
2026-01-04 00:00:00,MTR-007,94.62884785528757,95.75323858376287,92.72147090974164,3.212712375372235,416.81869096377034,1474.296776713546,0.887633106127627,77.97050456396632,53.417064714974295,0.8542772422027543,normal
2026-01-04 04:00:00,MTR-007,96.85953985907689,99.11186596187557,97.11943533168441,2.3054211731157803,417.20559337111297,1480.2498839126404,1.0030710459004468,75.42886881257778,52.636212051256024,0.8709888721585518,normal
2026-01-04 08:00:00,MTR-007,96.05634709663549,96.13775142694647,93.79446890678878,2.4580869171228694,414.2923996380366,1480.9547657397502,0.7311193759282314,77.93165623693135,55.3510844876703,0.885122349106656,normal
2026-01-04 12:00:00,MTR-007,95.7147544163621,99.99483325700382,94.35946412808352,5.828304426744927,412.7130456710992,1479.014300451241,1.1411106824735144,82.23154161912596,56.75101009968882,0.869630588135325,normal
2026-01-04 16:00:00,MTR-007,96.24957487619817,96.60076644879507,92.57005505387738,4.236604790045143,414.5245900719169,1479.81734206928,0.7681295860338473,76.98130980733858,54.817220655899476,0.8425851057052263,normal
2026-01-04 20:00:00,MTR-007,97.00913423239419,95.63532429552944,95.06294710415554,2.0293399719374308,417.0046482802738,1480.5709303761912,0.6122115864661046,78.38954801125614,52.89358720791468,0.8738821499159107,normal
2026-01-05 00:00:00,MTR-007,97.14047679819325,94.46494212051682,98.57831535196026,4.252519434056214,406.2928811961126,1482.2937987929067,0.9015100512783871,79.81329677161857,54.78283167643922,0.8680154356045596,normal
2026-01-05 04:00:00,MTR-007,97.86737806611649,93.53747016694153,96.45196670713989,4.512564241434921,416.5764477214834,1475.2753600376118,1.1547688053563347,78.56058258393182,56.19618454555491,0.8517090558607878,normal
2026-01-05 08:00:00,MTR-007,99.1061927471231,94.30793850129723,93.95479629312155,5.377821984518706,416.2365527493392,1479.267048884081,0.9879679695500415,78.58496837588459,54.18593634610788,0.8532079190994621,normal
2026-01-05 12:00:00,MTR-007,95.96354155103322,94.49880523236013,97.73593203094069,3.369687159720356,415.24860362434293,1484.5250082941732,1.012663581450545,77.27519513262384,56.214510035509846,0.8797510714328881,normal
2026-01-05 16:00:00,MTR-007,95.11067483796323,96.67382616817011,98.10142594315722,3.0950979269688688,414.4027463125133,1484.249983924894,0.9062078643460671,77.53624404987754,57.32942157047982,0.8626761725440492,normal
2026-01-05 20:00:00,MTR-007,97.04710166047606,95.10201110005728,96.17757266097337,2.0238403090319954,404.73552245627036,1482.5528107833272,0.8771433754093235,76.07997895562434,55.480461251540895,0.86092503619264,normal
2026-01-06 00:00:00,MTR-007,94.04713844690838,96.31902216969301,99.47263856324709,5.615707902141965,413.2405869475984,1481.610474051867,0.6682635945610327,79.69209001777881,54.944104457443416,0.8696436143906833,normal
2026-01-06 04:00:00,MTR-007,94.84167828119618,98.18790973845621,97.402136106026,3.4564730839927305,422.15775484430947,1484.9639042452063,0.5610920613143722,74.51701668677181,56.658687850452566,0.8635579700168006,normal
2026-01-06 08:00:00,MTR-007,97.70561014851036,95.85014041320984,97.16506027911268,1.9146923778184943,415.05160518227325,1485.75354400482,0.9294408507661295,79.9421766767644,53.28779834512554,0.8710004862777775,normal
2026-01-06 12:00:00,MTR-007,95.78815424031112,99.54842743205002,94.62890033976953,5.089771780568021,413.7708406453011,1479.6127600358595,1.096882379151034,75.19260323050952,53.09058033261415,0.8679727997056333,normal
2026-01-06 16:00:00,MTR-007,93.93801820440228,93.99328259355444,97.0707600821271,3.297599183722671,415.06762478236044,1477.091702670135,0.9516200557242098,79.9252145481533,54.46685543014203,0.8580000441990636,normal
2026-01-06 20:00:00,MTR-007,93.45740276844343,95.74300407744012,96.36999044711168,3.059757985712991,416.419091474512,1479.1891230471265,0.993539929057802,77.29236494757563,54.01624109037107,0.8648880220143862,normal
2026-01-07 00:00:00,MTR-007,96.08314313283209,95.07957261037059,96.88717483122522,1.8825928563103296,417.63528097875786,1489.2900865413162,1.137557631845931,75.53626262373383,53.39331604941905,0.8744275332130911,normal
2026-01-07 04:00:00,MTR-007,97.94883675642541,97.59830460767063,94.83164054333213,3.2204793262963327,414.08447934736824,1475.2919309718245,0.9493150277161587,79.15859729015928,58.66093694999755,0.8704191804023863,normal
2026-01-07 08:00:00,MTR-007,97.9260514603199,92.17742228417515,96.21862209597268,6.02324716777823,416.69967840957474,1478.5883825814117,0.8816017349538571,79.85753507015156,59.343986418988585,0.8691805751760817,normal
2026-01-07 12:00:00,MTR-007,96.18923605827044,93.5370832398032,94.6058897062998,2.7982965712053214,421.70660321104543,1475.7619265425221,0.7772212791524903,77.12384270379293,54.29258991548883,0.8893738424117938,normal
2026-01-07 16:00:00,MTR-007,99.42853874192406,95.81679475635036,92.33556121605797,7.399285894403949,419.0250031977309,1480.374291588632,1.203331884445813,79.44122109735787,55.18343789949673,0.8773103752538554,normal
2026-01-07 20:00:00,MTR-007,95.82110657546161,98.6476846438562,97.70377313037378,2.9023033781620358,424.36120086342794,1476.3919269133155,0.9789821668730521,73.4298310106613,54.624314359872415,0.8785244126482135,normal
2026-01-08 00:00:00,MTR-007,95.76351125606841,96.38543673009033,93.43592280458323,3.0983930458294306,412.3729185665931,1479.6737469314992,0.7584597426121004,75.35880742050679,57.21499848023631,0.8683403159220507,normal
2026-01-08 04:00:00,MTR-007,91.61824271404544,93.69335901138903,96.18293156656199,4.864771758584988,421.70475803000807,1474.1497145199437,0.7243248498298145,80.58481786093746,57.6112911236801,0.8722014519035127,normal
2026-01-08 08:00:00,MTR-007,95.23650056676486,93.95683568180867,96.5683236342597,2.7416077652143187,411.83730544030965,1481.852861995254,1.087959559039337,77.55266145160417,51.44547240262071,0.865689000104743,normal
2026-01-08 12:00:00,MTR-007,97.45410565957717,98.85523575952206,96.55733421373961,2.3538713042209882,416.41426458696185,1483.667035769404,0.7443837455387512,74.27557334710231,55.95202160013125,0.8777754976552413,normal
2026-01-08 16:00:00,MTR-007,98.6691606815739,94.93992994338775,95.51687838105899,3.8694871488093385,417.9299061169524,1478.8481691338097,1.1780751236253333,76.60226763911601,52.38635731767771,0.8688960009590095,normal
2026-01-08 20:00:00,MTR-007,94.58306622520783,94.3906758443524,96.46286758447782,2.1779179720187347,412.95689123238213,1479.594609978773,0.48653058043639336,76.15319905494984,58.51654431575056,0.8722237774893056,normal
2026-01-09 00:00:00,MTR-007,96.78891064199347,98.52138250347667,96.8037837991,1.7792417396700284,415.3518571098971,1479.509778307806,1.1133892796684965,77.66807653705415,55.880496060420796,0.8716061130215517,normal
2026-01-09 04:00:00,MTR-007,97.78667354849841,97.7256055562018,97.25433995221672,0.5454859553283262,418.6418444098074,1480.5427320256751,0.9730342216742947,77.25849803238471,53.35330092327473,0.8698183311859454,normal
2026-01-09 08:00:00,MTR-007,96.01912858145434,98.17439512450866,98.95840655254914,3.007939912081936,412.1589164067524,1479.8854912391007,0.9177891634585311,78.35786345787632,54.5173572241243,0.8993818806715577,normal
2026-01-09 12:00:00,MTR-007,92.10320135248686,94.378595191013,96.39969135189027,4.556491163174579,421.6775338381906,1482.304350857292,0.8736812347437356,77.86106789677486,54.422045483467684,0.8633338072250528,normal
2026-01-09 16:00:00,MTR-007,96.42204159927338,93.39715303933549,96.10931002883021,3.1737534144657387,409.4616135010906,1483.6991174003529,1.1836094772891044,80.71947851007404,56.05022588577163,0.863242884698413,normal
2026-01-09 20:00:00,MTR-007,97.29950826506392,96.22727080851234,94.45251589913583,2.965830268663438,422.75876577091356,1477.5577863325234,1.0060588287601806,78.84909719943934,57.08382520835496,0.8769409674681176,normal
2026-01-10 00:00:00,MTR-007,94.38306492583516,96.57194860044572,96.74401505945487,2.461895834572971,419.0053045391984,1479.0720145216771,0.7645194586656823,78.91534322238718,52.70358541605658,0.8640483100092482,normal
2026-01-10 04:00:00,MTR-007,95.56624293397438,96.62225374498958,97.13900049602657,1.6307723020542602,414.6410976946889,1482.7048583467742,0.6421635065956679,80.33031424778905,58.67750900182423,0.8670859363865111,normal
2026-01-10 08:00:00,MTR-007,94.02795342143358,98.52276725015723,95.67180256549268,4.678482907832655,413.3893271550531,1475.7349928558228,0.9265945819720963,77.22246249914083,58.21138021564169,0.8591358904664438,normal
2026-01-10 12:00:00,MTR-007,91.61361485042286,93.04103749971925,96.92947200714076,5.663519385744526,412.9718869488359,1474.0878361544633,0.8998393299693879,75.47624511328303,53.24935286481791,0.8749155791940258,normal
2026-01-10 16:00:00,MTR-007,97.7527541961176,97.46721288754819,95.50077236300912,2.323860868056393,414.45681743897194,1480.6789478586954,0.6720197943936737,80.4139406492645,55.14560358872462,0.8750425724448415,normal
2026-01-10 20:00:00,MTR-007,95.9936025023115,94.12842659132191,97.14516079289842,3.150447709779976,414.8060165538047,1481.4890392332115,0.8916909711776496,78.27168349621623,58.42161708822863,0.8668480794007656,normal
2026-01-11 00:00:00,MTR-007,98.72669866104317,97.4604549476025,97.55750794927742,1.2932085710680916,420.0209049865383,1477.8330994361393,0.81390980503887,78.27870241579785,57.46583717335496,0.8771481668848007,normal
2026-01-11 04:00:00,MTR-007,97.46316320751987,95.18940722428351,97.5336582258867,2.4235309295485337,422.87461640153833,1478.2640468376387,0.9013935102460042,76.73334015693953,54.32651393990421,0.8514187498626641,normal
2026-01-11 08:00:00,MTR-007,95.39548200675763,94.61082146834686,96.20112098328116,1.666937380758475,415.79751968261604,1477.7194230347773,1.0088885417472604,76.76628933379284,56.628679629135746,0.8629314659848566,normal
2026-01-11 12:00:00,MTR-007,95.85803834008847,94.95909938014003,94.22512102124023,1.718605507188273,411.6174860480424,1477.3992242819668,1.1238914921196053,79.69344467754169,60.994396583438274,0.8683002081378907,normal
2026-01-11 16:00:00,MTR-007,96.96627608024777,93.53282525734133,94.95566839015795,3.6084008960660525,412.8170958374552,1482.0804874618138,1.036333355455393,79.96931159627522,55.210319963702425,0.8582771750309705,normal
2026-01-11 20:00:00,MTR-007,97.6501476979298,96.06899872398245,97.0157351660966,1.631536916359365,414.2676368615549,1476.458504539007,0.7917838875254692,79.56764681149332,53.73470349711996,0.8525128696258127,normal
2026-01-12 00:00:00,MTR-007,96.5506912097997,94.68130407993948,100.17930633513,5.6600436131348495,410.8795115788129,1479.2034314157,0.9553372693243792,79.58592321089095,55.344839704182796,0.8669210403496155,normal
2026-01-12 04:00:00,MTR-007,97.88687896796073,97.34194898073648,95.41850321658525,2.5478050063068887,410.28423439157046,1477.2839914974554,0.9094660682238036,79.13805907451952,55.493104190994636,0.8769402008706074,normal
2026-01-12 08:00:00,MTR-007,95.49368535607557,97.09236237829617,96.77796297111576,1.6574386894101911,423.3885088494921,1475.6341330722964,0.7001806568053649,78.26304546015632,53.950926521999804,0.8828210839142652,normal
2026-01-12 12:00:00,MTR-007,94.2982083468191,98.88112137028743,95.05100363523515,4.770052794408048,416.210454103785,1482.6105345242404,0.9597349177038409,77.64924063135804,55.88325013562844,0.8645271211679463,normal
2026-01-12 16:00:00,MTR-007,95.88939220725567,96.62519890524344,94.3377629111482,2.392278775484614,411.6674674652786,1478.4405243334793,1.178500850687657,80.4206476998831,52.491197880544995,0.8773321583762159,normal
2026-01-12 20:00:00,MTR-007,96.35018221352308,96.88862338915,94.84575425949464,2.127364060017055,418.26641428143085,1480.5653202412623,0.9048639906280507,77.25255825901914,53.66893226598264,0.8763654203807567,normal
2026-01-13 00:00:00,MTR-007,93.94937959297829,98.3895036788528,92.44591449309411,6.261137426301261,410.2866155007726,1475.475772360597,0.6608725980411899,78.7399584277615,56.516489552309594,0.882186081743345,normal
2026-01-13 04:00:00,MTR-007,93.71866097638977,94.9287889987811,98.30986250736257,4.799879283005469,410.6159518085158,1477.7741816387306,0.9045403006662929,76.39197400409151,51.4902582969155,0.86649808969646,normal
2026-01-13 08:00:00,MTR-007,96.76353927931466,93.46003931678203,92.19391103502572,4.854120313431214,411.787830395743,1482.268263642085,0.7179431701540124,76.6814019262991,56.80633518398955,0.8520149950481533,normal
2026-01-13 12:00:00,MTR-007,95.30648430699448,96.34149386091246,95.54973315344958,1.0811467290140158,421.61805312346013,1487.7618143675359,1.0295408260329433,77.52769086428555,50.97603726858859,0.8707018585242274,normal
2026-01-13 16:00:00,MTR-007,95.71696485433685,93.57203887920741,93.98932839193591,2.2715390468120895,413.9884797368865,1474.0713518068292,0.9787297487587694,76.39212324654568,51.53735084224737,0.8598620625903027,normal
2026-01-13 20:00:00,MTR-007,95.38612451720392,100.188055335126,94.49065776578183,5.892542111752067,405.23317205239005,1479.3966766141318,0.8743634919787885,79.5957036509566,54.00204251388823,0.8627649489093799,normal
2026-01-14 00:00:00,MTR-007,98.59515887234255,98.4840504184814,98.34926533928733,0.24969854381480244,419.8402637327024,1481.2368417944306,0.8503253601216268,75.30393149690994,55.5737276856387,0.8669878085594682,normal
2026-01-14 04:00:00,MTR-007,98.1534057137408,99.69318627550136,96.34315432965357,3.416195147280649,413.77447454335055,1478.1516995402822,0.868164854757668,78.19845924676214,57.65052720625478,0.8666107236865086,normal
2026-01-14 08:00:00,MTR-007,93.88824970233316,96.10657617350508,94.35239055499656,2.3404412032057054,407.6023679764864,1482.5485659609824,0.9012411741513481,78.26501619368436,55.11524552631919,0.871415592668958,normal
2026-01-14 12:00:00,MTR-007,95.09069958300937,96.9396455999174,94.99389076053929,2.0337183370410834,413.73326604814633,1477.3998019880191,0.7841647467987687,74.37840084336064,54.50689278484802,0.8770315631641962,normal
2026-01-14 16:00:00,MTR-007,97.4506739506681,95.21582859613416,94.69357871711217,2.8783697667009487,417.08401558641964,1480.46154298065,0.6918370378497845,77.11795235895278,56.15916249596961,0.8663226441672404,normal
2026-01-14 20:00:00,MTR-007,97.02730451132287,97.50685833486806,95.92568205298538,1.6331100250000448,416.6161966661319,1478.433784286505,1.0708048420041971,78.51139907609628,53.25820235906413,0.87395697506608,normal
2026-01-15 00:00:00,MTR-007,95.92924507762383,93.92547291809953,96.295068475371,2.4842886515774136,422.19365991665927,1483.6582932488643,0.8421898535254563,78.85745598658814,55.27883031869281,0.8701481600993051,normal
2026-01-15 04:00:00,MTR-007,94.05849565019437,91.65978762329638,99.23511427964341,7.97533216455279,411.58892854972026,1477.9709064908932,0.9250564656253717,77.59138558279967,52.60110748408928,0.8793549439587844,normal
2026-01-15 08:00:00,MTR-007,94.83513165456462,94.65052054273951,92.7295133593639,2.2383116347210374,415.1868804810599,1478.9443786111406,0.9427922926751242,79.35377640896144,55.16518103375083,0.8681140814889369,normal
2026-01-15 12:00:00,MTR-007,95.11805001805433,93.51599193494644,95.94058698281309,2.5560202505756577,412.2017228856863,1482.8370671124915,0.9483030719482821,77.78136748552792,54.74032734830119,0.8692107332422544,normal
2026-01-15 16:00:00,MTR-007,96.4727369917766,98.52232829637894,95.46143113807442,3.161468787201253,408.8312284232511,1476.9158840227215,0.7239273004352365,78.02730582415012,53.39146415710117,0.866255995520011,normal
2026-01-15 20:00:00,MTR-007,98.90769434401662,99.09875619000374,97.61544282063664,1.5052809714477755,418.54210948922383,1480.2062501702908,0.6486239753172229,78.5033077379731,55.33008127307548,0.868377514600415,normal
2026-01-16 00:00:00,MTR-007,94.82772439929492,93.60566771641496,96.60555625502445,3.1573459231694625,416.85307827659005,1474.5323969689402,0.8116961212962012,79.85399925746833,55.317099306319285,0.8621651187165412,normal
2026-01-16 04:00:00,MTR-007,94.24889984417239,98.20452797016958,97.0075515018495,4.099649080862412,416.1347137987954,1476.7361996241127,0.9593567298625431,76.64856399516894,57.35090802467827,0.8611740271385648,normal
2026-01-16 08:00:00,MTR-007,95.81467907954698,97.62369703850798,96.58894709079908,1.8712215858968915,416.70716077303456,1481.1463938276725,0.7908075198788531,77.0263562549634,51.78873319387442,0.8777576538528272,normal
2026-01-16 12:00:00,MTR-007,97.76083452674399,93.32091445807978,94.40940181284942,4.66555974459338,412.2581085892463,1477.0279074713912,0.846761796945115,76.66220701654157,54.847902184605914,0.859167983168154,normal
2026-01-16 16:00:00,MTR-007,93.53065307006173,95.33394341387671,98.06722644734808,4.743189511997157,410.97721965072725,1478.3662812045286,1.2190946120624353,77.33560456771613,53.47947520059304,0.866808819103021,normal
2026-01-16 20:00:00,MTR-007,98.48086895082658,95.00985391424082,97.3627817038774,3.580168348045097,415.15058948867744,1481.4792592061438,0.6231864172793197,80.85246851615953,56.739524116352584,0.88015342786271,normal
2026-01-17 00:00:00,MTR-007,95.70639980865593,97.27657881365708,97.56250417787689,1.9165030734593251,419.64484560964644,1478.2624415765592,0.7867449006134253,79.14545063865964,56.507824130384265,0.866472992049964,normal
2026-01-17 04:00:00,MTR-007,94.74676052938517,93.90288324112211,98.15731229099889,4.450131658206094,421.43230854181417,1482.468526219649,1.1844906102860893,75.73782050966231,56.015759690137244,0.8782874045368557,normal
2026-01-17 08:00:00,MTR-007,93.26901028392591,95.83125738554115,96.71283217177934,3.614762818533811,418.1817308272297,1480.6469883624582,0.8933101992007165,76.79910606882265,53.592333483861076,0.8640895427927315,normal
2026-01-17 12:00:00,MTR-007,97.20579545330453,94.82933844659266,98.52756036969386,3.818338000063321,415.1166977070724,1481.3070493357734,0.7941022251751635,78.7455344485528,56.77094116588019,0.8594883639364981,normal
2026-01-17 16:00:00,MTR-007,95.70786782678778,96.80783561964398,96.64450486918254,1.1412024489091588,416.07913571759974,1483.7228967962155,1.075315337551668,76.18698443813446,51.939738142513335,0.8540517414509918,normal
2026-01-17 20:00:00,MTR-007,96.29133735723435,95.63000826591927,95.62614000977133,0.694004344359519,415.0463754373015,1480.9594691878422,0.9082845654721667,76.54931991837049,51.52937859281446,0.8831272406927266,normal
2026-01-18 00:00:00,MTR-007,94.46261462867393,95.0865139986084,95.98872932610838,1.6034105337621087,410.8962266412023,1484.6165418714081,0.8477537407433992,80.6899193323483,52.448258000196155,0.8586312881836559,normal
2026-01-18 04:00:00,MTR-007,95.45540943487825,95.6359738442546,95.95930663571436,0.5266287995882402,415.0985895128422,1482.7337868491134,0.9288553390556267,76.77324874305363,54.93305037934619,0.8774718659012509,normal
2026-01-18 08:00:00,MTR-007,95.16956800622124,99.4748464347138,95.11357214363214,4.515431318206788,409.66069272964603,1478.4296427104966,0.8012836785925851,79.90933363205878,56.35032880197659,0.8600005297320662,normal
2026-01-18 12:00:00,MTR-007,95.82832110015453,95.28849128768958,98.78509030121852,3.618395375568732,414.50369109558784,1483.8794442250637,0.7473763405667883,80.51064637906188,49.04793505198095,0.8831738391793982,normal
2026-01-18 16:00:00,MTR-007,94.85729736298528,94.223351094129,96.50567742379293,2.397516396442266,421.5444204423853,1480.7915980627088,0.8829604608547877,76.53307581766207,57.64548566375957,0.892067827246151,normal
2026-01-18 20:00:00,MTR-007,93.38166449376048,96.99572662469285,96.16168699875483,3.783842142593246,418.2914368911334,1478.8159608740184,0.748350455988599,76.22007488688571,55.26222439235687,0.8531346994030966,normal
2026-01-19 00:00:00,MTR-007,100.65663956530621,95.75505123085149,96.66265472840777,5.017418012840564,411.3075232630539,1480.8351570859627,0.9016039967694721,77.44773582703768,51.86445530482045,0.8591524356584118,normal
2026-01-19 04:00:00,MTR-007,93.6731234178773,93.58466742465455,101.08561837523139,7.804184917136728,414.71028372143087,1483.3369804731708,0.9531609851211509,75.82274455865274,55.20189394057916,0.8777313186380322,normal
2026-01-19 08:00:00,MTR-007,96.30969003851527,99.80842041207887,94.06852405145658,5.9340048901339735,411.66249475298105,1481.3651352827267,1.0279590684077418,78.24206775700549,57.18505082935684,0.8751304292336581,normal
2026-01-19 12:00:00,MTR-007,92.97573917282297,95.39843593286545,94.55780094000423,2.568847247917174,414.74994492729115,1485.4671784976542,1.0691887478275242,77.58869617629323,56.198882030612516,0.8777692185476019,normal
2026-01-19 16:00:00,MTR-007,92.59170570817199,95.35510279857263,93.64382546355712,2.9440578879751618,419.16443126609823,1483.2595916736964,0.8391395247551623,78.7211600317726,57.19814612510793,0.8642624444959562,normal
2026-01-19 20:00:00,MTR-007,96.1669572127612,96.27278566725649,95.6030306330701,0.6975578932438816,417.6120317532396,1481.5694801002064,0.9749121911908605,80.79388691246564,52.26750674120578,0.8898753416102336,normal
2026-01-20 00:00:00,MTR-007,96.29758734979124,98.95273261944975,96.41901814327869,2.730981549353886,424.93657632298135,1476.9217957517765,0.9738785169309535,79.63496996154063,54.17198952972319,0.8711804946668977,normal
2026-01-20 04:00:00,MTR-007,98.15295827763607,93.13323464274092,95.2058495686979,5.256401111126756,419.7699096100303,1479.4608024579697,0.9491728073723976,78.97847955082472,53.150615538952934,0.8578303742315648,normal
2026-01-20 08:00:00,MTR-007,96.68189327533346,96.47101584967773,95.07886626448764,1.668477053246043,415.81600152431076,1480.2149924192527,0.8280810883574312,74.06790317406417,58.435160410088635,0.8674685149995706,normal
2026-01-20 12:00:00,MTR-007,95.74432304000719,99.56227782279446,96.24303763904534,3.928615520574293,417.7085998965332,1482.0898945036533,0.7457898281303834,78.88675196420475,56.27872568697326,0.8579643310377116,normal
2026-01-20 16:00:00,MTR-007,94.37934891679572,96.21969694846233,95.14306931229065,1.932177233156291,414.1902273032667,1481.9119991238165,0.975300283359984,81.44525532140909,60.69401917791528,0.8859094135855411,normal
2026-01-20 20:00:00,MTR-007,98.55831392978526,93.89169667532207,96.52936674505871,4.844585067544624,410.48998301165403,1480.5086212306549,0.6439706156710425,71.97895496737297,54.064780933165544,0.8633966873719988,normal
2026-01-21 00:00:00,MTR-007,97.58523945992572,94.94460270428048,97.90162661844072,3.0544457801573928,420.2231063131501,1480.3610497461316,0.8598240851147534,79.37876508595124,53.55065157663539,0.8749248348474462,normal
2026-01-21 04:00:00,MTR-007,93.87293102464268,96.35307951745159,97.1554653351267,3.4266658633416234,419.03596590772656,1482.1613706852281,0.5169553476527102,77.68128285048707,54.7143467228097,0.8652932685501782,normal
2026-01-21 08:00:00,MTR-007,96.06479142947948,98.27123868269203,97.50359611249527,2.2681435846350317,414.03578314162417,1477.42424132311,0.6995396364962605,76.3004099939541,57.756714442845094,0.8638461269023748,normal
2026-01-21 12:00:00,MTR-007,96.24584914180522,95.42086682552993,97.85330075563813,2.520482650188232,416.09574294772534,1485.0865474577495,0.7684299092328863,79.60225716782391,54.26776062124931,0.8508974581871895,normal
2026-01-21 16:00:00,MTR-007,95.41008442605965,97.41081906761802,96.48269339326926,2.0747076736210164,419.96375674953924,1473.8584993445095,1.0645086311443928,81.41941180121466,55.24887519581389,0.8759817460299056,normal
2026-01-21 20:00:00,MTR-007,97.31729149577693,93.55030386850665,95.72925264888644,3.9431567235141163,418.38540570482405,1484.366228446516,1.0032162036606405,79.55046145767551,55.193381405773636,0.8829918125262919,normal
2026-01-22 00:00:00,MTR-007,97.41949122278089,93.53605398255777,94.68202142569268,4.078704302826697,409.1475949950012,1479.8644434147245,0.8169097974236637,77.25761609747694,55.07899352240438,0.8608403241863485,normal
2026-01-22 04:00:00,MTR-007,95.67490440907929,95.17602015797769,95.33238926739503,0.5229699570012551,415.97448008595927,1483.0077394428147,1.0094054692694627,76.11306035118369,53.69520307907504,0.8545477088500133,normal
2026-01-22 08:00:00,MTR-007,95.52064982050533,98.45423568533037,95.10624335756476,3.4744492048953193,414.32947389804656,1481.091521302878,1.0331434445070595,78.2892552675791,54.72541786417926,0.8780331604273783,normal
2026-01-22 12:00:00,MTR-007,98.55822244295258,96.11754605143683,97.24872077076635,2.5081928525347648,419.4520027965547,1481.0381032327325,0.8759002727437918,79.74633858476318,54.639794797297284,0.8535375865089375,normal
2026-01-22 16:00:00,MTR-007,97.59204504296488,96.49461110710037,96.59184222650742,1.1326265361837613,419.12417095513064,1481.6627634280796,0.6923432783679465,77.22589394753254,54.9848706806507,0.8821953293594826,normal
2026-01-22 20:00:00,MTR-007,96.12349506544365,96.47458917644549,97.1891334190324,1.1031939526425045,420.2744313127122,1482.4271628672634,0.8688131534900829,77.41923401669841,56.88703363630542,0.8609560487704538,normal
2026-01-23 00:00:00,MTR-007,93.21948323997005,97.89304829028136,94.01969176558907,4.917260837399876,410.5284226451192,1479.0135075202384,0.8853161392241796,83.64400049967679,58.521256069248984,0.8589670725717538,normal
2026-01-23 04:00:00,MTR-007,96.5870935147606,94.9585566847354,98.44351911977144,3.605268200067731,411.86355386377505,1483.1043973915787,0.7151318413754661,80.15730389191945,53.31913047466059,0.8724846242113129,normal
2026-01-23 08:00:00,MTR-007,97.19139578012616,97.17467325181991,95.27128683262846,1.9888065975807474,419.45632974454173,1476.7465881292637,0.9550570189394952,80.30025735678727,54.21601275042457,0.8596186071498856,normal
2026-01-23 12:00:00,MTR-007,91.29894975420011,94.58196025368724,94.12263826419257,3.517466674704808,412.6334167386302,1479.9840082800217,0.9419717781453534,75.07942818788237,53.34997620318763,0.8629288891870679,normal
2026-01-23 16:00:00,MTR-007,96.4298571917961,99.38478533277143,95.25040168137078,4.2612987031951235,408.91426807634275,1482.507909772817,0.9667564049841281,76.58562264141308,55.374203074444544,0.8735398193267101,normal
2026-01-23 20:00:00,MTR-007,95.28884567586861,94.63399918200031,100.23896062734934,5.795002656510456,417.1303859504563,1482.9850527388476,0.9418384645751166,78.14936327890848,53.92330108497805,0.8457088766283335,normal
2026-01-24 00:00:00,MTR-007,95.62307536191223,94.49405558941248,95.3382965478544,1.1865457760507907,412.8111262389361,1481.3823665447842,1.0094764552672475,75.9977248842297,55.479593667483975,0.8864241924592832,normal
2026-01-24 04:00:00,MTR-007,94.4514031739506,96.93810314835294,95.44516868868962,2.6008361516685916,422.1591630812336,1478.8198226861327,0.8731007958190453,81.20079459777858,57.207253820889576,0.8704364013246574,normal
2026-01-24 08:00:00,MTR-007,95.74709027771112,96.13617225631117,95.67214134505869,0.4841128752853559,416.18473821595387,1482.6901233351061,0.930267766105643,80.8206246131813,49.948336628390784,0.8570703398759647,normal
2026-01-24 12:00:00,MTR-007,98.37566562334948,96.55782810668532,95.74635454561032,2.713615436367482,415.64103714656665,1477.9919012826438,0.8403389573631702,76.93290932523189,55.98355977920138,0.8598275463071315,normal
2026-01-24 16:00:00,MTR-007,95.23814656202153,96.38794887764023,94.6662808476992,1.8041011628751171,413.523024433537,1485.2542272212468,0.8123251176567075,81.56783721321497,54.07962590220424,0.879916463782608,normal
2026-01-24 20:00:00,MTR-007,97.64791220700704,94.13906398070198,96.24441699533847,3.654651863668707,421.3633413357079,1479.745987307501,1.1007374446143114,77.99149580656011,55.920844535968776,0.876010529350741,normal
2026-01-25 00:00:00,MTR-007,94.62386138644547,98.75346590562899,97.83568197665848,4.254210204640303,416.43421783955927,1475.381122917382,0.5934346947710256,83.1787794347781,53.207061124499596,0.8838678065728521,normal
2026-01-25 04:00:00,MTR-007,97.29494390213297,97.52497869805075,96.536387098417,1.0179202235123226,413.3660019273752,1476.4159495959505,1.0315139983731396,78.28937226105008,57.39252197661375,0.8631725715519577,normal
2026-01-25 08:00:00,MTR-007,96.0028259935948,98.31927458349588,94.10361122321069,4.38483448715974,411.8236651735782,1480.1309309106387,0.806918868683151,79.15238550065685,56.826561236080565,0.872965838371508,normal
2026-01-25 12:00:00,MTR-007,96.60078904113371,95.09831528258488,95.41231632224647,1.5699205783961345,414.7061077817431,1480.4194758139781,0.7874942733535318,80.79980688233911,56.13670429708529,0.8742656791178368,normal
2026-01-25 16:00:00,MTR-007,96.0122082237397,96.71086684964723,95.05872657049322,1.722284317197871,411.08941265138077,1485.9089700548534,0.9392366226098111,80.55526669961561,56.5864514356202,0.8769526750025224,normal
2026-01-25 20:00:00,MTR-007,97.09504039669966,96.3368421755472,96.09035002578739,1.0410499690092814,419.1155097667158,1476.8845019871574,0.6765585581473497,79.02146413227179,53.50875906565565,0.8812728112343207,normal
2026-01-26 00:00:00,MTR-007,91.61798806539305,97.92512448205058,98.27063751946635,6.934327619017555,407.76663178390305,1480.1183865979117,0.7775965392080696,77.71771936111233,53.76075249062142,0.8628273609415565,bearing_wear
2026-01-26 04:00:00,MTR-007,93.57683146503241,97.98015681165589,95.74590669479103,4.597926533661203,414.44194388666773,1476.821735778754,0.7756530634679203,79.02826539998624,56.52136700406151,0.8688582973223952,bearing_wear
2026-01-26 08:00:00,MTR-007,96.71181738326808,96.32947337038185,95.84954902379454,0.8954264802627386,417.44053418035173,1478.5220354403598,0.8753434544400189,76.36763165624777,53.511195495377955,0.8638985025441985,bearing_wear
2026-01-26 12:00:00,MTR-007,92.51236120935043,93.40936340165419,99.03384715745183,6.865792348921502,416.3684776804386,1485.0519160902081,0.7950925659752927,78.30426743772823,57.97697856167652,0.8694738812664362,bearing_wear
2026-01-26 16:00:00,MTR-007,95.09447619302877,99.03728962062965,97.49539155911964,4.056014669334349,412.1308681079373,1476.590991330532,1.164359886404842,75.78138493500401,54.4847746768504,0.8769843278206297,bearing_wear
2026-01-26 20:00:00,MTR-007,95.90725829796412,96.9488852201645,96.97976538812848,1.1101182329804937,417.64103482682617,1481.7611272722036,1.2033619420716748,74.4382367198394,56.188204041159324,0.853459644997393,bearing_wear
2026-01-27 00:00:00,MTR-007,94.58664083180733,94.96160078269246,99.3418779567817,4.938109823933648,411.45584244645636,1481.1787220770432,0.6411446669884445,78.10085352827889,59.440919195241015,0.8810937156945928,bearing_wear
2026-01-27 04:00:00,MTR-007,94.8197352060693,96.69383191597515,96.83594454151512,2.097672359991677,414.91046137401275,1479.9274857209255,1.0376538629091556,80.52455578134334,53.89303760383273,0.8586081787573625,bearing_wear
2026-01-27 08:00:00,MTR-007,96.46350028826213,93.42106701064102,92.60966034435836,4.092657017513071,417.6073662879214,1481.5583098695752,1.0972250612039012,79.85160928319212,55.51075374901101,0.8669262968030277,bearing_wear
2026-01-27 12:00:00,MTR-007,97.7225300578642,97.80113590181725,97.42108289344915,0.38920616586164064,416.85165111797244,1476.51993885417,1.063096062370127,77.83617540854878,57.55372059479168,0.8824394192496613,bearing_wear
2026-01-27 16:00:00,MTR-007,94.36424638932513,93.48913195643024,93.28297223318417,1.1538253455104401,412.2998439543221,1484.9689675234106,0.8969105827754948,81.493979396351,57.42415990542169,0.873280097179834,bearing_wear
2026-01-27 20:00:00,MTR-007,95.01856734517355,95.62310913359005,96.77142249571405,1.8296192728809675,419.78997806625745,1485.7745364853706,0.9737102537614247,76.86187721830686,54.94613985998604,0.8733952994826366,bearing_wear
2026-01-28 00:00:00,MTR-007,94.75198127218852,96.41720226066013,93.07521096681943,3.527237150681551,415.34677828594215,1480.141314093278,0.9134645553785129,74.16433467640395,54.65220687183902,0.8581937395470489,bearing_wear
2026-01-28 04:00:00,MTR-007,91.86751189012945,97.77295310844944,95.20323343291747,6.219664943446406,417.9719816437566,1487.2693183918407,0.978702316640853,73.63579741159808,55.30686588753541,0.8595591406417615,bearing_wear
2026-01-28 08:00:00,MTR-007,96.24185478880855,96.18183624778133,95.37914106946582,0.8992757781738834,421.116404026693,1478.8029162053501,0.8769125999620796,75.63761811880856,58.75975564645994,0.8794125639666892,bearing_wear
2026-01-28 12:00:00,MTR-007,97.5952516195473,97.08366997096542,94.68566339032448,3.016528331636199,419.4700821950984,1481.2012959815688,1.0584608081308378,79.63324948652446,55.40003809478567,0.864108564545156,bearing_wear
2026-01-28 16:00:00,MTR-007,97.7350710738191,95.9519284762461,95.40462592479369,2.418380482517378,419.4805176253242,1484.2956671913234,0.8681164117758517,76.73039463306523,56.21188594026663,0.8650508812670015,bearing_wear
2026-01-28 20:00:00,MTR-007,94.51389205087447,95.94506931038842,97.76223866941534,3.3810975232166585,415.7707197193979,1478.6229866193312,1.0819411629775963,78.9219172837146,55.302579855126694,0.8796395125105471,bearing_wear
2026-01-29 00:00:00,MTR-007,93.86376866385896,96.14588117392776,94.7815203632477,2.403985181623981,418.175740483642,1475.8553528233617,0.9436489621651792,81.29256676716795,57.67074921430185,0.8595008645463047,bearing_wear
2026-01-29 04:00:00,MTR-007,96.0368734678898,95.67734114841194,96.93037376769799,1.3023275021034528,415.8543862982573,1475.1648488031435,1.1814682170032191,75.79980607484438,56.677117871901,0.8726923513288626,bearing_wear
2026-01-29 08:00:00,MTR-007,97.41529375840678,93.12158678514102,94.35195794840354,4.521455100867768,410.16270212888634,1486.182479691708,1.0685627826344197,78.95699946359179,54.468454469988195,0.870429073261677,bearing_wear
2026-01-29 12:00:00,MTR-007,96.26427809844972,94.68872790409108,95.6765873896241,1.6490448620945248,416.21097517002016,1478.4129260480836,1.2345999442661098,79.07792614531144,54.64969481966599,0.8699731427413676,bearing_wear
2026-01-29 16:00:00,MTR-007,96.49374657855789,96.41774906216396,96.55268568119885,0.139847996134094,416.02544393495384,1479.4427897097446,1.374282166721364,76.27852402305379,52.70485281670706,0.864815643681225,bearing_wear
2026-01-29 20:00:00,MTR-007,97.9487247833365,95.57483348737925,94.299258168971,3.8038679415781345,417.3349174460873,1476.661707765037,1.4719778666372823,80.70842185049017,55.15677987023009,0.8642014481853667,bearing_wear
2026-01-30 00:00:00,MTR-007,94.73854027224627,95.73408583307621,93.76133046116576,2.082181238027748,414.48801209914643,1482.8450178379876,0.8763488748521584,77.42458588890105,58.527252861111066,0.8592163583620513,bearing_wear
2026-01-30 04:00:00,MTR-007,95.62458438541137,95.44814307082459,96.83947204365464,1.4497429861396842,411.9541777729446,1477.6553204223262,1.1528721915275504,77.23249403817398,59.709346379344275,0.8748266502604131,bearing_wear
2026-01-30 08:00:00,MTR-007,98.78972674007245,94.5261254097377,97.91672388154136,4.3919551051965104,417.6260243327009,1478.526210917016,1.2554437833932712,82.22322643683594,58.557880517125675,0.8633185080848327,bearing_wear
2026-01-30 12:00:00,MTR-007,95.66410901658006,95.15844358660046,95.86506236674155,0.739430735661777,409.746910850991,1480.8985612582485,1.393306091140912,79.04553348473344,58.42339304701058,0.8796874462116725,bearing_wear
2026-01-30 16:00:00,MTR-007,93.83707824475039,95.4763404895768,95.21951930614323,1.728371684609589,420.8352765434259,1476.8078622182634,1.1004904819311818,79.850581099371,57.19082239669376,0.8677544495840934,bearing_wear
2026-01-30 20:00:00,MTR-007,94.85763226239949,96.00877762652476,96.26568599498817,1.4711560491913382,414.07432775518004,1479.4642531914574,1.2249451830793137,80.70978586304368,59.12578753218804,0.8594154951057896,bearing_wear
2026-01-31 00:00:00,MTR-007,94.39883972058242,96.67136570789498,96.09468572802625,2.374098704922161,415.9821126882247,1484.2066287685097,1.4164492008343519,76.69905200108157,58.28289619399532,0.8676218611785158,bearing_wear
2026-01-31 04:00:00,MTR-007,96.60955747959683,95.69186083688834,96.41455366948054,0.9535634309345733,417.23423261312627,1481.2847631925506,1.4346795414497786,80.49964219410735,61.45587779063304,0.8658914280086353,bearing_wear
2026-01-31 08:00:00,MTR-007,94.47091711387515,94.2427216969516,91.68512836213127,2.9805288873030515,417.36275217937674,1480.391626877285,1.5040471237011328,76.99621177000466,57.78895135021806,0.8800910341172805,bearing_wear
2026-01-31 12:00:00,MTR-007,96.46256512488318,93.61393998520528,94.17539534307676,3.006444426724873,409.36406280019304,1480.6445941283916,1.5398147346962712,76.9107532213234,60.812907307452555,0.8663099981074847,bearing_wear
2026-01-31 16:00:00,MTR-007,94.74378202702395,100.43295950058705,94.55747395338777,6.083664165219657,418.29634632217704,1478.8325947120702,1.5503063857077577,77.45600005538373,60.018322094946875,0.8672378961879967,bearing_wear
2026-01-31 20:00:00,MTR-007,92.37610062780035,94.07178234834848,96.25748075265973,4.118825416325681,416.21261531350507,1485.9884569592648,1.5552083444817166,76.75587033011008,59.88630501051919,0.8841154670549244,bearing_wear
2026-02-01 00:00:00,MTR-007,96.52329776978247,95.11487999784212,96.31723158804867,1.4673290303090476,412.4589544617656,1477.5635286083977,1.5615472220906463,79.64431286531432,54.53985147321286,0.8750826732146335,bearing_wear
2026-02-01 04:00:00,MTR-007,96.25337801650669,96.88234718295712,97.08574803402075,0.8604153320292949,412.00133219621637,1480.6327784858918,1.6803049481939865,78.53442131029011,60.57069085801542,0.886627060160035,bearing_wear
2026-02-01 08:00:00,MTR-007,96.88364000547642,96.61586877365876,96.43960618531915,0.45944179026521836,413.66378767177264,1480.3450766990284,1.272469188611399,77.01755117076577,58.60880725270551,0.8825904500406391,bearing_wear
2026-02-01 12:00:00,MTR-007,94.85143514595796,96.88894411530508,93.78007881320562,3.2665245668196006,409.805033253558,1483.0262875213994,1.8681626508840385,79.34901006630965,58.12948861752123,0.8611283741163714,bearing_wear
2026-02-01 16:00:00,MTR-007,94.66957742872,95.24442953466509,98.46955454734517,3.9530447908180513,421.8890695639481,1483.309521816381,1.334348546281943,77.4496351252273,56.20701493899322,0.8798995085440011,bearing_wear
2026-02-01 20:00:00,MTR-007,96.68517010514184,96.40713910722482,98.17074057117418,1.816503808423368,420.94460530057336,1479.9039435865388,1.5320134249897328,77.34385925927064,59.31912226402039,0.8852530329207459,bearing_wear
2026-02-02 00:00:00,MTR-007,98.59246007045287,96.10469318697108,93.8526766250207,4.927866477027371,416.80680080390374,1480.8719994793391,1.6890946381263277,78.09736776980309,59.556787326130205,0.8853281313232342,bearing_wear
2026-02-02 04:00:00,MTR-007,96.01906006955747,95.4672957993962,96.56781703573193,1.1461606946064509,414.10640633463163,1480.9856042617419,1.853571724993711,78.92692071133243,57.04497683635349,0.8798809598357669,bearing_wear
2026-02-02 08:00:00,MTR-007,96.72462523058712,96.41883262595643,94.98380904918525,1.812549225309633,414.2115680482504,1473.1835750332882,1.333306671061705,78.77969529875485,56.867603497930695,0.8796752299490918,bearing_wear
2026-02-02 12:00:00,MTR-007,95.45115701858013,97.80115719978787,96.23699454156893,2.4353232849333,418.03226282469586,1475.2330311925666,1.8086368955272298,77.27350163549434,60.952451019084435,0.8669733895632445,bearing_wear
2026-02-02 16:00:00,MTR-007,93.3655372426689,95.96211161867038,97.79764954392212,4.6308482664570345,422.0313075980078,1478.1848089278342,1.9623117445502158,79.69422241487881,61.889514745601964,0.8616261791565043,bearing_wear
2026-02-02 20:00:00,MTR-007,97.65107954202293,95.97346619111497,99.63537794785444,3.746074517215206,412.718413041613,1478.3152039708693,2.02356155995152,77.55521169784069,60.69538677919348,0.8664778268110255,bearing_wear
2026-02-03 00:00:00,MTR-007,97.55036030137371,97.82299483285502,97.28218061677673,0.5543864543930098,410.5296558295067,1476.4021527341076,1.8010465799867192,76.69003102278256,62.78701127443057,0.8533521099856723,bearing_wear
2026-02-03 04:00:00,MTR-007,97.213054336299,97.64072168075744,96.50335528125463,1.171105434524234,421.1905630943811,1482.2487477141208,1.892110289546792,75.06395670246529,60.48487866360635,0.8834279531542171,bearing_wear
2026-02-03 08:00:00,MTR-007,95.68947978522894,98.70325152591101,95.4200385394205,3.398621449479406,407.8514456496622,1480.0063552630525,1.876726926638994,79.96635696199804,60.72302006559717,0.8671670704058229,bearing_wear
2026-02-03 12:00:00,MTR-007,97.01897574355378,93.00270039982152,96.31084351319241,4.207983796478429,410.9658767669894,1479.3559163578395,1.9424822640901636,78.02478015238802,59.17349009953156,0.8829133072906495,bearing_wear
2026-02-03 16:00:00,MTR-007,97.5253534675419,97.54473673927576,98.32067736461366,0.8132402089422779,414.0125684299566,1476.231534176478,1.879161387908153,78.42174471702103,58.06461806589667,0.857685004227784,bearing_wear
2026-02-03 20:00:00,MTR-007,98.76507082232611,97.02669661081971,95.9236970551303,2.9220669931024497,408.7582661287799,1479.8663654072657,1.9334139779131942,80.09160583139904,65.07369773472189,0.8808262492100221,bearing_wear
2026-02-04 00:00:00,MTR-007,97.68708455193163,94.4884865745011,94.48770107503334,3.3482316576465094,419.4485962512264,1472.1199457320042,2.1651363141219133,77.04518753680436,63.80794233223217,0.8650511934182068,bearing_wear
2026-02-04 04:00:00,MTR-007,96.10892155739074,96.4293767133847,93.23572929618496,3.3526287651715623,418.4276210820204,1479.5111310675825,2.15320869873183,75.25120150305175,58.9429733715826,0.8571563059169083,bearing_wear
2026-02-04 08:00:00,MTR-007,93.76724777740907,97.79391444950699,96.87560169371349,4.188093033666769,412.7008270911387,1480.1895510064232,2.240996810235819,78.13956140443044,62.22382472892028,0.8862711805215976,bearing_wear
2026-02-04 12:00:00,MTR-007,96.26565682802644,94.58490210562492,96.42203840107135,1.918529277582828,420.118456476711,1480.7257449529645,2.233456515244653,78.61592310416059,61.898203869371905,0.8810731166934077,bearing_wear
2026-02-04 16:00:00,MTR-007,96.43789208891616,96.75530654553226,94.89765005096568,1.9344486328287551,420.7971697136153,1475.3076947095622,2.3414010804094367,77.47430186767926,61.73792572769553,0.8721179242018579,bearing_wear
2026-02-04 20:00:00,MTR-007,97.2100774832099,97.48711027324761,97.75106410787379,0.5549562576098294,414.54731740683974,1480.6744502100744,2.4021761329600535,80.94747515615234,61.65711357657087,0.8703393788513496,bearing_wear
2026-02-05 00:00:00,MTR-007,98.31064210657864,94.17212661327959,95.28016748477845,4.314505072699182,413.197327289728,1476.8757061904064,2.0441755580282477,73.02766686455729,63.42853675398049,0.8743951001881912,bearing_wear
2026-02-05 04:00:00,MTR-007,95.83760979275642,95.75716575156028,95.77020741661902,0.08398104776086861,424.0384081109699,1477.562590503123,2.2125684248533806,80.24011327579957,64.49479580957313,0.8719462857791741,bearing_wear
2026-02-05 08:00:00,MTR-007,99.58568480394771,96.51365269613638,95.97155987917151,3.7122407167632794,417.8846472883366,1482.153794157468,2.3415806937239987,79.58230730072844,63.85725735995189,0.8620772404582853,bearing_wear
2026-02-05 12:00:00,MTR-007,92.99748348579742,94.64126889720669,95.40104065341767,2.547582241177259,416.0252986118754,1486.0423411700792,2.408745715422867,78.91354155540093,63.00703967440144,0.8658794773021508,bearing_wear
2026-02-05 16:00:00,MTR-007,96.71567679566785,94.49957854021368,96.40254304554594,2.311503253197774,420.4541837865585,1480.154076276408,2.3477797617001928,71.3281969010618,63.13078300861538,0.889607178320387,bearing_wear
2026-02-05 20:00:00,MTR-007,94.63719186400593,95.76952387948754,97.96525251572565,3.4622581436848736,416.20772254001207,1477.5487136240793,2.6215264072534694,80.56777756654054,65.51757148805565,0.8967215674262802,bearing_wear
2026-02-06 00:00:00,MTR-007,92.74500778719778,97.36813178351564,94.05016422721123,4.880775175255007,412.97751765632324,1480.56601134253,2.8184259365925364,75.94713177872823,64.77107359268092,0.8856266850523068,bearing_wear
2026-02-06 04:00:00,MTR-007,95.65563839778277,97.09863936203453,96.83374103632897,1.494883286522525,415.3206390419502,1482.8170874724974,2.5863479759015684,76.98461604323323,64.19132628551255,0.8747822394016262,bearing_wear
2026-02-06 08:00:00,MTR-007,93.51309192802823,94.52985560885531,96.29381746279499,2.93390712393795,419.1546171492789,1481.8629926976182,2.608341923724266,77.65881467041986,64.17741978058815,0.8666225096729806,bearing_wear
2026-02-06 12:00:00,MTR-007,95.72449638735732,97.11303319059743,96.26242360242297,1.4408893408299173,407.0312577346032,1488.2293386173912,2.7606513335569174,78.81483606930395,65.14453862990422,0.8620181410610304,bearing_wear
2026-02-06 16:00:00,MTR-007,96.05933951674787,94.57332944867582,97.48794806591845,3.0347900618221653,413.8478770422431,1477.853987292716,2.391172098049844,79.2788560843851,63.72356477559215,0.8626771758956979,bearing_wear
2026-02-06 20:00:00,MTR-007,97.90897733860002,93.2519768780912,96.08413427237062,4.863791215722906,420.5322295943264,1480.756694439758,2.7134046506779526,79.7856811086386,66.51108295977383,0.8644673234131324,bearing_wear
2026-02-07 00:00:00,MTR-007,93.42705470333621,95.37340830541272,96.8195912736524,3.5633386235847686,412.9525263956259,1484.6467538602546,2.8943450980612786,79.63170702015704,62.925499554003274,0.8915116404142577,bearing_wear
2026-02-07 04:00:00,MTR-007,97.55041308270212,97.91653439417298,97.22174230113475,0.7121478731192487,421.1844342417256,1484.4584777110556,2.689639329799122,78.50585440842625,64.46497295889952,0.888062822963826,bearing_wear
2026-02-07 08:00:00,MTR-007,96.16739063514419,97.11950600898794,95.13921672468376,2.0597538078377227,420.65897527743925,1474.149766220427,2.6410165008842768,78.83184531811519,66.72221539745335,0.877462783899354,bearing_wear
2026-02-07 12:00:00,MTR-007,97.7559025554937,95.99731744874975,96.51060643978889,1.8175724425823707,414.7378835380442,1479.9899271398801,2.8362815584095213,75.81849256835551,63.447792918334116,0.8603938682358717,bearing_wear
2026-02-07 16:00:00,MTR-007,95.26314466128021,95.28882264133793,95.57198915036052,0.3238224015657386,412.725842780444,1484.4535622975461,2.894463286895781,76.49794638636196,62.78252528857047,0.8789305592671104,bearing_wear
2026-02-07 20:00:00,MTR-007,93.72630257192372,95.33480595436129,95.77355642927805,2.1562549533853734,413.8505645034015,1488.6719289711973,2.8069421226963422,79.79092044734966,66.27110061440573,0.867613829714894,bearing_wear
2026-02-08 00:00:00,MTR-007,93.92213448325826,96.1856595726691,95.45034855001032,2.378000923476838,425.65845796800573,1482.1113876512525,3.2975964857037363,79.67441897345736,62.96984165999484,0.8484699056135587,bearing_wear
2026-02-08 04:00:00,MTR-007,93.79531527907479,94.17653335748979,96.80397722299202,3.169505629386906,422.497697787733,1478.8964101189106,2.9515569704138724,79.44759883288884,63.98436431497844,0.8728710063740126,bearing_wear
2026-02-08 08:00:00,MTR-007,96.81546948765126,95.40589679752311,96.13934030339115,1.4664682024163531,415.50156388722695,1476.972390542688,2.8907568314928413,76.97116647668695,68.3157649690501,0.8615808695916595,bearing_wear
2026-02-08 12:00:00,MTR-007,98.52061358457975,95.632094785946,96.67335515190045,2.9796354188293184,412.5673857935184,1486.6562300725925,3.0904604164488667,79.8209842638874,66.6149946537492,0.8619194657090996,bearing_wear
2026-02-08 16:00:00,MTR-007,95.0358160611751,93.69416625757611,95.97010370065792,2.3982473713688743,415.46816414232507,1482.1862247593972,3.2816325933388333,75.67751109503928,69.81890206859885,0.86749592006432,bearing_wear
2026-02-08 20:00:00,MTR-007,97.07372424235994,94.56904831846813,93.26230013871731,4.013362135881042,415.97530770646705,1477.4557992193438,3.189265980300953,80.15471961972455,65.06302864331356,0.8650167702705759,bearing_wear
2026-02-09 00:00:00,MTR-007,93.39999222078187,96.70059825747009,96.0535354301435,3.460309397472909,410.0265650495626,1479.3905309009986,3.3009422246860334,77.47825839750821,67.51083965062325,0.8696574318089599,bearing_wear
2026-02-09 04:00:00,MTR-007,96.30774826526259,96.01623354016597,96.1084381101343,0.3032059210077266,415.32016507686103,1480.9305595504861,3.1390733033919425,81.36834081268127,68.72535033846233,0.8691766944998279,bearing_wear
2026-02-09 08:00:00,MTR-007,97.14101353188202,95.47304654302997,96.41403039940857,1.7312853426614452,420.2896172992469,1481.6314199616643,3.534895917481884,74.95711581586903,65.81393005167686,0.8512419090715236,bearing_wear
2026-02-09 12:00:00,MTR-007,93.5285337168608,94.44449717326854,94.98670217610967,1.545981589091533,407.8025732751341,1477.3011440273626,3.4381866303297004,81.52680809183704,70.44859640613707,0.8852027798888283,bearing_wear
2026-02-09 16:00:00,MTR-007,95.65203887960772,98.69115703567226,93.95973168355752,4.923389496791727,418.306335860549,1478.1574287456235,3.5535156950648155,77.27707134167308,69.63786936487666,0.8601662327705132,bearing_wear
2026-02-09 20:00:00,MTR-007,97.22183191976202,94.56984880694729,97.06599534061957,2.7542800477941163,420.49919188021914,1475.041196312881,3.4938068105944518,77.24104148797652,65.63069518511519,0.8604760161486953,bearing_wear
2026-02-10 00:00:00,MTR-007,90.99303142872836,96.4293850577267,95.53304481018168,5.7638261556285775,412.75777061962253,1483.1192868688142,3.60567798761904,78.38967763797119,69.00785485463582,0.866714467482097,bearing_wear
2026-02-10 04:00:00,MTR-007,98.2791732253043,95.1673700896874,96.29225650804906,3.2220087239100783,421.7767030327642,1478.975144599689,3.3941392351062665,76.6058421743986,70.09062503101462,0.868916651526307,bearing_wear
2026-02-10 08:00:00,MTR-007,96.60361280152073,96.0619166594361,95.51964146365731,1.128411293043567,412.2386517502066,1481.39896494755,3.494775047269173,77.85534199739539,68.37526816079448,0.8845897981683184,bearing_wear
2026-02-10 12:00:00,MTR-007,97.2232151854376,96.78098729291158,95.98965448401306,1.2761243093345649,416.7643306474416,1484.266775525729,3.814084647729129,76.52474746945829,66.83361141659542,0.8726942345205491,bearing_wear
2026-02-10 16:00:00,MTR-007,95.2956257635076,93.66142875441854,95.23321967285622,1.7251086587065922,413.7729092613455,1480.6596104271218,3.889934982267653,76.59787293804163,70.58950134348605,0.8756646548410953,bearing_wear
2026-02-10 20:00:00,MTR-007,93.05988696479513,95.98870827664472,94.34780400784413,3.1004148107823806,413.7720145713496,1479.6610885721527,3.528008910797863,78.97377190060115,74.69558817741452,0.8727453618758328,bearing_wear
2026-02-11 00:00:00,MTR-007,96.9114674454476,98.03217689425894,96.8085020343785,1.2582682339324778,412.5308037209678,1480.581764430652,3.7818569158214275,76.19686900939297,69.74092183245838,0.8723146158249877,bearing_wear
2026-02-11 04:00:00,MTR-007,95.85904584462249,99.00629656489302,94.97067504942743,4.177142872904604,417.7943019234481,1480.1895808115507,3.7243141696052726,76.46361152998904,73.89642276081337,0.8730972950308701,bearing_wear
2026-02-11 08:00:00,MTR-007,96.05481037727117,95.77810948564458,96.2798105273938,0.5224007711178559,418.3952218309258,1483.7384949936338,3.7291905361448765,75.25441750050719,69.497669210384,0.8506726585743106,bearing_wear
2026-02-11 12:00:00,MTR-007,97.85618258807288,96.07113592698353,96.70051877871288,1.8426108225328173,414.7423112016912,1480.9325151926164,3.9214898326038776,76.99213864007731,71.67889424256842,0.8675008151516047,bearing_wear
2026-02-11 16:00:00,MTR-007,97.30058901139216,99.77400836881328,94.99850629870407,4.905109724200239,409.5601271453109,1478.3667969412634,4.095154884723753,80.62320405944784,73.0376474883101,0.8816226111057116,bearing_wear
2026-02-11 20:00:00,MTR-007,99.27891185849961,97.93693744059597,93.94536851733677,5.495453736416361,416.6126806665376,1483.1435471706693,4.037233184630864,76.30813271979406,71.72581165153855,0.9094233101080669,bearing_wear
2026-02-12 00:00:00,MTR-007,96.2625778839441,94.94650100180442,100.14051944764255,5.348232991103645,416.6880574376428,1483.6914530690751,3.9672559915166077,76.53673346962552,71.39643520589824,0.8579569106746049,bearing_wear
2026-02-12 04:00:00,MTR-007,94.8203307728365,94.94360157715435,95.09926933171981,0.2937605389919553,414.1331399544543,1475.9850081195386,4.138335648948434,78.38784389296308,73.69465398065435,0.8742307996032436,bearing_wear
2026-02-12 08:00:00,MTR-007,95.67843524794245,97.63251108145028,97.06396528401264,2.0188477950630412,422.46892514872326,1484.5983516543042,4.053257133643452,77.25840713240095,76.27702055606892,0.8642895342212565,bearing_wear
2026-02-12 12:00:00,MTR-007,96.70939882246589,94.27449663138862,99.31001779126635,5.203885713882463,408.7442829403974,1481.0941353196254,4.215440190263151,82.4563088666993,73.34820864102495,0.8904765190389685,bearing_wear
2026-02-12 16:00:00,MTR-007,97.73372845908135,97.85638698895164,97.3481092212973,0.5205306697971016,406.1308651589857,1480.84980985044,4.409683721850691,77.67494407064748,71.96904619302475,0.8564621723920852,bearing_wear
2026-02-12 20:00:00,MTR-007,93.49626205621125,96.57053860480173,95.4872442729343,3.2298017868753357,412.0766604012093,1483.0198738947895,3.935451029135813,78.67043669243475,72.87699676564938,0.8762493949031588,bearing_wear
2026-02-13 00:00:00,MTR-007,96.01457086323911,96.8835767706062,95.88545469860675,1.0368892803515832,417.8416981363658,1478.2990708269872,4.413643191850521,79.88753756959865,78.55244445712448,0.8559278890049581,bearing_wear
2026-02-13 04:00:00,MTR-007,98.74695109467882,95.56184097539405,94.5790170116457,4.328255418200206,410.77662145026466,1482.8624935425728,4.110445718197507,79.8491557317257,74.04056308594758,0.8668143333193916,bearing_wear
2026-02-13 08:00:00,MTR-007,95.59004352682237,94.9250990007528,97.50476190200789,2.686963152457177,411.0761163258957,1478.8696735907865,4.57301895927292,78.46657516311475,72.84082607206906,0.8696568666925019,bearing_wear
2026-02-13 12:00:00,MTR-007,97.58892689897661,98.4951344313486,96.9664353417535,1.564951201538871,418.80408534471263,1475.575147960869,4.340898054647648,77.677745026628,71.9996017822817,0.880696916817396,bearing_wear
2026-02-13 16:00:00,MTR-007,96.84158724644865,95.57890170785541,95.12204660349995,1.7940378521177354,416.850191691191,1477.0067311626792,4.301698553793916,82.04805707275851,70.89919377778327,0.8592283317384147,bearing_wear
2026-02-13 20:00:00,MTR-007,97.63133543513597,95.29867080264728,94.22135499588532,3.562560620921923,416.5082436385136,1481.7010654987096,4.636751316468716,77.80047944937147,75.54059181535823,0.8766338304884739,bearing_wear
2026-02-14 00:00:00,MTR-007,94.61800867566944,95.86323273748512,93.74509442105396,2.2356883047600666,418.1257156778621,1477.1635949800161,4.6354114711214915,77.11661979114304,76.38629832192245,0.8701877772338794,bearing_wear
2026-02-14 04:00:00,MTR-007,94.62544781642141,96.32942443983862,97.6836505664925,3.178580655308863,413.29922818690846,1484.8302283695689,4.479445374867943,76.70830202341196,74.5483716963179,0.8727279338628597,bearing_wear
2026-02-14 08:00:00,MTR-007,96.03459736255537,94.24072511706548,96.20543680675082,2.0574278997788276,413.4840637037672,1483.567850360319,4.490122389219509,74.54639359458649,75.57772654281864,0.8795833271468514,bearing_wear
2026-02-14 12:00:00,MTR-007,93.38500814977654,95.03595264988687,96.3669069420079,3.1411788878621234,418.2391170902457,1484.0003174980989,4.698909652372594,79.64323150447433,73.5337959023116,0.8571744330699471,bearing_wear
2026-02-14 16:00:00,MTR-007,95.53964269804943,94.94522526053366,94.59550101186157,0.9935531754756619,409.6204528768752,1480.3743357390322,4.595588034027867,73.30386320579835,76.40877189267434,0.8781059497314859,bearing_wear
2026-02-14 20:00:00,MTR-007,96.43157616216007,97.44261171986236,93.50228803702714,4.113409425980804,406.4291206144058,1480.7735848518848,4.666358119653939,77.98855431819015,77.37524008982052,0.8643109514691057,bearing_wear
2026-02-15 00:00:00,MTR-007,99.0457781025276,94.48795721728018,97.64286050084118,4.695934649969078,413.2668633054886,1476.418864437267,4.892508082049499,77.59027873145723,75.61238944831717,0.8809587345497683,bearing_wear
2026-02-15 04:00:00,MTR-007,96.68730570968717,93.0034895227596,96.07174662314193,3.8673538137715804,418.72349315626275,1482.9873505304724,4.780077156982296,82.47993038446289,80.33522116892019,0.8733455763453788,bearing_wear
2026-02-15 08:00:00,MTR-007,97.0670565902901,92.64282527930683,97.54834715316501,5.1231136777663595,416.0222387959472,1481.1395003651112,5.038937917669327,74.33669754257275,75.55282566013534,0.8679047161848295,bearing_wear
2026-02-15 12:00:00,MTR-007,97.98737211229867,93.49055123682011,95.34134079741344,4.703471597899221,418.42916601649205,1481.7019168758768,5.248683022236154,76.19779342603128,78.06783402360324,0.8640997403090918,bearing_wear
2026-02-15 16:00:00,MTR-007,94.35365104828577,98.32369186619411,95.5958308812171,4.13154033616943,406.93482275830735,1485.0649354343586,5.0532871295311415,77.7278070826367,79.47247321267955,0.8782329499435533,bearing_wear
2026-02-15 20:00:00,MTR-007,95.71825892288685,96.02765926311945,97.21736222143255,1.5563603407657538,416.26198723329395,1478.1821110481574,5.145705733920545,77.60494132506166,77.89732867946145,0.8826095168548093,bearing_wear
2026-02-16 00:00:00,MTR-007,100.13937082334532,96.85546510815097,97.2498740559369,3.348137387416007,417.6154580185695,1479.621575350368,5.479713075003534,76.90091081837991,77.9521294444558,0.8646714845913982,bearing_wear
2026-02-16 04:00:00,MTR-007,95.86496474046378,96.91560572095374,97.36117866271736,1.5470513224349296,409.59681030955727,1480.9800127646265,5.049875938919313,77.83802418119566,75.74962828015113,0.858669934342186,bearing_wear
2026-02-16 08:00:00,MTR-007,97.9053751445883,96.09588722072289,95.4961898613714,2.496587031788926,418.44823036218617,1477.193693783624,5.457920181182061,75.48087454226052,81.60141882000502,0.8769421104294522,bearing_wear
2026-02-16 12:00:00,MTR-007,97.64477931037544,95.8723732537151,97.04882728559082,1.8299520724111582,414.5539244139768,1479.4372035361696,5.491282803200457,78.71438575798987,78.82741812492073,0.855514690579663,bearing_wear
2026-02-16 16:00:00,MTR-007,93.47735259411168,97.78265844022296,97.89286308774693,4.581151586725372,427.285346806424,1481.478849431401,5.5104207137035495,73.35702931584484,80.5234932834741,0.8569448756241703,bearing_wear
2026-02-16 20:00:00,MTR-007,96.52988463275679,96.24916636042691,95.82118910006352,0.7366891300550777,406.29105572441307,1479.0237361858815,5.627853157932764,77.94846128824548,81.07684632293592,0.859372997244721,bearing_wear
2026-02-17 00:00:00,MTR-007,96.25044901923025,98.38779303127623,95.12364652582562,3.379478082664486,420.476457470699,1483.9269682291874,5.528193250198224,76.79928661147285,78.75853213580685,0.8658454951696125,bearing_wear
2026-02-17 04:00:00,MTR-007,96.56312966458101,97.0595497732947,98.29162257632728,1.7763702221710667,413.4233676138957,1475.467226314549,5.450881011397892,80.03257588551327,79.90487244089638,0.8566366811078455,bearing_wear
2026-02-17 08:00:00,MTR-007,94.71298136782326,94.94562769325904,94.88307928140577,0.24528531491219255,408.53139314223984,1483.3683137207,5.754916521769441,81.51062214126661,83.25476758195803,0.8506120009061842,bearing_wear
2026-02-17 12:00:00,MTR-007,94.09379069966991,95.15155793259531,97.07430655507537,3.122924816448897,412.89217942574004,1481.9835564244481,5.813262878909485,77.33789566249928,78.63834947116939,0.8586455580566288,bearing_wear
2026-02-17 16:00:00,MTR-007,95.18760959996442,94.75846006365137,95.9002925900461,1.198370184660388,416.10991696534984,1478.2935142373303,5.861934851147018,80.78145185828286,85.41658760000374,0.8764247444657262,bearing_wear
2026-02-17 20:00:00,MTR-007,95.83309653830963,98.07794862412922,92.85706134786635,5.461786535256063,419.1498666782602,1477.22677429531,5.755808777765847,77.36776743873918,79.96007333172724,0.8572845592787324,bearing_wear
2026-02-18 00:00:00,MTR-007,98.02237345723788,95.30871304030626,97.92613387516344,2.7951174018543594,421.8878571525287,1473.7591521482727,5.694893757502196,76.06774695374182,79.38090836605095,0.8665973032204582,bearing_wear
2026-02-18 04:00:00,MTR-007,99.10154379899836,94.63727309346196,91.29326313890583,8.218317733814326,420.68757235481735,1477.6144749627585,5.884409808068817,81.49180726437123,82.29573878657021,0.8894669846236556,bearing_wear
2026-02-18 08:00:00,MTR-007,98.38352699088756,96.5457545235231,92.61375476606702,6.019730784778118,411.138471917182,1483.1415299650089,6.050614878531117,79.04155288946801,86.74004403356669,0.8695082586997291,bearing_wear
2026-02-18 12:00:00,MTR-007,97.46804942640101,95.8341681384576,96.89997666898034,1.6890443839582368,419.5206587690645,1479.831742821164,6.116699732577077,78.00887704521963,78.79468793298695,0.8734253098972959,bearing_wear
2026-02-18 16:00:00,MTR-007,94.28592595234203,96.50273026146161,96.89953484574399,2.7254600375942903,416.5651398284835,1483.4889426411755,5.952553134554904,79.3743549501973,82.62890249183567,0.8605395998174845,bearing_wear
2026-02-18 20:00:00,MTR-007,95.30215052801793,99.22528239597882,94.91186370922235,4.470801377280667,412.38158791628405,1478.1403867881263,6.1184584051326025,78.54843007026034,84.1588162384049,0.8916347485370014,bearing_wear
2026-02-19 00:00:00,MTR-007,96.35827379611818,97.55830750878525,96.25228303411754,1.3502735494823508,414.15235762609007,1482.1213184803196,5.929173303060637,77.86156118411697,83.56997291016305,0.8645870551086157,bearing_wear
2026-02-19 04:00:00,MTR-007,94.92063737501667,96.04609801267526,91.6796927218722,4.634488381834934,412.16062936222113,1477.8475041937468,6.32775914342692,75.347130345384,84.56393403805716,0.8677189531554849,bearing_wear
2026-02-19 08:00:00,MTR-007,96.98509764698103,93.59629075762174,97.20657145936316,3.7634799281887488,415.14836936774583,1477.1032749813705,6.117235242068553,77.45892652567747,82.66246959334988,0.8831705867796736,bearing_wear
2026-02-19 12:00:00,MTR-007,97.22962962475398,95.14673067143059,96.42619816457147,2.163657030351165,412.0813684708235,1479.678618348488,6.407422489328529,79.24651084691695,83.19856095573431,0.8681826575514638,bearing_wear
2026-02-19 16:00:00,MTR-007,96.91526837344507,97.21351868167731,95.92210286364366,1.3357130037373852,410.88802370713023,1478.00510046604,6.172328191274133,77.75445714862637,84.40164858504154,0.8704788878267521,bearing_wear
2026-02-19 20:00:00,MTR-007,97.74956305844493,94.0014232923105,96.03556946284847,3.9072079884392408,416.91647651113107,1475.3715335528884,6.554712385965101,79.80465152226077,82.7402238241945,0.8671831167921087,bearing_wear
2026-01-01 00:00:00,MTR-008,109.46255001624364,109.07926504150372,110.6504584235718,1.4318623266447197,422.63510509351096,1474.2712516984093,0.8198606965991718,80.5303977759059,60.022265095380014,0.8681554552934543,normal
2026-01-01 04:00:00,MTR-008,110.72453726561938,111.05869743982002,110.19895275808697,0.7769194079072433,417.77530165142406,1477.6290058549046,0.9300227497211138,75.48906398061517,54.96013687668551,0.8767784009771789,normal
2026-01-01 08:00:00,MTR-008,111.08131112554297,109.25710163634427,106.71314206684139,4.00686282716722,417.51525531333107,1484.6830687913439,1.2019981419146162,74.52873824828997,54.37486588395735,0.8859608929219424,normal
2026-01-01 12:00:00,MTR-008,108.74209195673987,110.22657215062435,111.461993368532,2.4694150045601115,414.8019814157397,1482.494092763428,0.8214669386058824,78.76846383303818,53.95528014829177,0.864554718830653,normal
2026-01-01 16:00:00,MTR-008,108.50188710797934,110.34127507146734,107.76348723254584,2.3677912040943667,418.4990187068384,1478.3613387535383,0.744100905168289,78.58654275088686,55.75273407439822,0.8600118473181048,normal
2026-01-01 20:00:00,MTR-008,108.8088005373452,109.31104824767273,109.18255992622798,0.46035198363353813,413.7095689087934,1478.443488871535,0.7298708365327096,74.5373863806545,55.77316517834186,0.8575784664920839,normal
2026-01-02 00:00:00,MTR-008,107.25976992778712,110.12309263323768,111.87650396733093,4.206471713975878,416.1295110047981,1480.3018663325063,0.8673705924249677,78.71904212428095,56.90125574625303,0.8859310622150293,normal
2026-01-02 04:00:00,MTR-008,106.88982527222893,109.26608944589375,112.01374929909322,4.6840929452231315,411.33482781198177,1481.542422972282,0.7494791867035407,77.19955409520087,53.147875671301975,0.8596189301353897,normal
2026-01-02 08:00:00,MTR-008,110.58112686568427,109.25741468882272,109.08771861318199,1.3620757294424535,419.15776556892234,1483.754738148048,1.1511029141155857,76.38582388052484,54.375010243717476,0.8697244406348443,normal
2026-01-02 12:00:00,MTR-008,111.83547623732022,112.10547754071555,109.20034295393425,2.6161283052685933,416.1624187890472,1478.6312979861746,0.9324534801886932,77.33315258343518,59.0610914464484,0.8602271516795703,normal
2026-01-02 16:00:00,MTR-008,111.70337746215064,110.34303112179387,108.63244309229806,2.7860273080232267,422.9300522547915,1475.1646448095385,1.0457589464640755,73.11694285816306,55.449181266499984,0.855516440820417,normal
2026-01-02 20:00:00,MTR-008,105.34188373253275,110.67870737674721,107.65753045358488,4.946417402367997,424.569193534679,1480.4709058811463,0.8552001914130453,76.81725155321612,54.65495125334651,0.8670762464690631,normal
2026-01-03 00:00:00,MTR-008,109.52076160755985,107.15015956287273,108.75862216832948,2.1853597129189293,418.0532778057326,1478.6277074874747,0.7289704203365823,76.59141086103159,53.1167644688326,0.8606221333365884,normal
2026-01-03 04:00:00,MTR-008,107.84479795350788,110.8280962933572,106.84543462967794,3.6704492285499617,415.2737012448316,1476.0980988857546,0.7035909081850085,79.11420489387228,56.0118686116415,0.8630837157457669,normal
2026-01-03 08:00:00,MTR-008,110.2810865450719,111.0372725517738,111.3357668260606,0.9511503379637604,411.2157419514977,1480.8930067459385,0.7638012386732819,77.68353972697822,57.06203643408489,0.890061050974174,normal
2026-01-03 12:00:00,MTR-008,109.18292289655054,109.22102669340866,110.77151282787212,1.4477901113769578,418.6189992130353,1479.3606587377217,0.9521288241040067,79.27773774735776,56.749175291619615,0.874248961041724,normal
2026-01-03 16:00:00,MTR-008,111.15751661665608,114.0773913669098,111.09614615708011,2.659206017220454,415.8411382555809,1480.9195366194094,0.9779824397651922,72.90092131052664,54.48239827278216,0.8793146951955398,normal
2026-01-03 20:00:00,MTR-008,109.9625450676596,105.5232889055956,108.13360985665305,4.115255971205396,417.15213935661785,1477.3166673994385,0.9904794109588028,76.32180355485791,55.722504566727075,0.8782465956284925,normal
2026-01-04 00:00:00,MTR-008,106.29226296104946,111.53387350995129,107.66297312023723,4.831139102151023,421.91914954982497,1481.4601315909765,0.6766990974327215,79.11199410314289,58.34331887329722,0.8689913907692097,normal
2026-01-04 04:00:00,MTR-008,108.10880984874757,111.39392939635617,110.10465013643541,2.990029641422169,411.70230684534664,1476.048705409735,0.8999386221152595,77.38227073885369,57.14176458434294,0.8656028164062237,normal
2026-01-04 08:00:00,MTR-008,110.01131311343879,111.05909551146551,110.12535612701377,0.9490903956560857,411.30278332607463,1477.5168058309102,0.7460907253661412,79.69092106594873,53.43167451561336,0.8724893461186112,normal
2026-01-04 12:00:00,MTR-008,110.17621595049634,110.34459373547108,109.71200567064135,0.5746746253669122,414.05429624651725,1479.271257306738,0.9602198951376792,74.39079418122155,49.90798987075706,0.8716845076993249,normal
2026-01-04 16:00:00,MTR-008,107.25112090937884,111.07688400868896,109.43389938469932,3.5017154670081263,418.2848045990073,1485.2254552448792,0.9718615583246178,79.46222167937894,55.59354501416847,0.8643119458283469,normal
2026-01-04 20:00:00,MTR-008,106.99536769084314,111.69776538224264,113.34551707638013,5.737418866157749,417.21946896085797,1482.3544761056455,0.7241740429460343,76.72172156442991,56.59713625349686,0.8712984783046686,normal
2026-01-05 00:00:00,MTR-008,110.10999088236532,108.58048650272855,110.83311557861738,2.0508052752419195,411.41724595321693,1483.2315775128034,1.045204441079452,76.52760583123465,52.82155101625347,0.862936702933037,normal
2026-01-05 04:00:00,MTR-008,107.2550506015012,110.58509366115217,113.85377107664559,5.96820155871208,418.02621160280995,1484.2512311000294,1.2508234412292367,79.9820940938549,54.98242095575444,0.8682854206935916,normal
2026-01-05 08:00:00,MTR-008,106.7369024548429,109.64151373115443,112.48153160528852,5.24049449228597,410.19514872442693,1490.8084964074326,1.0252253606376993,80.32380225991301,54.47260186825384,0.8666471652548267,normal
2026-01-05 12:00:00,MTR-008,109.12950299752093,107.8610751284479,113.33084092198948,4.967675855813133,411.64903330260455,1480.1247672026752,0.8755748940673344,80.06939939217456,55.2085726444644,0.8573112740739423,normal
2026-01-05 16:00:00,MTR-008,109.0448165324933,111.40246572813265,107.89882836801493,3.201168443941459,414.53817073124327,1484.2612027693895,0.8525181445185387,82.07728385009653,53.910607425760574,0.8464884178688783,normal
2026-01-05 20:00:00,MTR-008,108.28223906653648,108.89636183617344,111.15997882684059,2.6293648733034765,412.7862750160991,1483.0379057632058,0.8686404027491238,80.53360721688667,57.58102199525599,0.860609367500603,normal
2026-01-06 00:00:00,MTR-008,108.62380328462675,107.07085414709793,109.15565859930184,1.925321616745595,418.55943795460377,1482.9880975099227,0.7858899229834484,76.4091268325354,55.29593776126553,0.888041046645863,normal
2026-01-06 04:00:00,MTR-008,110.02705652541269,108.94573915240566,106.74715487556358,3.0209095061049096,416.1455139320044,1485.3227188541205,0.9378597309978074,78.28327625627131,53.2419662276705,0.8669031821796327,normal
2026-01-06 08:00:00,MTR-008,108.59168143280391,108.43770882150676,112.92551730935303,4.080383456924663,422.06224471050905,1478.7420609070466,0.7292306113268544,77.27960418303013,56.83492430718744,0.877759681608964,normal
2026-01-06 12:00:00,MTR-008,110.1382519534779,112.01124784019399,109.42566794973122,2.339360852677312,414.01125853858235,1478.5039449281908,0.6165453320103149,82.05817971989813,52.47162480801659,0.8487555485690664,normal
2026-01-06 16:00:00,MTR-008,109.25597264048166,110.29957769709135,107.93669014525626,2.164528431285664,414.51119139583705,1480.9592965404456,0.9329402522720324,80.20973990939741,57.568988755070265,0.8599171393203567,normal
2026-01-06 20:00:00,MTR-008,110.32784919275613,112.7033262582381,109.18929733409145,3.1732200860660615,419.84153043624707,1479.4519006842343,0.9031849598663731,77.62223972657308,56.982118848445126,0.8564551038263765,normal
2026-01-07 00:00:00,MTR-008,111.71737977240944,108.69651225892204,108.4429394932423,2.9871116838171465,414.6363167875048,1480.9555025589946,0.8143244975344209,79.755819595506,57.77955059064157,0.8679769998991288,normal
2026-01-07 04:00:00,MTR-008,111.64119578654162,111.70948774948648,108.64343508554963,2.7705785963922636,420.9760209908302,1484.688246355159,0.7075955066084451,75.53560306737378,54.683507255116766,0.8942195548053524,normal
2026-01-07 08:00:00,MTR-008,112.51916714341812,115.55304036673547,109.56664225919837,5.319054467481924,417.16331284153796,1478.5655598318813,0.9434616040371052,78.50052347529095,54.007772040433245,0.8746023894322792,normal
2026-01-07 12:00:00,MTR-008,111.63904282059889,110.69624126904863,113.38470526639861,2.4024163730972368,405.58885412045856,1479.085963112219,0.7514737442144324,76.12415501479383,55.16804352186619,0.8869561253327809,normal
2026-01-07 16:00:00,MTR-008,110.4665125061262,111.68500221965417,108.69697966542384,2.7094176986314538,419.71028165659783,1480.5229330105797,0.8791583473701998,74.62281559874519,54.831126427288936,0.8674556327231434,normal
2026-01-07 20:00:00,MTR-008,109.15240035305928,111.3562123211519,113.24479596558419,3.678520284664698,418.6509072524792,1479.3150447219246,1.1647457781189667,79.56907247505967,53.69452742887297,0.8836486937385507,normal
2026-01-08 00:00:00,MTR-008,109.24171197315938,107.21905269303394,111.65994751213773,4.060299750315852,418.80533042444216,1474.2579825159596,0.9976784654363077,79.8171821903751,53.89275337174872,0.8907325670668289,normal
2026-01-08 04:00:00,MTR-008,108.28345771185886,111.14559827060302,110.77493105767945,2.6003385825830945,407.356086485819,1478.2596170719032,0.6946301006427456,78.91442527242397,54.26725430546707,0.8689063093358954,normal
2026-01-08 08:00:00,MTR-008,110.0088572802786,110.59929236038138,111.46299028529256,1.3136941126574957,412.3480401549158,1482.0621197267126,0.7087722643481547,77.634065918867,52.659992627120275,0.8646073528877264,normal
2026-01-08 12:00:00,MTR-008,111.36377995837,109.49204956135442,110.02670440928213,1.6970346317075569,412.6451806657729,1484.312640252798,0.9227728639115639,75.46728269030719,56.355926579198666,0.8568218906300985,normal
2026-01-08 16:00:00,MTR-008,108.58091668769542,108.27121775711045,112.51494242533292,3.865345050770509,411.63551452975844,1476.5361442973867,0.6937018976911469,75.67730625856551,54.89540572485799,0.8669093974142303,normal
2026-01-08 20:00:00,MTR-008,109.92721840972418,111.35712278108399,111.10876140372233,1.290554190383498,421.96769012757574,1476.5221528023076,0.599741177814857,76.0614400405224,54.38324306153271,0.8708189667520079,normal
2026-01-09 00:00:00,MTR-008,108.67538053049965,108.09841046476146,106.744653184839,1.7903715046791917,414.95292864870544,1480.090701408152,0.9798558016945085,77.53265341655015,52.77929167811664,0.8903095361734915,normal
2026-01-09 04:00:00,MTR-008,110.409404023478,114.17246251582237,110.57933711125149,3.3682822934373724,414.85375622948334,1473.7732148053665,0.9481403631481302,80.15235746720982,52.67925404466507,0.8570502602590391,normal
2026-01-09 08:00:00,MTR-008,108.92565027138676,110.22326398548789,111.53310303518556,2.365522732519096,417.20803324126314,1478.6650893910387,0.9675897496918698,80.12080842215731,58.87182810144483,0.8705966189369698,normal
2026-01-09 12:00:00,MTR-008,108.55384599391385,107.60775510655084,109.43484206140207,1.6834523164089743,417.2772066715575,1474.791873821346,0.9394552772726856,74.70286480077425,53.745485074276864,0.8518569187861038,normal
2026-01-09 16:00:00,MTR-008,108.67028735213293,108.99485172238013,110.24690037330724,1.4424109195525823,401.6604291574967,1484.1071838995274,0.8902033932491408,76.6135333265661,56.22105678841865,0.8657323717116143,normal
2026-01-09 20:00:00,MTR-008,110.98428737996467,109.45609284956657,108.80152214374783,1.98890106679871,412.4145698514025,1477.6920065369488,0.8006717178485009,76.55967796085632,55.32526893980035,0.8731139535741201,normal
2026-01-10 00:00:00,MTR-008,109.81080116290953,114.71753656767329,107.30597649480903,6.700536763503706,409.3488456888349,1484.958502559017,0.9774202449131915,72.9368337429975,49.4496230777838,0.8751258315268856,normal
2026-01-10 04:00:00,MTR-008,109.16219750577771,108.27013717068365,106.96815189684557,2.0290157071971655,416.6012243726193,1483.340564060375,1.1294825232607726,79.13224189389982,58.58490164627718,0.8758902307964193,normal
2026-01-10 08:00:00,MTR-008,110.51119102720344,109.77273068519729,106.99417815862088,3.223875538847777,413.8444303426638,1478.0610481069077,0.8248156488834819,77.50768035136295,56.36816795755223,0.8739740403288685,normal
2026-01-10 12:00:00,MTR-008,109.18939050806325,108.94824674337507,111.30835416305348,2.1491602397818066,415.06155025800507,1476.7841210894617,0.7468889684687552,77.77371492673805,53.46465969139038,0.8758042194009624,normal
2026-01-10 16:00:00,MTR-008,112.20296832542982,110.97632770513748,105.1301157702863,6.462975748712732,406.6859210044379,1479.4193627524971,0.7297320870883142,80.69174211675127,54.94326699114081,0.8704573912900266,normal
2026-01-10 20:00:00,MTR-008,108.09555063277763,108.9794279909768,108.6966614761603,0.8139542391671217,413.760591101238,1479.6860601272253,0.7699904649999424,78.17661802656872,52.70163326519267,0.8595213369401102,normal
2026-01-11 00:00:00,MTR-008,109.63436681937954,107.7725114084379,108.50272246440903,1.713839120099955,419.46052100733124,1481.0384408318573,0.9303897786714111,77.13853907006796,58.65244095692227,0.8514834303631994,normal
2026-01-11 04:00:00,MTR-008,107.25290356651786,109.61809059950966,109.44822135184674,2.1744233135994206,420.63779793240866,1477.6703701314095,0.579055865466966,79.14415524200989,53.18468458351707,0.8645331217826279,normal
2026-01-11 08:00:00,MTR-008,109.32166785585937,109.4145187063725,106.36964496901365,2.809737730342327,417.8754536781628,1482.2391846205667,0.9658755636648488,80.11774369315113,53.95383200661068,0.8686538456693677,normal
2026-01-11 12:00:00,MTR-008,106.71537947115148,108.84183321709082,110.78982560749276,3.7455030916956185,409.6581388262075,1480.7959841649997,0.9965869515444234,78.59293513209845,53.54087784370482,0.8825393179717548,normal
2026-01-11 16:00:00,MTR-008,111.4594634218934,108.94632640926785,107.51026216253176,3.6129990301032295,420.0376072119685,1478.9788145298523,0.630288246008568,79.3783791973963,55.16075880041834,0.8689939832484381,normal
2026-01-11 20:00:00,MTR-008,111.49894069992202,112.31673844918951,112.21448194627591,0.7301110233096193,417.89600902000006,1477.863878033746,0.7531229345583601,77.70886470051423,57.74063300027863,0.8680343096578331,normal
2026-01-12 00:00:00,MTR-008,111.53348833972787,109.37473024765465,108.78410265538184,2.5017740849853323,414.53124386374185,1479.445345050704,0.9119521469768122,77.83628450728068,58.57874889819031,0.8738552712684178,normal
2026-01-12 04:00:00,MTR-008,110.05646173900784,107.78215034893107,109.81302342088335,2.0823745193991603,406.899854741961,1477.5492962445173,0.8784795404543404,78.22604142059765,54.20200771155541,0.867299880125488,normal
2026-01-12 08:00:00,MTR-008,108.27936454190026,109.09630655968029,110.0073799861524,1.583480365135694,418.8143798026501,1480.1753160846508,0.9779456202402886,76.49375809913468,55.75651796463585,0.8781054199894693,normal
2026-01-12 12:00:00,MTR-008,108.43488943068526,110.10625640073232,110.47762694781623,1.8625723084514847,412.63133468006646,1480.2563160556597,0.8788294767725451,76.86387677126079,55.163810825208145,0.8897933361838388,normal
2026-01-12 16:00:00,MTR-008,112.99233646354236,107.3868504885218,110.07238367154801,5.088932666691965,416.38466328421913,1480.785121850429,1.0897154290162447,80.75575928363695,53.03678147111189,0.891907855142107,normal
2026-01-12 20:00:00,MTR-008,112.8075463363196,113.17969023290141,109.16476159358952,3.5938278703278206,415.27357544254664,1485.2987272290156,0.8518245901434477,82.01591219172464,59.84511114919189,0.8709704062724449,normal
2026-01-13 00:00:00,MTR-008,110.23966341803707,111.69659986712338,110.6708504600239,1.3141057922794421,421.15357993775314,1479.6026658409012,0.7525450519920369,81.18439582807636,57.72551912459251,0.8733689236469545,normal
2026-01-13 04:00:00,MTR-008,108.99164900002069,112.79678225418783,110.91157661074568,3.431139011915817,414.49853205601,1483.0137936013734,0.7404837200607366,75.3534852864629,55.37823169942207,0.8857885612037348,normal
2026-01-13 08:00:00,MTR-008,112.67641913772154,110.76682833428703,108.50373665098563,3.771098415995698,414.9395456396562,1480.688762190927,1.0103202763922534,75.16028493083006,58.163752186997975,0.8685003797710373,normal
2026-01-13 12:00:00,MTR-008,108.64186048440304,105.90565831974558,110.83378595710384,4.543710009068521,421.3144615619145,1479.2852670943046,0.9044431712935375,75.61858113610968,57.42421342543561,0.8767919214192418,normal
2026-01-13 16:00:00,MTR-008,110.44752734027644,113.0024303792042,112.33047525802998,2.2826550817202147,412.36711102499925,1479.6425221901463,0.9950573851087793,78.26877488375897,55.16372268216351,0.8586483987031417,normal
2026-01-13 20:00:00,MTR-008,112.64382761944587,108.31124409656732,111.38041531682669,3.911033000021233,418.2572914056311,1479.8235207724958,0.9919683748843777,72.38255081528467,55.651927210655984,0.86689160851725,normal
2026-01-14 00:00:00,MTR-008,108.36449360065583,108.47039036728478,111.82331158366561,3.1572174646714446,414.20553710848617,1480.8393031231847,0.597022522085424,76.822396866761,58.02425228475331,0.8815611461664531,normal
2026-01-14 04:00:00,MTR-008,111.62159278969035,110.30570250373509,110.33620077119679,1.1881145249546166,410.9898321519803,1477.122037704343,0.7289876098464835,80.81419857832222,53.107692837740636,0.8628180436621238,normal
2026-01-14 08:00:00,MTR-008,111.0179855563169,112.69520503348829,108.16930579434246,4.0911159417463105,415.0046439468835,1475.603978849665,0.746906243924427,79.96487766145782,58.34738139464268,0.8687194882127032,normal
2026-01-14 12:00:00,MTR-008,109.92272320630272,112.0597615063958,108.41669527880175,3.307877060428329,417.7668204544319,1481.9628921804228,0.7775903717262357,76.98181069885298,54.54977487862977,0.8542579035439788,normal
2026-01-14 16:00:00,MTR-008,108.05728540613968,111.77228307945533,110.62555869269308,3.3726191858823764,420.41483935990607,1482.6943714977438,0.8369467010135211,77.13328911765872,58.049353485695136,0.8900576829450964,normal
2026-01-14 20:00:00,MTR-008,108.5833178024647,109.39020487437865,111.84362684029786,2.9655605015745627,420.8987759413827,1482.2369074984083,1.049872439192578,79.13448341361381,54.98954680507436,0.8826302806981691,normal
2026-01-15 00:00:00,MTR-008,110.56603765357463,109.35934528230877,115.44800552069948,5.446460972718723,413.8209437030979,1480.4649160556694,1.0797723528575849,79.8705375104884,55.67521244494594,0.8718809956615274,normal
2026-01-15 04:00:00,MTR-008,107.21658582334307,110.67651206182768,111.92000735801327,4.278260742127439,411.05100307187115,1482.3016738823599,0.8560663754695506,76.93372546452048,54.93138328685508,0.8750751287208233,normal
2026-01-15 08:00:00,MTR-008,110.25567687985792,109.7456392437122,107.71114785200488,2.3293551276487414,413.72504440169007,1482.1402870780514,0.8623078708012883,77.53126795656112,53.936312754377546,0.8739589810694337,normal
2026-01-15 12:00:00,MTR-008,111.05805525772058,111.73911057433295,108.49955585849604,2.9335225829939087,410.2738769866794,1482.362888076865,0.794184941391407,76.86798054295996,54.459890203711375,0.8838431175303079,normal
2026-01-15 16:00:00,MTR-008,111.92665278238223,111.62334121056844,114.45576719564728,2.5139447106924546,414.13045520233396,1477.4213775359738,0.9133781545857816,75.33730111724957,57.75822280633713,0.8648119995762863,normal
2026-01-15 20:00:00,MTR-008,107.2654350543889,111.15640080584885,109.58075053302319,3.5587820763048903,413.63333886552095,1476.709144608536,0.9303781324100905,77.56051250395637,50.37167203465506,0.8773226761992823,normal
2026-01-16 00:00:00,MTR-008,112.57399471444872,105.06034238231766,110.09291750797763,6.877962293242512,417.90996081662706,1478.8342922597433,1.0209713332503398,77.40814491958247,52.52206811039033,0.8807741649885217,normal
2026-01-16 04:00:00,MTR-008,113.31537749972965,110.25028835563553,108.12185135564417,4.697366534401282,406.1762592803425,1479.947847671372,1.0197658088973829,75.47871176802269,53.54905658128379,0.8821532597047645,normal
2026-01-16 08:00:00,MTR-008,110.80207417686213,109.78713018878939,113.06064665978963,2.9433699379209006,412.06556821565346,1479.274236618603,0.5546822923396424,79.29216187527545,52.84331041512796,0.847406291161683,normal
2026-01-16 12:00:00,MTR-008,107.97003832965844,110.32858339899641,110.97842938320478,2.740905608260284,412.0979267822323,1474.3699290059865,0.8771182578544323,78.96664135725177,58.01995922083098,0.8640072552173486,normal
2026-01-16 16:00:00,MTR-008,109.35836405831775,108.52487626239814,108.48522403080206,0.8025959517111301,419.74850900963213,1485.1650778364053,1.1076150046335156,79.39143940169015,57.51535395570641,0.859808293786981,normal
2026-01-16 20:00:00,MTR-008,109.90692094287937,107.40930755299706,108.05651943512356,2.302848107990862,410.5446224903959,1479.1778620333428,0.8342827609042625,76.46385928907127,56.18406361878923,0.8714958828557069,normal
2026-01-17 00:00:00,MTR-008,110.52890641707309,110.90569302750674,110.60075438308917,0.34043357680749775,415.906629438596,1480.518113249731,1.0708862727544932,74.0328486437707,53.72439186504493,0.8498396978048572,normal
2026-01-17 04:00:00,MTR-008,110.04298614739193,109.3032329786573,110.08644763087733,0.7132395156166373,414.4874863423209,1483.733646972289,0.8540322299983217,78.9346622592913,57.67010373358827,0.849543771090544,normal
2026-01-17 08:00:00,MTR-008,110.54983405721615,111.12384407658375,111.62723775812131,0.969757641999279,419.17217010734555,1472.9650831914364,0.9262385201162946,76.67177457074057,51.82374014800891,0.8917009499187626,normal
2026-01-17 12:00:00,MTR-008,109.82253967453683,108.68798966141645,111.06962723633764,2.1678831635594467,417.3833274580422,1478.4649183842648,0.7294663961401276,76.21866373350859,59.283965280295874,0.8761768938826334,normal
2026-01-17 16:00:00,MTR-008,110.51843165149062,112.76889191918568,109.48279398463025,2.9624937107004006,415.48497492728154,1478.8386481792606,0.7351127163650228,75.48589385071311,53.6307404056449,0.8712100924319881,normal
2026-01-17 20:00:00,MTR-008,109.09942086528454,111.9576379143606,108.93656576887555,2.7464822839698644,412.78133250164774,1478.9910698636481,1.0088237358394523,77.4493549438257,54.475929556317126,0.8736367264783899,normal
2026-01-18 00:00:00,MTR-008,109.33865708678984,110.58046190115638,109.68722424332672,1.1302617560626398,407.5906299875605,1479.4795402278583,1.0322727420300997,81.15465459410095,54.14131229901057,0.8714634092374918,normal
2026-01-18 04:00:00,MTR-008,108.87355077773452,109.58290265826749,108.92311301098233,0.6500270205298556,415.9883426227496,1484.3414043953346,0.903964335930074,76.98910095728897,52.85378517180265,0.8799735065655152,normal
2026-01-18 08:00:00,MTR-008,113.7493075341413,111.66693291658314,109.74539540251513,3.5838637570495067,417.1219591941195,1482.0203766271816,0.7158713636042413,75.82039391166613,58.85022624787384,0.8636755580793603,normal
2026-01-18 12:00:00,MTR-008,112.86273931518534,110.76764906090871,110.03215114930012,2.5450158443721147,408.7005295501014,1482.8741058058865,0.9065706834910822,79.30386680206006,56.577789261568974,0.8718661482607357,normal
2026-01-18 16:00:00,MTR-008,111.08590863824885,110.4665646341754,108.24404625294567,2.585105254651944,410.0652233426858,1480.1413608154328,1.0885852441011417,78.34562455954257,57.43094108415958,0.8722742126793771,normal
2026-01-18 20:00:00,MTR-008,112.59171537243469,112.03938124536101,111.23332950810253,1.2133340943553586,416.0093198934867,1475.8018808615634,1.161429970507764,73.76139726462358,52.55266145587846,0.8595314204154166,normal
2026-01-19 00:00:00,MTR-008,111.56143550733452,112.78967070195077,109.27560802503709,3.1598752680628417,416.35656674483147,1473.760908894562,0.8524938101511128,79.32469263950658,55.361875654007996,0.8827698305906305,normal
2026-01-19 04:00:00,MTR-008,110.35448582304971,107.55084035033939,108.35364838166421,2.577993886482873,411.03741075963177,1475.4117768303051,0.6510198224613315,82.2569355370032,56.042057378662804,0.8655432326009859,normal
2026-01-19 08:00:00,MTR-008,107.05577159978372,107.94591552340482,109.3124121402488,2.0874583117942302,412.70374114572786,1481.0792971124981,1.0260545399332168,72.79892814514196,55.541513047099684,0.880174216698089,normal
2026-01-19 12:00:00,MTR-008,109.48732388953306,108.47415680350812,110.47374928405745,1.8264719780719811,407.6540446457183,1480.095309138093,0.8586055355317499,75.52858795195576,52.679253097864,0.8711491272637149,normal
2026-01-19 16:00:00,MTR-008,109.34481478894189,107.06192523127483,110.16238581296824,2.848212218883019,420.5090556152529,1479.369509057332,1.041456096234156,72.30294582269678,57.15100004226127,0.8863358483240906,normal
2026-01-19 20:00:00,MTR-008,107.78420855039757,109.87729177222033,110.82547542470206,2.7775227928463555,409.8005023705262,1478.8942692797796,0.9421608337526429,77.84939115851833,55.24310016557031,0.8595862091147848,normal
2026-01-20 00:00:00,MTR-008,107.09372710743595,111.1735610680337,111.75676575570326,4.238817073533483,417.1690375649942,1486.0351647263283,0.7674833841357225,79.9807724732227,53.090071928713996,0.8591524119848954,normal
2026-01-20 04:00:00,MTR-008,110.96354005550884,109.95811533431544,112.55188306561571,2.3334094902827176,414.8601572153865,1477.5312892270706,0.9087366540989071,78.21100149959256,51.28949892089467,0.8609430440899569,normal
2026-01-20 08:00:00,MTR-008,110.63458623041403,108.95549545640145,110.55828405147886,1.525760186870268,420.158374478499,1482.7834583683482,1.0962507550581493,80.78399139622533,56.21333302697976,0.8713329555051438,normal
2026-01-20 12:00:00,MTR-008,107.71709035009,112.20285072505257,107.90872422051726,4.104973893222835,411.830983628901,1480.005738808063,0.8776269016549134,79.66110058066027,59.900911468263004,0.885414683957782,normal
2026-01-20 16:00:00,MTR-008,108.54139314296923,110.27486585515986,109.47373887505185,1.5840927747609386,415.24501084136153,1479.817181464642,0.7447792254831934,81.40429464700435,52.969491453307434,0.8859309361816525,normal
2026-01-20 20:00:00,MTR-008,112.27083466750148,110.67072224729414,108.03599960387322,3.8384793593000497,408.2062923630506,1483.5299126458503,0.6617033747105016,80.32042153621418,55.340894100825935,0.8469003139956156,normal
2026-01-21 00:00:00,MTR-008,108.28361570690095,112.2571702851373,113.31829241081513,4.5240735055037735,407.24589265224097,1484.3875911480743,0.7841752969703023,77.194113862781,57.22099455818315,0.8724970716122253,normal
2026-01-21 04:00:00,MTR-008,110.33400674547055,109.75899354180223,113.886472836942,3.7075445893688252,417.3853343354619,1479.2813516293454,0.8384795607343527,78.13345291246968,52.4606954677974,0.8378704638948498,normal
2026-01-21 08:00:00,MTR-008,109.62887799195595,114.02886307535493,111.27171967510395,3.9411150099897276,407.8598966437212,1482.3976081577264,1.0229998703875889,76.26264616903805,54.04008646182995,0.8779503179378504,normal
2026-01-21 12:00:00,MTR-008,110.99022189896581,109.12427288131744,111.67876395893855,2.309713362466642,414.08712986226186,1481.0916740864502,0.7318726098282567,77.5386876622639,53.2796824414772,0.8811816941489521,normal
2026-01-21 16:00:00,MTR-008,108.32583392369409,113.90709871104745,110.4907333556628,5.03234247321108,419.04518179189165,1480.0223114164298,1.1330627828594453,78.12366334403625,56.96935338964909,0.8695975572530782,normal
2026-01-21 20:00:00,MTR-008,110.17616324496733,108.09385119981572,110.71584267912333,2.3909764713564137,417.9867394243787,1480.612764827971,0.6994271683738214,77.83018535292929,57.65104513870812,0.8708398157749475,normal
2026-01-22 00:00:00,MTR-008,110.32994637347639,111.01197047674397,106.87608952860083,3.7803053468397527,412.3416580482056,1477.9359735554656,1.2497229138835255,80.68450705260722,55.31807252946347,0.8707363889294024,normal
2026-01-22 04:00:00,MTR-008,110.45013135440381,108.74349264766781,109.85542115238648,1.5559735533663914,408.6459874543673,1479.0817018200069,1.1588277835131706,77.33966387498634,53.3165318620118,0.8621555808125876,normal
2026-01-22 08:00:00,MTR-008,110.154633322238,112.18937373987414,108.27685623363398,3.550154821361363,417.0379794466221,1478.2580941607418,0.9211749374081988,76.13582717288529,54.11441812414431,0.8743170578532148,normal
2026-01-22 12:00:00,MTR-008,110.67390267138404,109.06478956685463,110.55020834007503,1.4615505713743007,420.3690271314407,1482.7041301492868,0.6528459697845612,76.26077793019363,53.739002971506494,0.8676859199834674,normal
2026-01-22 16:00:00,MTR-008,114.28612864934381,110.5688147728151,109.88342963568465,3.9457971072516056,412.3510476853375,1479.7143966533768,0.8916863907026368,79.31020054324506,53.04546227675399,0.8793029170928962,normal
2026-01-22 20:00:00,MTR-008,115.00876009679683,108.72782898551871,113.80711850414352,5.5823269432471765,411.78674856637156,1476.1068579261548,0.8419738563020241,75.193723183822,54.79592359836307,0.8688637306548077,normal
2026-01-23 00:00:00,MTR-008,108.74997732468374,111.83279589517026,111.792516369058,2.7825340815492736,412.900392148524,1477.8296883305106,0.7088569165423615,77.59762765969816,56.149652968923725,0.8613897689351174,normal
2026-01-23 04:00:00,MTR-008,105.466547060644,108.71764197919457,110.55637898804233,4.702059824223745,417.28643484322845,1470.4022060643636,0.9436514440871163,80.65500049091084,55.98051488885704,0.8546413532913449,normal
2026-01-23 08:00:00,MTR-008,111.16452414363408,113.29201125194122,109.47798461181584,3.426444178374514,419.91407042565965,1478.5165221943535,0.7764535305216534,78.58519689148166,54.983535270860976,0.8513593517494429,normal
2026-01-23 12:00:00,MTR-008,110.36422703269581,108.05227232416439,113.27755307490831,4.725994372617332,410.0415727544779,1480.1129351952914,0.7927641229425628,77.8507892217625,55.11410767365073,0.8831250934395444,normal
2026-01-23 16:00:00,MTR-008,112.07492630240344,107.36854984860274,109.94142202535257,4.286513874671467,409.0068727627014,1479.591592453399,0.8694482048141468,77.92817919272314,54.83689840982044,0.8654221064714098,normal
2026-01-23 20:00:00,MTR-008,110.55711020388773,111.860812952688,110.648606858309,1.1742723732180473,424.3599852877298,1485.9404630545941,0.8137636756941445,75.94087081554565,52.40557692166745,0.8733857419008165,normal
2026-01-24 00:00:00,MTR-008,110.11460325951697,108.84300799237356,110.08262144865692,1.1593675855748584,414.29070884843986,1481.7247181227451,1.2117234925665044,76.28573057913091,55.32026979396574,0.8878322989174452,normal
2026-01-24 04:00:00,MTR-008,112.20763956527101,109.98584703147647,109.20965458439457,2.7139015371351896,416.01157118276126,1481.5913555592674,0.8196428050500676,77.60963665417084,53.8327488290907,0.864371956687021,normal
2026-01-24 08:00:00,MTR-008,112.48117092845374,109.36983952138792,110.07138994599835,2.8121013255104312,412.2322766375294,1475.0701928962892,0.9661321517091713,78.54254606021858,52.305313561681125,0.8637252251561884,normal
2026-01-24 12:00:00,MTR-008,107.28850477393938,107.43312161090141,106.16326482534018,1.1872077685915128,416.9598492378109,1478.9060738376486,0.9218283738315542,79.89630002360423,55.741411134231164,0.8686783824764468,normal
2026-01-24 16:00:00,MTR-008,108.40308123403815,109.8494346123517,106.9733741486839,2.652981099116705,418.8402434988061,1478.540011578029,0.9529125337888308,78.18512123434287,53.77653992716291,0.8702943270042,normal
2026-01-24 20:00:00,MTR-008,109.79350710183547,112.47361330572362,110.68372194815394,2.4148665775335196,416.19918468629174,1477.641756403576,0.9643632605416398,80.7055483515085,55.45550784251767,0.8888755135025584,normal
2026-01-25 00:00:00,MTR-008,110.19250024234141,111.96169013979755,113.06670161703153,2.5722156136055165,421.96343230805775,1477.6003580034599,1.0322042229909183,81.21039603041905,56.69527563013885,0.8856582059409411,normal
2026-01-25 04:00:00,MTR-008,109.55807729122228,110.4532836246907,110.68096571477082,1.018670528272569,413.69302164023566,1474.5756311381751,0.9399669113427964,79.5905344249644,53.099522557709534,0.8762087541590675,normal
2026-01-25 08:00:00,MTR-008,110.84911625892991,112.1751024397131,108.59127868375765,3.2421498249426945,413.9484701078585,1476.172440385956,0.9337343692329481,80.44996281611176,55.18424256414594,0.8844941376899687,normal
2026-01-25 12:00:00,MTR-008,111.94793825466455,107.92805254548695,107.17841932537944,4.374977479240652,415.92562540510966,1482.6222802082948,0.9087715602702209,76.01857295722381,51.37915423653928,0.8682178098743214,normal
2026-01-25 16:00:00,MTR-008,113.36885454540942,109.36355597903021,111.53418664270792,3.5947042872277097,416.8598465820244,1479.5712559240205,0.8792373221490039,75.70160213062387,58.065066181218555,0.8729916456718848,normal
2026-01-25 20:00:00,MTR-008,111.13209657982256,110.7740185507613,108.89081837134825,2.0326169756902135,415.91178904825045,1478.480792745177,0.7632303177508984,79.03594675258033,52.281867006222434,0.866984863554613,normal
2026-01-26 00:00:00,MTR-008,108.33321413991392,109.74496656089099,111.25788259628057,2.6641495866746716,409.86233989217965,1479.983765996042,0.8908697433869698,75.31758037626591,53.97036067520525,0.8570963161742036,normal
2026-01-26 04:00:00,MTR-008,109.7117976040576,109.51732326484584,110.76240297577296,1.1319197200166522,416.25006066478227,1483.5021720361035,0.93619010628983,77.41925631196813,57.676759807527915,0.882038747417936,normal
2026-01-26 08:00:00,MTR-008,109.85264450598132,107.65207447901652,110.93534298929806,2.9989659214031845,413.5033056607862,1480.0126315626273,0.9603246834859193,79.54238381065947,54.53095414783803,0.8753169873398986,normal
2026-01-26 12:00:00,MTR-008,111.0064075804076,105.92982128443202,110.0657100054914,4.6573910052459695,412.6760919437014,1481.621122392793,0.9270427159485355,80.82674584937041,52.6052046273994,0.8701807347342366,normal
2026-01-26 16:00:00,MTR-008,110.75908415427082,111.59938323101262,110.75023790838507,0.7647461406440369,415.129928219013,1477.4601854728353,0.8650567479827199,77.49156869942387,56.42614646457307,0.8699753215068783,normal
2026-01-26 20:00:00,MTR-008,114.00966456217363,110.47563329880435,109.76640028198761,3.808445225942657,411.15390925068317,1478.1441101477599,0.8914380145206153,76.70011140938462,56.38106492430237,0.8549378512909349,normal
2026-01-27 00:00:00,MTR-008,109.0974854243904,111.76390793961085,108.75762277723551,2.7361453816310046,410.45843470450706,1481.061930655191,0.8169530273173812,78.64092324302317,53.73362732126953,0.8602252466684729,normal
2026-01-27 04:00:00,MTR-008,110.75240104381064,109.14496082422362,108.11582405943528,2.4114063984229777,404.5381241599846,1485.6779611250113,0.9469835986509846,75.85291311295222,53.9501469584392,0.8733615317011403,normal
2026-01-27 08:00:00,MTR-008,114.60476895558844,108.60612324744827,105.33598279507898,8.463437213240233,421.9889493140396,1484.2893245785447,0.8668307658128818,77.65344270341315,54.129182058763824,0.864708873327255,normal
2026-01-27 12:00:00,MTR-008,108.85559540161074,110.01280491253387,109.64583018907562,1.0567665599908744,417.222925276412,1481.7484842083684,0.9270841407296205,77.98399990344744,54.58595207862794,0.8678228695878251,normal
2026-01-27 16:00:00,MTR-008,110.28384633917759,111.6704348683984,112.9712284466616,2.4071460937015643,414.5329435147748,1480.4543012804822,1.050120456507383,77.9440320146584,51.214057846156386,0.868953439352209,normal
2026-01-27 20:00:00,MTR-008,108.15223368669082,109.54738233513525,111.42771218096242,2.9856030298281184,412.33110705245343,1484.2032080668814,0.793596163553637,78.17700694763576,54.6371522777638,0.8631753123098289,normal
2026-01-28 00:00:00,MTR-008,110.16052549260475,111.56793547157571,110.44529783168632,1.2710907544950294,403.4958708718143,1482.3840349691354,0.9895043071365727,76.33097028885571,58.567828396366295,0.8603208167997595,normal
2026-01-28 04:00:00,MTR-008,108.47424202141973,108.0321087890624,108.56461245561232,0.4914345420455356,412.08588449511404,1473.119013932888,0.904981526982806,76.54601401476316,53.20806006552659,0.8538764236907462,normal
2026-01-28 08:00:00,MTR-008,112.04707732238307,109.68428116180115,111.95035226370663,2.1242963738882628,417.8634653486563,1476.8382074564342,1.2031790399371132,76.50576747793475,53.83301281306047,0.8685348172098846,normal
2026-01-28 12:00:00,MTR-008,110.28809021321695,109.86288789602519,109.76668401247409,0.47412393509611267,418.7686972143755,1481.0144209760738,0.8675549507304736,74.75981132160989,52.632764673607205,0.8761860854761029,normal
2026-01-28 16:00:00,MTR-008,108.17077869159019,112.39827366811397,113.07987154696526,4.4140045151906,417.56916797441323,1474.6390973033472,1.00427468747266,78.6836606436922,56.22432385279071,0.8535636585778005,normal
2026-01-28 20:00:00,MTR-008,111.64377683123705,110.40602691167555,108.08142935177929,3.237210347591648,415.63356782300986,1477.3072329857293,0.9023030177633966,79.78931490338401,57.40639471628475,0.8697595217490017,normal
2026-01-29 00:00:00,MTR-008,110.35134692045999,113.41455159133088,108.5333929230757,4.406712978994056,420.2154965837255,1477.9005551690261,0.691754323752976,79.59262016570707,57.36063567835525,0.8728114325269156,normal
2026-01-29 04:00:00,MTR-008,111.86329005323698,107.36452750232492,108.34311655352606,4.120111477363752,413.68585111164583,1479.2315022812625,0.8218966356721283,77.47500627907849,52.50397882221268,0.8601041959627086,normal
2026-01-29 08:00:00,MTR-008,107.75568197201329,110.25406363529316,107.10163518670682,2.9089370303376345,419.3407556645374,1479.1377093753213,1.032070665814259,76.37798952107222,55.99958346099392,0.8842214181154808,normal
2026-01-29 12:00:00,MTR-008,110.72125662839738,110.3508228321751,108.16755706006944,2.3269065614168576,413.4616702251191,1479.1326387184995,0.835095830908759,79.48862928472538,57.86750006842847,0.8661428463096159,normal
2026-01-29 16:00:00,MTR-008,111.51231264730521,111.21262669750321,110.20184513020891,1.1808609984589293,411.47543476448897,1482.475922551721,0.5669615527740579,79.2778460447491,56.01932621542024,0.8689874031154349,normal
2026-01-29 20:00:00,MTR-008,109.17206179687234,108.40942945761105,108.607251329181,0.7014028134944106,410.97714807830994,1479.2043284036483,0.8952895474613245,78.43484128487259,55.956819366687554,0.8683873049940202,normal
2026-01-30 00:00:00,MTR-008,107.53795022281784,113.29402839707008,102.45864380059616,10.054777817570905,410.7420143153082,1478.8461096037863,0.7361495553073485,81.48862250484655,54.05671484272968,0.8522922557740894,normal
2026-01-30 04:00:00,MTR-008,109.91863423127568,110.025351707767,112.1008011149549,1.971571578978919,417.6362721152099,1475.9524836875694,0.9197726598895078,77.94714895726588,55.44021964758733,0.8800875207168405,normal
2026-01-30 08:00:00,MTR-008,112.40164768561604,107.87417908581617,106.70666115149841,5.225038108579014,412.0290177156117,1483.0730386059574,1.1326720622097028,77.48622003215023,57.47263635941281,0.8604448123158076,normal
2026-01-30 12:00:00,MTR-008,112.20181931323994,109.96866224096892,111.15226864600054,2.0099051783261173,410.8678846198602,1477.9855074581576,1.0154185966204357,77.2003653378508,55.65641793685753,0.8676347948459426,normal
2026-01-30 16:00:00,MTR-008,109.16218439425576,109.38759524414556,110.06104186424271,0.8205975681598646,417.85494087864544,1476.7389090159961,1.1304983743109966,74.87824458703838,52.50345048794055,0.8759766100127799,normal
2026-01-30 20:00:00,MTR-008,107.49085514664162,115.44277094483922,114.14064017433311,7.077297136584247,416.3118815618889,1480.639271724607,0.8157731967833263,79.32267992828459,54.08791665142806,0.8846090342614453,normal
2026-01-31 00:00:00,MTR-008,109.1568041024275,112.05322303907114,111.94960574164423,2.608136146247561,418.85036793138323,1477.6991762128507,0.8785250499546702,77.78902926568445,57.418559077777985,0.8592006771810317,overload
2026-01-31 04:00:00,MTR-008,109.33036452689737,110.3436141394914,109.25971627938027,0.9885559400867917,417.0503980450912,1478.296091360449,0.7433345704788331,79.3559969364951,55.64948664070219,0.8655351641440557,overload
2026-01-31 08:00:00,MTR-008,111.36604868623111,110.27413790337889,109.1200728991625,2.037103058154592,411.98755367921075,1480.523279682621,0.7973934832439857,82.35602491174551,55.23812415648615,0.8838241863000715,overload
2026-01-31 12:00:00,MTR-008,110.5341595259735,112.5993403293942,113.67816326299348,2.8003814130823,415.30440966587435,1478.6424008681572,0.7609672751570731,78.2268998215353,53.8919689335066,0.8746371387927545,overload
2026-01-31 16:00:00,MTR-008,109.51294438369536,112.93932484462316,108.09984647453857,4.392177336207044,415.5005319630787,1486.4306264452298,0.7039915546182064,74.66852038154295,57.37719836106887,0.876711713590516,overload
2026-01-31 20:00:00,MTR-008,113.39194077317529,105.53879537719405,111.60576931632879,7.127635162318664,411.323365366104,1479.145262269202,1.1048784937997012,80.6428130079291,58.324825195644515,0.8594886826422383,overload
2026-02-01 00:00:00,MTR-008,111.75360218186411,112.73640043256161,111.22257824628373,1.3527841426705225,410.581500103624,1481.0972121356292,0.5862059557460366,80.35052550247443,57.52637824603607,0.8662079047007344,overload
2026-02-01 04:00:00,MTR-008,112.57696969475226,111.78018032652551,111.0542925506115,1.3619187817193206,412.27711356352916,1473.2925649163446,1.1055208357206836,78.88803342452796,57.88518324289075,0.8683216456761957,overload
2026-02-01 08:00:00,MTR-008,108.5986839465504,109.40797421069034,112.6633050317729,3.6876234956657927,423.14632942668834,1476.4096492429112,1.0869088387380348,81.4836083014951,54.282587518467665,0.8614210524265703,overload
2026-02-01 12:00:00,MTR-008,107.47770275892775,113.93979504577861,112.58918223328607,5.804158425318753,413.3490236231138,1475.6048051337373,0.9749689013218497,82.59740272424237,53.999661805252195,0.853254303743261,overload
2026-02-01 16:00:00,MTR-008,109.6537853551287,116.85753144313392,113.3594585580794,6.3586633011788285,419.93146716554685,1475.8763566284113,0.7328239097858896,79.46812471739203,54.68730965300163,0.864895014412364,overload
2026-02-01 20:00:00,MTR-008,111.77175522820652,113.80033000096742,112.98325920290351,1.7975567121799374,413.1253579620808,1479.8600593596623,0.662673733283519,81.09481526878987,55.07714648395251,0.8835428819958443,overload
2026-02-02 00:00:00,MTR-008,114.08507940549987,115.10993214702407,113.77478238531104,1.167872318769007,418.55535527816,1481.5940901613155,0.8177394478104654,84.98712090507601,57.86203956025051,0.8705917346556049,overload
2026-02-02 04:00:00,MTR-008,108.62408791280949,116.73253690589192,113.38706261444999,7.181048055411433,418.6099666222314,1479.3952360517185,0.9937680684509886,80.92650351670093,57.33177347893683,0.8837429091357337,overload
2026-02-02 08:00:00,MTR-008,116.56589109581763,111.82735663074877,112.1614344793783,4.174249874682373,418.81036203180815,1477.555360246948,0.9004595456161012,82.83922186376874,56.07693877450899,0.8717902091422952,overload
2026-02-02 12:00:00,MTR-008,114.031030332836,110.06489483215911,113.70530367828154,3.5223100113560974,416.55130936803585,1476.2166785813417,0.7434750757357864,77.79319447463492,52.13762646830622,0.8623529227041203,overload
2026-02-02 16:00:00,MTR-008,116.60411002169401,115.22851567039721,112.546954985393,3.5343167225416203,420.5094663151246,1481.3239925308703,1.0722307176984736,80.4144602583416,51.62395631080625,0.8827761901323172,overload
2026-02-02 20:00:00,MTR-008,112.45791247363789,113.70625807476846,112.6644063856692,1.1052895352803596,416.5134158774109,1484.0709092196075,1.1526574992272307,84.0293207089513,55.48092548960341,0.872123261406679,overload
2026-02-03 00:00:00,MTR-008,115.42230088340884,111.74970226083384,113.77961478460125,3.2314836734472925,421.8541189173611,1478.1362595513258,0.8660101253978104,86.50639578723843,56.76052641120143,0.879618388324274,overload
2026-02-03 04:00:00,MTR-008,114.85007876352084,114.53060773646797,114.44993476391676,0.34913469731099456,408.52032078724625,1480.4231312090214,0.9164005355396019,81.66249525784674,54.84086590202772,0.8593167182887943,overload
2026-02-03 08:00:00,MTR-008,116.52900300099108,116.35273129754162,114.99885703232012,1.3195441253137188,416.3931449906673,1478.5091026460252,0.6736726974555756,84.87181719975125,58.82980900995681,0.8803875628961451,overload
2026-02-03 12:00:00,MTR-008,114.71927858048473,114.88514822158498,116.96850029507914,1.9469683337070873,416.13329437014266,1479.6194558958673,0.8378419925836448,84.30738771130433,52.83511791243913,0.8806888927554419,overload
2026-02-03 16:00:00,MTR-008,116.34836781862325,113.88428404312654,114.44819498181741,2.144665534561911,411.25392061677803,1473.7332504219721,0.9765659967001491,87.30113409317826,52.5832961010088,0.8728976714435653,overload
2026-02-03 20:00:00,MTR-008,117.8248719660452,115.23238731364611,116.05442266555448,2.2277839325975473,417.31833688705495,1475.6364314957082,0.9532284810386666,83.29548582632962,53.67143805105136,0.8619307791419022,overload
2026-02-04 00:00:00,MTR-008,114.64255496738849,115.87787907663198,116.14677613826697,1.3017278185215597,409.03966929769354,1478.161198236103,0.823849822618544,86.92738218749128,53.595405573617526,0.8695399117128739,overload
2026-02-04 04:00:00,MTR-008,116.63618704064083,112.38925522797007,114.97225855717187,3.703744358589437,412.3832626969587,1480.4862123280443,0.858863473728533,85.0959799705453,56.05257173736396,0.8761129114723825,overload
2026-02-04 08:00:00,MTR-008,112.71714409931047,116.12975923256704,116.55316778957142,3.3318091201945315,407.00364874840875,1474.2682864107173,0.8329183895183172,87.18557184797227,54.15657629631299,0.8723457001993653,overload
2026-02-04 12:00:00,MTR-008,118.02924586659785,114.02652970601284,118.61633961899848,3.9265824519389683,421.23450606785127,1470.4967413223417,0.8582302929422423,87.21349235671778,51.90431907744268,0.8760108273810776,overload
2026-02-04 16:00:00,MTR-008,120.72441198041815,118.19072264604387,117.26668405288571,2.912328265675959,414.0738020242188,1474.9757949559703,0.963485220377719,86.90820655759711,56.783156913390236,0.8801224590765291,overload
2026-02-04 20:00:00,MTR-008,114.71489555704494,114.09575390260602,117.59155684496247,3.0275236809107104,423.6675361392652,1479.374929958171,0.6048694371946317,88.70352285220262,51.48009614785574,0.8635155334662807,overload
2026-02-05 00:00:00,MTR-008,117.21625685168975,119.37533384987067,116.01564924712761,2.8584364319053392,418.21179970607795,1471.4668006216943,0.8888475727788117,88.1713390820513,52.85756355397858,0.8584492437903986,overload
2026-02-05 04:00:00,MTR-008,119.36328668219844,116.84131155839246,121.49166944721148,3.9002569852458064,416.7923928534041,1472.5616772983951,0.9524963303438534,88.1545554630735,51.75458685851226,0.8696246119862776,overload
2026-02-05 08:00:00,MTR-008,117.94939379685187,116.82613602216311,116.62005828010882,1.134905128377471,412.65508922287603,1476.434142312775,0.8144272971538384,88.04346945296292,55.414242554141744,0.8667025684113013,overload
2026-02-05 12:00:00,MTR-008,118.45731512665492,118.71027610512535,114.87301056977532,3.2700195793152447,410.8145998572503,1475.4924223761693,0.8281000434052678,89.2476337542806,55.37209542430242,0.8778584641315615,overload
2026-02-05 16:00:00,MTR-008,117.6163312508617,116.6873739102933,120.06309021604551,2.857815418760362,417.09188629558776,1477.4976851589454,0.8324408338776826,89.87265852486358,58.832908642032706,0.8592550161034119,overload
2026-02-05 20:00:00,MTR-008,117.79017546324245,119.17255378846872,118.40291988063524,1.1670050230809792,414.71394396290805,1471.902055012781,0.828142503969426,87.7864217221917,56.8276533122911,0.8802038187417768,overload
2026-02-06 00:00:00,MTR-008,118.70441434615385,117.44227019821912,118.2813344633132,1.0683219837995055,409.6429187380588,1474.4872490914436,0.9008825666775561,89.4018978602997,57.8832923666844,0.8835361210954676,overload
2026-02-06 04:00:00,MTR-008,119.20193896034422,118.03172291072549,118.0535874531336,0.9881154349146619,408.93256633396675,1478.9216906609909,0.9193504137020676,88.32660290065363,55.57721930259699,0.8700030496426229,overload
2026-02-06 08:00:00,MTR-008,117.0565727560714,120.15963937651068,123.0271887107069,4.972151556968667,411.1651850834257,1471.6313954527031,0.5849228525649302,90.6934183981359,53.046136357818874,0.8706073612558131,overload
2026-02-06 12:00:00,MTR-008,119.48433571674569,117.38688749884847,120.30686636742263,2.4525403044596517,422.2838689010649,1479.5147705023762,0.9979320557208432,89.92457928777092,55.25621520398699,0.8623245349876985,overload
2026-02-06 16:00:00,MTR-008,122.9272992355115,117.38746214303353,120.93501303325253,4.600559627890288,423.8531116720452,1471.7557322356113,0.8565001673479562,92.98694444722301,56.18484201477462,0.8645733910102593,overload
2026-02-06 20:00:00,MTR-008,119.28680315845696,120.5918613470777,120.42444646314723,1.0866335723097642,415.81995658923563,1477.380077505242,1.1899444763202802,93.12696656055539,56.40761476450315,0.8659166331935432,overload
2026-02-07 00:00:00,MTR-008,117.93342032107131,120.30033702049136,120.88103819831898,2.46240303701465,415.59577118496514,1473.5870068223019,0.7212527191651937,90.2721499316948,54.05517571178331,0.8844294006783793,overload
2026-02-07 04:00:00,MTR-008,120.30333724295913,120.92932781020428,123.33452790322656,2.494347312784688,413.65471851268194,1471.145107159856,0.7699028236868503,92.44916682180809,55.977572947564795,0.8692812921418922,overload
2026-02-07 08:00:00,MTR-008,119.4484733205293,121.4866551049387,120.35537814894931,1.6924179412305582,411.26205860676197,1472.9630843711473,0.8695636532125108,94.06694912488328,53.13394405831747,0.8567782704335999,overload
2026-02-07 12:00:00,MTR-008,118.47523518304924,121.20463805779023,118.24331466354938,2.482088471198939,420.50071623042896,1475.962518656974,0.9619838174529054,92.77543377984001,52.91344481177857,0.87255354342112,overload
2026-02-07 16:00:00,MTR-008,121.61108723272905,122.52809448332086,123.03646467583069,1.1646012940469008,422.49430557558856,1474.1811186875643,0.6073849008942748,92.0057498243385,52.76843057722903,0.8782629012462227,overload
2026-02-07 20:00:00,MTR-008,120.19643818990735,121.77597624598329,122.55676177094348,1.9424976669331493,411.42632365664286,1477.431038486431,0.775634992182584,91.6135122716415,55.04925197711359,0.8697458863067841,overload
2026-02-08 00:00:00,MTR-008,120.61026951348506,117.90653848041087,122.04309329608444,3.4417760828706823,414.6686464863016,1478.2568000147376,0.9886980240860765,95.84298890466933,52.644327289847396,0.8846921343972699,overload
2026-02-08 04:00:00,MTR-008,122.378467138636,118.66034594298806,122.99901548935358,3.5754549713118053,413.2005347971593,1470.274437415811,0.7577814080351186,96.27601453186405,54.15051122025798,0.877775086672659,overload
2026-02-08 08:00:00,MTR-008,119.32672187439134,126.09514170223999,121.59991905230241,5.532439883568152,413.3190437005401,1469.9286715568655,1.1055039564564342,94.39082749132753,56.80583310282792,0.8595087127011215,overload
2026-02-08 12:00:00,MTR-008,119.16569236649303,122.57156911145479,122.61189406678801,2.8375542919614456,419.74363302171946,1469.6570472505662,0.8319174601726391,96.67513231191049,52.94174064384339,0.864485671876036,overload
2026-02-08 16:00:00,MTR-008,124.12985501789434,124.676177512004,122.56038000776452,1.7091994047993528,409.75215381853553,1470.7477898631164,0.7650940197987155,89.54857053686797,53.99137593299137,0.8722622628142461,overload
2026-02-08 20:00:00,MTR-008,119.2885733955588,122.38838257708184,121.90773762314721,2.5577060058825483,416.86587876374523,1476.6319712935517,0.9915366386684279,98.47023535183865,55.14326255355234,0.8533381076197339,overload
2026-02-09 00:00:00,MTR-008,121.4009768767024,123.19747262959976,125.63641781226434,3.431962769663381,417.9129524292235,1474.8743631629245,1.1411426080236668,95.83737089364732,55.493773803064535,0.8733635673747061,overload
2026-02-09 04:00:00,MTR-008,120.03773676665028,122.6708432008358,120.79567276445952,2.1731023071088136,414.43139530559273,1471.432144171989,0.9624594388115845,96.77094807958218,54.00141881838888,0.8523841757274535,overload
2026-02-09 08:00:00,MTR-008,122.85325470012306,128.626179461263,128.42075781572836,4.558769552941722,418.5722713079471,1472.9078686987198,1.0890644098834887,96.18249396443277,56.57372013747032,0.8802343345556451,overload
2026-02-09 12:00:00,MTR-008,124.88751283014061,124.54564979402376,125.76615071051543,0.9758820497117858,415.5906073621498,1477.028042565918,1.1514953010955447,99.95107882928123,56.18090460156945,0.8790727368479171,overload
2026-02-09 16:00:00,MTR-008,124.51660186725033,123.25097441896156,120.81998883297797,3.0087393477940494,419.86851968462446,1478.4131081831895,0.7617211980108632,95.37433507141667,57.27971320872341,0.8750478136091507,overload
2026-02-09 20:00:00,MTR-008,129.22085866188547,121.31373970512774,124.10504765594229,6.331779650683231,408.9111787802966,1473.3411782104124,1.040758700108938,100.78085342632292,54.83679615130588,0.8632412163564769,overload
2026-02-10 00:00:00,MTR-008,126.91543984117394,128.64966136551445,124.46031506417516,3.3071574599789315,413.60489895597254,1464.4591312377736,0.6714794236044679,98.96060906878098,53.97436238108731,0.8717020282461354,overload
2026-02-10 04:00:00,MTR-008,123.21548365885343,124.71711461249099,125.80277064020203,2.076833393278019,414.7127474285959,1473.2027856540278,0.9637353797679578,99.74953011250858,53.634735955975756,0.8648662251248536,overload
2026-02-10 08:00:00,MTR-008,122.94200560027224,126.73829455463101,123.3481289913751,3.0530828143959816,404.3111704621146,1474.989118338204,0.8893023164227771,98.18192700779595,55.614055035858726,0.8596918472254993,overload
2026-02-10 12:00:00,MTR-008,130.82249040483575,127.20336202130535,125.59203910284818,4.090360291440407,410.65618906568585,1472.73272047698,1.0864425304563095,96.56003219244255,54.245688434377456,0.8666125698822859,overload
2026-02-10 16:00:00,MTR-008,127.85382895313535,124.8708195627707,125.53905465226137,2.365817311082421,411.74560298256483,1474.1123178654482,1.0758377269477262,101.373626573089,53.861660444638424,0.8769826553649209,overload
2026-02-10 20:00:00,MTR-008,127.17495397335703,127.33742772434059,124.57995527677515,2.1821642211811176,418.7928239792934,1472.877918812457,0.9854675025801604,100.47155619817697,54.103425471509354,0.8704381419283176,overload
2026-02-11 00:00:00,MTR-008,126.41528444024686,125.08748158004427,124.5543698659259,1.4845466792716402,412.1726266147416,1467.976736016462,0.9447641849224228,102.90812086619746,53.632619029751496,0.8845070992413442,overload
2026-02-11 04:00:00,MTR-008,127.05029278330501,124.57857238781013,128.31217969379404,2.948042089512667,411.7276840507761,1468.8959065486492,0.9762553015082926,100.13345576292994,55.398042225525465,0.8776578053948028,overload
2026-02-11 08:00:00,MTR-008,123.86362813429469,129.0390801605953,123.4441433502659,4.4599311400149455,418.2699431226248,1470.4651148671808,0.9092656307064818,100.01868009934503,52.17483363491188,0.8765869081390562,overload
2026-02-11 12:00:00,MTR-008,127.31550218306266,126.69905524080335,127.94292216971014,0.9769675909190263,408.52835741683975,1474.4987653431183,0.8908206388338145,103.96945378420497,55.60603258494992,0.853910734505544,overload
2026-02-11 16:00:00,MTR-008,127.39419891581527,128.26888261316284,128.81447767201266,1.1082145541723967,406.7150237302257,1468.8788183832735,1.1163867258378664,105.35320009370078,56.3530975208059,0.8671484146984472,overload
2026-02-11 20:00:00,MTR-008,125.73330682260341,128.304979392704,127.0739975874734,2.0243424413720024,413.5536307997226,1472.41812806757,1.1344334729517265,101.88424057121885,53.8382417236454,0.859356275895658,overload
2026-02-12 00:00:00,MTR-008,126.69478076157439,128.99541054821643,127.8503171573483,1.7995203133849527,409.20917292768655,1471.8354475296628,0.878751120344669,100.69616567855469,58.84407387921309,0.8681699712037609,overload
2026-02-12 04:00:00,MTR-008,130.95740937294883,124.95050330999824,130.26967686962297,4.666432925258763,409.3612828213614,1475.5569111229686,0.9356454604516117,104.15887665162951,55.03524262195371,0.8630672387607684,overload
2026-02-12 08:00:00,MTR-008,127.99610984774458,127.09632820841364,126.86252007090525,0.8903587342323928,417.2937351667519,1470.5472295731747,0.9122482837159162,102.36590844749058,51.877314033800225,0.8662239504694206,overload
2026-02-12 12:00:00,MTR-008,132.53768550515906,127.8528657611013,127.31083020815558,4.044495748603669,418.5038953516503,1465.2819432325662,0.6582452337094208,104.40860968441504,54.437514187326656,0.8806116273237385,overload
2026-02-12 16:00:00,MTR-008,125.32989821495875,127.10789081930449,127.76494769216211,1.9213823904867124,418.1554568634085,1472.3607794619172,0.849534663358199,103.02766653863745,55.125312289871594,0.8747524992900584,overload
2026-02-12 20:00:00,MTR-008,127.95933757046572,129.81933888187257,131.25925110645494,2.54467235883359,419.4351066412289,1476.7082832819608,1.1399556301572153,107.0103809776001,55.89793511114043,0.8800711442898164,overload
2026-02-13 00:00:00,MTR-008,126.20110158941966,131.5479261080456,131.75404297243261,4.276942957185857,419.96453728005923,1472.3052172614903,0.7875336187452284,102.81950838485659,54.4851389517783,0.8539931689098401,overload
2026-02-13 04:00:00,MTR-008,127.1082965570205,132.10397268175282,126.74364845279122,4.1665309300260205,406.48563916469226,1467.6790320312914,1.2171815193451954,105.5156811737834,52.97685944859122,0.8705797469661566,overload
2026-02-13 08:00:00,MTR-008,128.10028568633723,129.05655419210495,131.6876476388137,2.7677095093065507,416.8016478397179,1466.6701287490177,1.0758189464384074,103.91335236205677,52.81003876377544,0.879667049813966,overload
2026-02-13 12:00:00,MTR-008,130.58299204697323,130.53734201898396,131.56780724258988,0.787239375377201,412.88156720172174,1466.9310094658645,0.9602247225819314,104.66387763346098,53.69280142963666,0.8850629591488716,overload
2026-02-13 16:00:00,MTR-008,130.73467855528548,131.0843657850645,133.25102611671906,1.9108110810740493,412.0103030160383,1475.6738011873645,0.9841264928964631,104.73891390056288,53.88444927496248,0.8545191161030751,overload
2026-02-13 20:00:00,MTR-008,129.1309937951185,131.67428455994386,131.2124839052152,1.9463078026067164,417.2416585288348,1468.555832804486,0.7624189955497462,107.37637579605237,52.73005167020148,0.8664851636383883,overload
2026-02-14 00:00:00,MTR-008,126.34929655192741,128.98864043226578,130.61932922884085,3.3190456955070355,408.07881808041697,1467.4238345243984,0.8602156871662947,108.0720203475148,53.5343736777926,0.8803422667400477,overload
2026-02-14 04:00:00,MTR-008,133.84209145964383,134.51262681032134,133.1919158061211,0.9867180238522298,407.9955655765107,1468.8104043533326,1.1162098665482638,107.68690622929331,56.31891704887871,0.8680772168718855,overload
2026-02-14 08:00:00,MTR-008,130.6400507737941,133.01074124565378,132.56562474409085,1.794996651999793,417.5342909763269,1468.208942719729,0.80782059912397,106.69159609171955,58.29682521538897,0.8608958232583027,overload
2026-02-14 12:00:00,MTR-008,129.26241070711606,133.3083368678146,135.8354017167069,4.949465028045552,416.9511440700436,1473.7365645247407,1.0591697635423198,107.52405754099478,56.51092342774193,0.8545000082150399,overload
2026-02-14 16:00:00,MTR-008,132.22951916701513,134.04530975086107,133.56668320307008,1.3623827407620608,415.54693062348605,1465.8641305521612,0.6934439715844413,109.37527506969195,57.611722172373625,0.8605129846533683,overload
2026-02-14 20:00:00,MTR-008,132.33817923916314,132.9829078594602,132.23864694848015,0.5616219505458251,411.48034638110744,1472.3234423000233,0.7202762381287484,109.77458956096984,56.948236936467396,0.8531109833143627,overload
2026-02-15 00:00:00,MTR-008,131.5538621958021,130.1759054778357,129.8888476057331,1.2754868066329483,417.9753185383285,1469.021738474227,1.1852076998379475,102.87154957762905,56.66626065679669,0.8705846045683403,overload
2026-02-15 04:00:00,MTR-008,132.72183320182967,132.1596036517563,131.29535673584,1.0801817439120336,417.7212115682419,1472.150491304989,0.8982244280639514,108.04379095057226,54.324407473885344,0.8789631018577866,overload
2026-02-15 08:00:00,MTR-008,130.41914612721703,129.44914450922718,129.86978141364904,0.74665655286444,415.3412180601898,1473.15121847574,0.8192250169508489,108.47585216502017,55.281821756773894,0.8573902524109139,overload
2026-02-15 12:00:00,MTR-008,134.41042153011094,133.7360671001996,132.50380398849126,1.4276421932633383,410.2907158349209,1468.531703826109,1.1044111240498444,110.599009329933,54.15876131508796,0.8725772974121105,overload
2026-02-15 16:00:00,MTR-008,131.22143936203662,132.8399616380374,134.98184497410537,2.8270662265353117,413.299006617082,1467.2060696754043,1.0868732332445257,109.46309702004069,54.56178567533274,0.8784527102944587,overload
2026-02-15 20:00:00,MTR-008,132.2331418430742,133.33812317454826,133.4101879293057,0.8850381972928855,418.3513347100978,1468.223746579629,1.0381131847885858,111.37113987114228,55.13633420077317,0.8699729167315166,overload
2026-02-16 00:00:00,MTR-008,134.93263354224825,136.01835664505265,135.66190607179374,0.8010491891377952,420.30876489120715,1467.6148476478502,0.8145153120881842,108.11158602096411,56.427132303158054,0.8538930570508275,overload
2026-02-16 04:00:00,MTR-008,136.26477278834494,133.01668691470343,134.57050833549454,2.4128290542327053,413.6938535864947,1462.8022098764814,0.8569623636093486,111.12515104772828,55.84664676303025,0.8738621155466251,overload
2026-02-16 08:00:00,MTR-008,137.25793301149977,133.6638219012771,133.36859337846798,2.8860493327161785,414.00130812876694,1472.3044999448848,0.9467443235587095,112.74158777748922,54.676341473971284,0.8694535305523553,overload
2026-02-16 12:00:00,MTR-008,136.46803345531688,134.44633134553254,134.57471720353686,1.4957508348615465,414.35324356789977,1468.2583634555049,1.0041599013220857,108.32854518573345,55.11107748178333,0.8684349535139915,overload
2026-02-16 16:00:00,MTR-008,134.01611878454298,131.05165287845762,135.5730712509298,3.3856396214528024,416.0995720356439,1463.9056604280402,0.8237274638972194,116.64073231456908,55.86692734838705,0.8645316275423953,overload
2026-02-16 20:00:00,MTR-008,131.88278276384312,134.37605628326054,135.1686176337462,2.455612949650911,412.6757307997599,1461.0663376024302,0.9256105665931045,114.33135169766581,56.33478887611567,0.8708678742627404,overload
2026-02-17 00:00:00,MTR-008,137.89052139914725,130.28174709216415,135.4375285237231,5.655542330678113,403.42325976971364,1460.160059444066,0.9401086951196109,112.28842089064557,51.962009673485596,0.8750981790844696,overload
2026-02-17 04:00:00,MTR-008,138.06982789837775,134.24433579903413,133.88543553190513,3.09039622964548,419.7710760065884,1469.3282480327516,1.093015463456288,110.96503252501827,52.84522207220213,0.8939064813433585,overload
2026-02-17 08:00:00,MTR-008,134.3217676418454,137.30822404614935,134.78914520081858,2.20446539045795,422.1787557886502,1465.0338235972997,1.013169874340268,112.6078128927299,57.21462106787868,0.871123320683872,overload
2026-02-17 12:00:00,MTR-008,137.68378928181116,136.75700754397857,140.2988984981011,2.5620100950475573,412.55040056157713,1465.4000038780375,0.6739797532747064,113.4617223662815,54.878260860137885,0.8851114116001267,overload
2026-02-17 16:00:00,MTR-008,135.4792594102628,134.9656473779505,138.53118601077784,2.6154623917685518,410.7333865243249,1468.1031182558015,0.8679554537271922,114.51157721446444,54.15184681326604,0.8735775508342688,overload
2026-02-17 20:00:00,MTR-008,139.3111804900345,136.45513332236035,133.4931723862948,4.264781855965451,414.4515979104391,1464.9644605737114,0.7606824945024876,116.96770825354191,54.47300105414792,0.8690047167235224,overload
2026-02-18 00:00:00,MTR-008,135.61500228857284,134.51964691932966,131.9931094448167,2.702046376423399,414.24998446508494,1468.0261278700093,0.9852131130917511,113.35032406951767,54.47258938884689,0.871485475277113,overload
2026-02-18 04:00:00,MTR-008,140.7377098568082,136.8637646838876,137.01734585199085,2.803016878914162,418.9820743086518,1466.546296394811,1.0384730025757567,115.76407513733,56.115875563048746,0.8577826363030749,overload
2026-02-18 08:00:00,MTR-008,138.65214834256747,142.84525005222736,138.86208182080838,2.9925113435119166,415.21855776658015,1465.882065032065,0.9152333978415367,112.38993159076615,52.78396721203847,0.8730586027075203,overload
2026-02-18 12:00:00,MTR-008,140.87654334520104,140.97091156432023,136.34456938907837,3.3188166486445474,411.82950867851525,1461.29015214427,0.8597809454058225,114.48372294109735,55.04955549299352,0.8500793493517863,overload
2026-02-18 16:00:00,MTR-008,136.70086180993957,137.71074863595533,139.6057535390642,2.1049057226717003,409.7263621977678,1463.42315887186,0.9103754689553974,116.40049251926814,55.49223545890081,0.8613733364211147,overload
2026-02-18 20:00:00,MTR-008,138.64639962982997,138.16751254808474,137.97099955270852,0.48849419881508277,418.4625367392787,1467.563908617769,0.9313378910216632,117.36571825932853,55.792535833131005,0.8710984309313381,overload
2026-02-19 00:00:00,MTR-008,136.2053610149277,136.18524594307132,137.78196494466837,1.1678394248964659,417.398044964657,1463.5841866562482,0.803985052242464,114.8128627777632,55.445727992420586,0.8819398227317884,overload
2026-02-19 04:00:00,MTR-008,139.99780680638509,136.7793957911366,139.8259641689835,2.317609134055606,419.2422395123673,1469.1203103480257,0.7171933348845952,115.77387879285013,56.03181246062805,0.8843062439699839,overload
2026-02-19 08:00:00,MTR-008,140.3519631992288,139.30210909824098,137.55372487333847,2.0121184298562262,411.12725299711565,1472.4173552324844,0.5924791436166971,119.91270990982255,53.854607697883374,0.8676345342035906,overload
2026-02-19 12:00:00,MTR-008,143.52784957449165,137.81387956165355,138.27966599403774,4.0850896158896335,422.35374759811333,1467.22125674286,1.0900773197608327,119.65154833169305,53.11639453535009,0.8715571731953045,overload
2026-02-19 16:00:00,MTR-008,140.0294903373453,140.85494949715888,140.39738404650424,0.5878196824699056,408.02522197177103,1469.6045460942635,0.9744549365452448,118.0807799803232,59.91400888650103,0.8798436246958202,overload
2026-02-19 20:00:00,MTR-008,140.7493397737897,142.4029408872454,139.271936834182,2.2235969838297858,417.83840408560593,1467.1621817148882,0.9543766517016259,113.52670969355857,54.39747063085153,0.8567050642780708,overload
2026-01-01 00:00:00,MTR-009,122.87785236708429,122.5243655211713,121.4558600905058,1.1628411873167066,416.0454629684543,1480.022295407319,1.025830629101704,78.67552063987063,58.641773183118815,0.8632862648054012,normal
2026-01-01 04:00:00,MTR-009,120.20439235877993,122.59279994009698,122.51588743024742,1.9613923348334796,419.3114923062592,1479.7728567891768,0.7249930090903437,76.70611436082366,53.55549185520741,0.862862005338613,normal
2026-01-01 08:00:00,MTR-009,121.62733056976782,125.44328660207589,123.04969919573112,3.0930126206730737,417.54639351003465,1475.1470085861008,1.0855273061031212,78.86002676004716,54.71324099032005,0.8842540593237294,normal
2026-01-01 12:00:00,MTR-009,121.00442957226122,120.75161910454888,122.26928621634418,1.250737489664634,417.29898771650204,1477.5615685313146,1.1325118235941638,78.86266437270609,58.13926900915543,0.8886441366386,normal
2026-01-01 16:00:00,MTR-009,122.9442434044422,121.51737433259585,120.17407024334427,2.2791294865632845,415.8059692925331,1486.6155619004774,0.7630410392909539,76.02616123353533,56.33746346171057,0.8607111754158984,normal
2026-01-01 20:00:00,MTR-009,123.19354752407305,121.76966536255199,121.0805184258415,1.7317841428305745,420.1471954109036,1480.7151322145235,0.7629600261595406,76.19769531473183,53.600434511590805,0.8633100556756029,normal
2026-01-02 00:00:00,MTR-009,123.93265064253302,124.46501782052484,123.59176465044416,0.7042564323171712,413.7348938272363,1479.4732115960112,0.9616042970666292,79.02328612693915,53.08996459292104,0.8814252281950414,normal
2026-01-02 04:00:00,MTR-009,122.75520457018067,124.91521590467633,119.5142538813284,4.412734844789919,413.83878692505925,1485.4386706598227,0.7219169385385666,78.04680902148826,53.943838719793305,0.875335199931424,normal
2026-01-02 08:00:00,MTR-009,122.37229795442143,123.02931957338065,120.98983264079199,1.6699245560862794,407.3777065881099,1478.8112940697924,0.826109569334652,77.56075631853679,53.523170590394244,0.8767642810532092,normal
2026-01-02 12:00:00,MTR-009,126.02117162050683,124.67404344240977,123.29583055398267,2.1861548011359804,419.22465617524017,1479.7257389140927,1.0653790434684023,79.31597365954995,55.474696238979064,0.8789660129485306,normal
2026-01-02 16:00:00,MTR-009,118.69383454997235,122.38532696123052,123.89838816087985,4.2779784254540365,414.69229697688337,1482.9724085683686,1.0106410146715445,79.46343695172426,55.1568690143952,0.8675926783825593,normal
2026-01-02 20:00:00,MTR-009,125.67758938552475,121.62564273405773,121.58158799514402,3.3311222097240343,426.7344228246851,1478.797792604151,1.1970294512534385,76.9407397745966,55.5584755085507,0.8732996992499018,normal
2026-01-03 00:00:00,MTR-009,121.37140848209877,124.55652157446126,121.10813811751751,2.818565058822706,413.37786923295016,1477.7604377819425,0.9256176221400312,76.295893724715,53.31837439688044,0.8725219215069809,normal
2026-01-03 04:00:00,MTR-009,123.23820041843437,123.05758855784042,119.13247308700203,3.370615596273784,415.3543125176669,1473.238730753918,0.8083742996582722,75.47616204632472,54.85833218494949,0.8614150839975454,normal
2026-01-03 08:00:00,MTR-009,121.29368033720144,120.404715711276,123.14005458795921,2.249219240936582,417.1860198144337,1477.1905050598516,0.9076865267479531,78.06690824040297,50.888600452087566,0.873150909432157,normal
2026-01-03 12:00:00,MTR-009,120.47626526568358,124.16329519024303,124.86028660600726,3.55942340045585,410.5924001080451,1477.161916762031,0.8774117490887049,75.15367944570286,55.290012634722736,0.8823771069614966,normal
2026-01-03 16:00:00,MTR-009,123.05099408926037,121.54780264916491,127.56353413598511,4.849280263818747,416.43419085551693,1480.4757000864058,0.8795164336195297,78.19885691645807,57.35088128991173,0.8666586676115664,normal
2026-01-03 20:00:00,MTR-009,124.26026050935043,121.2824805373804,122.83815883358581,2.4250279856562775,415.13864572822877,1478.1686252028167,0.89642944378564,80.43367358284888,52.15050818130764,0.8715256924874093,normal
2026-01-04 00:00:00,MTR-009,123.02590169788486,123.93682725191759,121.88964768887884,1.6650397498000562,413.78524724129267,1486.4740570325716,0.7602349936730646,77.29308045942743,55.966856461294924,0.8720670891601086,normal
2026-01-04 04:00:00,MTR-009,120.82421109377223,121.80733295674526,120.00503298125491,1.4909968461337262,419.69041583497204,1476.8271132092955,0.9423326632455964,76.92759143891968,53.777971296478874,0.8671533544956473,normal
2026-01-04 08:00:00,MTR-009,129.8326170251291,122.84360784705628,117.92496811597042,9.639188271209306,411.38500512835736,1484.2019400605723,0.6887005098362113,81.99568954725429,56.60500230738674,0.8767690123769436,normal
2026-01-04 12:00:00,MTR-009,124.59957311725658,123.4356734090069,122.38380495054683,1.7945363429951442,416.0996084523289,1480.6592588653828,0.7924760088137829,81.0194036383753,55.31729490242456,0.8631993436874501,normal
2026-01-04 16:00:00,MTR-009,124.02431575312507,120.30188345473367,127.09762440282356,5.488937851665397,420.8186571655402,1482.420322107137,0.8821681855290274,76.47080425888917,55.80940822532088,0.8833264551869593,normal
2026-01-04 20:00:00,MTR-009,121.23445980176803,122.83469811362184,124.756250524767,2.8645998695372374,412.17351297617483,1482.2380587842076,0.5610670031016614,78.27802636211796,55.129647797510884,0.8762620556163224,normal
2026-01-05 00:00:00,MTR-009,120.64408486806644,124.92685722385632,124.42170383701126,3.4725871469989835,413.8124560692308,1473.3452934090628,1.0153487304517377,78.65735648469617,57.6566636127687,0.860632313993271,normal
2026-01-05 04:00:00,MTR-009,121.39306013772732,119.92552903935587,122.53268522099673,2.149633406633426,424.3812182538873,1479.9653419630704,0.5920268235228743,78.40732084545236,55.694820955390206,0.8869800968488625,normal
2026-01-05 08:00:00,MTR-009,124.34545063850459,122.97580238999839,122.77976578763021,1.2691277013092022,416.8975642606242,1479.2133155882984,1.0004381536347267,81.62934689542557,53.5891525719951,0.8716810146126159,normal
2026-01-05 12:00:00,MTR-009,119.85148926003109,120.20097664677698,116.74316137191265,2.907391523744625,412.97521009342955,1476.601065715926,0.7060786065107757,78.17445978483885,55.19743010464201,0.8627705248276495,normal
2026-01-05 16:00:00,MTR-009,119.68318457889019,124.21529808761828,123.65380072627924,3.6991582260568965,418.2104990403139,1481.3788781116475,0.8392621963944751,78.47446975126203,54.2622379140679,0.8810455452499119,normal
2026-01-05 20:00:00,MTR-009,123.17021865013412,124.1947107771995,120.74347467576445,2.812679142583595,412.7276257936359,1485.1496209476325,0.9778695970424144,79.37732459029283,55.32479981303918,0.8749467151944802,normal
2026-01-06 00:00:00,MTR-009,122.69230162215713,121.23151421314863,120.4780313549387,1.8229355457101408,408.7403363033597,1471.9809890683478,1.2297209279219223,80.37983943209534,54.16046057526638,0.8522804029576596,normal
2026-01-06 04:00:00,MTR-009,120.32927552670775,126.7924390323073,121.2988915862768,5.262868089726811,420.48945578106066,1478.3965909724748,0.9174677966561025,79.87379838860821,53.64637852890737,0.8647433968275614,normal
2026-01-06 08:00:00,MTR-009,119.63330068325942,124.40014733715108,121.22569692954625,3.9151764327856236,410.5877629434759,1476.2627015076591,0.6026060507700739,79.07616957262327,55.398544425496894,0.8727909733722155,normal
2026-01-06 12:00:00,MTR-009,125.11863881228354,123.53325042109533,120.44352813830146,3.7999203896434914,424.80685049998914,1480.215333478713,1.0430542698953662,74.88260038921219,55.11157925723311,0.8484043332235734,normal
2026-01-06 16:00:00,MTR-009,122.77430293131638,123.41110274355464,122.03008698320834,1.1251691913153934,413.04267049815115,1479.02313615055,0.8652122392711473,77.02372455188315,57.12791169009169,0.870850700853874,normal
2026-01-06 20:00:00,MTR-009,119.04264221555876,124.13402814085616,120.78915792466876,4.1965911602273485,423.5330587262474,1478.1829683617284,0.9104859981688236,79.63884241441055,54.170088241734376,0.8715797937270526,normal
2026-01-07 00:00:00,MTR-009,119.19426994840818,119.84056224562156,122.21758934404,2.51069823927523,409.52531572591977,1482.0685204849872,0.9836794544831422,78.50079739455862,51.038292305009385,0.8581650811762418,normal
2026-01-07 04:00:00,MTR-009,121.21592069975188,122.42208225799547,118.77447656222037,3.0194371622686855,419.101974345065,1484.9085439031712,0.5661933064641429,79.65225726764591,54.27225840307337,0.8727064488625996,normal
2026-01-07 08:00:00,MTR-009,123.58945245251043,122.83109736917393,121.5357324796959,1.674427157462475,416.9989050919386,1487.9839559552736,0.9009805271602794,81.77433212334249,51.74713848216685,0.8700746383912503,normal
2026-01-07 12:00:00,MTR-009,123.29050797968374,121.13214933825934,119.6222566765916,3.022911043729515,418.3509849022206,1477.7811128545943,0.8385459165070958,75.64607358988135,55.83134394819315,0.8580870589411499,normal
2026-01-07 16:00:00,MTR-009,124.45448500469597,123.00808929550513,120.60876770032463,3.134487963775654,418.87209082670506,1474.5373733445458,1.0832752359008277,80.27582034960916,51.65220414330243,0.8791956054686283,normal
2026-01-07 20:00:00,MTR-009,118.76759686204058,124.67140808271908,122.31101615733495,4.842496962451737,413.0090194308753,1481.677589302235,1.0090670645008115,77.33927307501274,53.023257875171794,0.8783785379476781,normal
2026-01-08 00:00:00,MTR-009,122.48549859827766,121.08522971186773,118.52110739555368,3.2845738112246345,409.764624631988,1484.8314542059695,0.6559497115827679,79.87069963854947,54.275331083450276,0.8671026291314764,normal
2026-01-08 04:00:00,MTR-009,125.09264107632366,121.88195973963913,120.21628977729421,3.984045974956711,414.7963290786431,1482.441069901122,1.0893938778523573,77.91755851326377,58.087901209522286,0.8680141867660818,normal
2026-01-08 08:00:00,MTR-009,124.8906988643215,120.22024166943677,123.23402053244503,3.803872202865799,415.89212103034055,1484.819041118591,0.9674287632240317,82.254009077786,52.85421976857017,0.8772626393759535,normal
2026-01-08 12:00:00,MTR-009,122.7784358707973,118.12421939205481,118.93497428075328,3.880263843983401,413.11262151537795,1479.3235399881937,0.6679137603820173,78.26017387252348,55.02480996629317,0.867993368568882,normal
2026-01-08 16:00:00,MTR-009,127.09259125432484,123.68941735152893,125.85599628647137,2.71069875471183,416.11021588063943,1478.1712766806806,0.9083629655239159,76.71897155128804,56.159953153914515,0.8506909179947985,normal
2026-01-08 20:00:00,MTR-009,123.32147171915973,121.94418625830421,124.61222703374114,2.1639905089400755,416.31850212469897,1480.3463077222038,1.0552239170783784,78.83974924558353,57.968121106441394,0.8748693655739993,normal
2026-01-09 00:00:00,MTR-009,124.26160158589589,122.10319446920249,120.92742570127683,2.7233159488174086,411.35989421382453,1479.0083404378993,0.717893419113991,78.64788556143654,56.55558950344282,0.8618674067926149,normal
2026-01-09 04:00:00,MTR-009,122.09640259716643,119.85979766369475,120.29262965493729,1.8522667973764562,416.57988512676184,1481.989282064021,1.1066366003768127,80.2761941882209,57.18781390326493,0.8661015694558241,normal
2026-01-09 08:00:00,MTR-009,120.30615136485328,121.59766345702373,122.43798521256763,1.7553576181866628,413.93115190522144,1482.9093033340105,0.6731056838808711,78.89610559720985,56.72861411770308,0.8845787056795148,normal
2026-01-09 12:00:00,MTR-009,120.10176848897765,124.37839008498167,118.86061519364776,4.555867623210727,412.2000763991865,1483.1442509937156,0.7813159235029523,82.95012927833861,52.581754057207725,0.868660215259912,normal
2026-01-09 16:00:00,MTR-009,122.39390322142079,122.00178138821501,117.6575748901412,3.924556573104817,418.149500552896,1481.5317780124133,0.7585693746915463,77.77719172919545,55.7193842086341,0.8700173493587388,normal
2026-01-09 20:00:00,MTR-009,121.54127564736488,122.06329632858241,121.00375315316599,0.8717929095896718,411.89203515322583,1480.7374669800258,1.1065400597382993,77.80076010043905,56.69732190434445,0.875096672754636,normal
2026-01-10 00:00:00,MTR-009,118.16413419147653,122.45010577598822,121.70926311976413,3.5487388049567214,413.1733296403811,1482.3832800677526,0.8263475795176205,76.79222789989389,53.08699942065196,0.8750533394387403,normal
2026-01-10 04:00:00,MTR-009,119.77516769136106,119.31842453927844,122.204802157709,2.3966707269626664,415.2882034007466,1474.111024277042,0.7255774496008504,78.17133667670835,53.840480246551955,0.8608080223262221,normal
2026-01-10 08:00:00,MTR-009,121.30941802605157,123.35538305103088,120.66669590815322,2.2078746276177177,420.49724648261696,1480.631712257002,0.9667816318371093,78.46211824216591,53.39361540974589,0.8693970148446563,normal
2026-01-10 12:00:00,MTR-009,123.57738815758815,119.27761475520478,124.76304890659455,4.476467456569398,415.7711363108972,1480.1574341715113,0.9991771485889078,78.56242105991176,56.54524597193607,0.8703615252792583,normal
2026-01-10 16:00:00,MTR-009,121.96513752690181,119.96207820593705,118.75720820737718,2.6682017075872038,417.1131533298987,1480.6392411879146,1.0001304142191196,78.134375350988,54.86143775934173,0.8727202689662883,normal
2026-01-10 20:00:00,MTR-009,121.84370073455888,119.72436974544223,119.53123590284643,1.9211874330719765,413.809429856014,1479.7371293612373,0.8592991252160985,76.7803575665454,54.358308211329806,0.8728922194091662,normal
2026-01-11 00:00:00,MTR-009,119.85949616898836,121.61995651681909,123.05545931821631,2.630170425920143,414.6860415024946,1481.2955664803849,0.9381801451555422,76.2366697438353,52.436660166694026,0.8958744122877745,normal
2026-01-11 04:00:00,MTR-009,122.05024465364579,121.2355692474379,119.48051589248477,2.125110753214045,414.80449106592164,1478.2761912353978,0.8024650370656072,77.24965255032889,54.865211493612414,0.8582414022941276,normal
2026-01-11 08:00:00,MTR-009,124.86098356174952,121.99734302802476,119.39663830812316,4.4758535260946015,416.1732249440681,1483.3885702883608,1.1512202516903596,80.28307532047023,53.8648232900305,0.8798009162019795,normal
2026-01-11 12:00:00,MTR-009,122.33742513344967,120.03659997346264,122.26754283820931,1.8929480582421978,413.81612970780697,1481.4209493322405,1.0716307737986899,80.71359937098296,55.48667913052832,0.8818337580583306,normal
2026-01-11 16:00:00,MTR-009,118.73080432105267,124.18080762804227,119.71502649460345,4.508772436338075,420.3599995419048,1480.4520575736515,1.0624435243561012,77.84607092711913,52.7140656027091,0.8749278397392353,normal
2026-01-11 20:00:00,MTR-009,119.28558611724173,123.80891312683755,121.71135466299869,3.7197815998435018,413.50733504599145,1477.9074502880917,1.0191173901860318,76.11683406706516,55.3558125190124,0.8634968460512692,normal
2026-01-12 00:00:00,MTR-009,123.27701765371066,121.6230178031504,120.48208888394228,2.2947992665028063,408.17103545917854,1482.4459506556236,0.9779599958992502,77.83765277936642,54.12209845900236,0.8866466803026762,normal
2026-01-12 04:00:00,MTR-009,121.51348465818383,120.96247574357817,120.13114716779602,1.1436655224326855,425.97118641748006,1480.6199790954836,0.7133456273775318,82.18333087054016,52.50140614852971,0.8480801713525981,normal
2026-01-12 08:00:00,MTR-009,121.83824376759772,120.74343796998907,117.44033319566076,3.664701370625117,413.69052523622497,1477.7335498193893,0.9949951854383473,79.99793567063324,52.345431924243705,0.8631673330278218,normal
2026-01-12 12:00:00,MTR-009,120.671047655968,121.32732996637684,122.3026969714525,1.34365454505219,420.2526791483654,1479.8300153727603,0.9171397845094981,79.1014853830651,52.64595922395461,0.8817168219722281,normal
2026-01-12 16:00:00,MTR-009,123.09184515357137,118.96302368164189,119.29498348377285,3.427831597632465,420.619163367839,1481.8872478577237,1.0895046127426378,79.92536983410514,54.587201885118915,0.8662988839657748,normal
2026-01-12 20:00:00,MTR-009,121.3473429152723,119.9187183628472,121.63510135412048,1.418884672749843,418.78085724900154,1481.6547206164594,1.0211128773573643,81.08113322268262,55.241990868727,0.8859646452480019,normal
2026-01-13 00:00:00,MTR-009,121.59525665687308,123.86550556128294,120.88930137602622,2.437180566634395,414.2078911216104,1481.4610269034245,0.9825570705229533,75.69426759690576,55.539647264754365,0.854881952553216,normal
2026-01-13 04:00:00,MTR-009,120.15379104385953,122.65459774757788,121.5521069660198,2.059065183660628,416.14673927949735,1480.2775941752232,0.6473662803704766,77.21592026260575,55.615105835456895,0.85887898106052,normal
2026-01-13 08:00:00,MTR-009,123.99904601552743,125.5445597740291,121.67537074436235,3.1268786949903205,409.9019591627803,1483.0774585999056,0.8866499195087294,76.94255673432637,53.4829534780416,0.8646836182987302,normal
2026-01-13 12:00:00,MTR-009,121.52038754529416,121.35107896318831,122.41995816199162,0.8778299680323957,422.9605910952731,1483.7133895114348,0.8163161610144516,79.17422879414197,57.11680581619035,0.8741739927753653,normal
2026-01-13 16:00:00,MTR-009,123.31842490027752,121.21591797854155,120.42157093720967,2.381263478740176,411.5927760072693,1482.2119678470267,0.937854888627461,78.3202217812792,54.1155489479837,0.8677797984961998,normal
2026-01-13 20:00:00,MTR-009,119.4112325188951,121.11531255476756,124.69527058615735,4.340407259940882,413.9843961490365,1478.237646175433,0.8376677592836035,79.51262258137882,55.90029952011946,0.8650960074743758,normal
2026-01-14 00:00:00,MTR-009,125.76059987346116,121.30776769862015,117.99319453467768,6.383092178172378,415.395945948161,1476.8258148481284,0.8586081335860041,76.98622530026556,54.671689133012364,0.8842039643109852,normal
2026-01-14 04:00:00,MTR-009,124.77048235908646,120.56863307370871,121.50854904070539,3.436180484949989,414.57024098065216,1478.3681806990853,0.9688550857360057,80.74390410135831,55.751242463406086,0.8851344497538916,normal
2026-01-14 08:00:00,MTR-009,117.85786105425086,122.58774332785491,123.81369207328224,4.905157735427193,412.37250687082644,1485.86097024393,0.8351792829646836,77.8613325837014,54.57134386771017,0.8658562023429245,normal
2026-01-14 12:00:00,MTR-009,120.2606867207507,122.06312348785967,123.03406669273454,2.2772575718131183,420.57735620821876,1480.845087741482,0.9182387309361019,79.38909110391637,55.78726975314913,0.8529023219267033,normal
2026-01-14 16:00:00,MTR-009,123.03593592361256,120.89405210267965,119.88568994957353,2.5976719790354936,418.80111713395314,1486.3793254825791,0.6720882163688541,80.39081299784588,54.985222260239354,0.8484251617081262,normal
2026-01-14 20:00:00,MTR-009,119.13765518133016,124.71360297579211,120.24700533076376,4.594321110774102,416.2881888173028,1479.6394049692376,0.7751397784859912,80.23024863098993,56.62768114130138,0.8723929011478035,normal
2026-01-15 00:00:00,MTR-009,121.71458705735243,126.11347762743696,119.81637880466052,5.138469192958564,413.401787776013,1479.2235589885213,0.9984065350804441,78.72165681680359,53.36262991357761,0.876559556222188,normal
2026-01-15 04:00:00,MTR-009,122.9253169402519,124.5301763391992,123.29965815006321,1.2985869996083417,419.2571034873779,1479.7778303900677,0.7154711824955289,79.63869381276508,51.460217328218846,0.8706299778557854,normal
2026-01-15 08:00:00,MTR-009,121.59935002201783,123.21050897059865,120.39518764659748,2.3126635433237297,413.14212546888973,1479.72347775984,1.0868587616404497,81.48332132794458,53.053285161131804,0.8692909189291924,normal
2026-01-15 12:00:00,MTR-009,123.16868127700491,123.65219389518543,122.55333363112997,0.8924772530400742,421.2815673613513,1477.6790472643968,1.046159903295198,79.0272024679494,57.13783683047607,0.8619545738530592,normal
2026-01-15 16:00:00,MTR-009,120.49624447357459,126.02635898977445,122.57324040030696,4.494860569258551,415.4448836619337,1476.5534551955,0.8597655096990321,76.54070719587683,54.69088236022452,0.8765497979391383,normal
2026-01-15 20:00:00,MTR-009,117.13261958854203,123.64904811595822,127.13678227777272,8.157375111016625,419.91912610789086,1481.5040098815425,1.3498101158253697,79.16610146192777,55.18412459109312,0.8867818537889891,normal
2026-01-16 00:00:00,MTR-009,124.13009898816244,120.73079690636244,122.67940717681437,2.774636185523469,414.54471869526566,1483.1647021527922,1.086465536677244,77.92543756396081,52.89272677190723,0.8478312232266444,normal
2026-01-16 04:00:00,MTR-009,124.11643355981349,122.85079552446875,120.24071875911899,3.1663651264547186,415.2861327281638,1487.3349439019992,0.7576080739941398,73.30399773119132,55.131107450300554,0.8692249881121228,normal
2026-01-16 08:00:00,MTR-009,127.43010969527425,123.3582542303951,118.83309632049598,6.977690123067573,419.90168424583464,1478.6988612799269,1.0119261080550073,78.92399604740619,52.954374711854605,0.860296516505864,normal
2026-01-16 12:00:00,MTR-009,117.21285768554691,119.84256875675764,121.40170611225236,3.5057316869552673,423.7757006072178,1478.9420335394077,0.9098794599479636,78.23330130003121,53.24843744989449,0.8550953400594615,normal
2026-01-16 16:00:00,MTR-009,123.62847141938332,121.3820167133428,121.74171603953542,1.8375797177093798,421.24146727001954,1477.686312116647,0.7834931863710883,80.31283554299488,54.19503263435224,0.8587002412921558,normal
2026-01-16 20:00:00,MTR-009,117.73014718495692,124.38662760061808,117.2052383583707,5.995782874040467,418.5085384775114,1483.3771822881206,0.7395136285250687,76.49981268502339,55.89019451568429,0.8737967285568441,normal
2026-01-17 00:00:00,MTR-009,125.80963876203359,118.04504686798134,120.45172964345338,6.394006447751174,417.3571337318304,1482.4449623643889,1.049234000233257,74.98858067524138,56.10369516128502,0.8740496219759116,normal
2026-01-17 04:00:00,MTR-009,123.05812895486068,119.28795942231196,122.64492462622154,3.098845778304405,412.9722052389615,1477.3691962543764,0.81030818030638,78.33736171882101,56.158089795875675,0.884602877611748,normal
2026-01-17 08:00:00,MTR-009,119.93537209926217,121.6173927014639,120.8453797018227,1.392408289929781,416.1809189644217,1477.2934057390812,0.8847185467444423,78.7603547752109,51.82383176991125,0.8700878154714546,normal
2026-01-17 12:00:00,MTR-009,123.69221585602445,122.76709174491904,124.10083736633088,1.0797806829951648,411.34780326401307,1482.8575442757876,0.7618461107660208,78.18766589077114,54.98667099921948,0.8524177837013042,normal
2026-01-17 16:00:00,MTR-009,120.80050682770727,119.05544607495526,118.62009802211728,1.8247317777283094,416.5031285347391,1481.1495884536253,0.7877763094052114,78.04141736737081,54.60643633323453,0.8676183045762402,normal
2026-01-17 20:00:00,MTR-009,122.65156914036008,121.7250082008312,123.46808362771009,1.4215854776477943,416.7602026427743,1482.2751661390334,0.8809606199892792,75.86254609158735,51.93563516783709,0.8561362092778422,normal
2026-01-18 00:00:00,MTR-009,122.44670590893348,124.50239576477875,123.98212530606517,1.6625911001750298,407.1566194341272,1477.3516945649833,0.9582273439086227,77.72216572605015,55.031967533444394,0.8579320411357799,normal
2026-01-18 04:00:00,MTR-009,125.7829068908439,122.14889738245445,124.0745345787141,2.9306028920935376,415.15495443676684,1474.3668254082693,0.5117461254672828,77.30318834099117,54.499145565126476,0.8758055905840649,normal
2026-01-18 08:00:00,MTR-009,125.9363726405432,124.03677957551996,118.6038314857274,5.968257497664397,416.6594995963564,1477.3751049499595,0.9025379698750126,80.14541748153488,56.023051344235775,0.8719418090559442,normal
2026-01-18 12:00:00,MTR-009,120.70459776818902,120.7157702612823,122.68223006390402,1.6294574436471012,414.6651605714439,1482.0633001900337,0.7880818481122447,78.75865072806123,55.1624941524796,0.8758756559543533,normal
2026-01-18 16:00:00,MTR-009,124.29491351814251,120.24338032838612,120.54954662294,3.329226071632372,416.4321953554263,1486.3331739359046,1.1103543980175337,77.44400575650961,53.90135893943349,0.8664250715272828,normal
2026-01-18 20:00:00,MTR-009,122.76960887074803,123.8411130185738,118.9502332813882,4.013732594802132,409.63311102657474,1478.7116080314172,1.3414128969008154,81.44776975284553,56.85152490091396,0.8779052956342536,normal
2026-01-19 00:00:00,MTR-009,118.93604956133612,122.80089591516543,121.1023668898348,3.195502434913016,411.89654277775895,1486.8275676456306,0.8461081447569427,77.46218464756998,50.55753299844975,0.8658659710170988,normal
2026-01-19 04:00:00,MTR-009,120.48995800168167,119.42857399202695,120.03720328867736,0.8845954423996539,419.1397526526557,1482.489459302475,0.6416657158930208,79.11557344777232,54.87146974314078,0.8811668283274224,normal
2026-01-19 08:00:00,MTR-009,127.06684131824274,120.26306503516693,123.99700545983985,5.496862252605282,415.0022866625831,1475.8209030948735,0.917531545487785,77.66615733282144,51.473498136016126,0.8734463893947154,normal
2026-01-19 12:00:00,MTR-009,122.77614643439587,125.39340286949341,123.11277738395832,2.114770550846591,416.35951592525964,1480.642101513433,0.8691856005760192,81.26230503005601,53.17561345758776,0.8679300312951538,normal
2026-01-19 16:00:00,MTR-009,124.16841082135356,119.99474245732877,119.50047599805721,3.8507574974544623,412.8139153571657,1482.5919228352357,1.1957025973501936,78.17371955162722,56.0496274060187,0.872120930441761,normal
2026-01-19 20:00:00,MTR-009,121.54009944695515,124.0264552373435,120.42924443933559,2.948567284068275,415.07797609310745,1472.723551304342,1.1499884015063313,78.23282845578134,52.45160503911839,0.8698213929902509,normal
2026-01-20 00:00:00,MTR-009,120.82892598051983,120.96286618555536,121.1743095835515,0.285467652240916,405.7919512794592,1481.9333534737402,1.0298062455894847,77.72025928245458,52.15256436259213,0.8859610651531292,normal
2026-01-20 04:00:00,MTR-009,122.05913368766944,121.99311191954507,121.84296128048385,0.17724124540276692,418.3840477536831,1483.5181635394692,0.8119958878181013,78.39302385200243,59.76388996683125,0.8724543762257879,normal
2026-01-20 08:00:00,MTR-009,121.42284987128821,122.63893866231274,124.18272265824109,2.2484023819014287,422.23173135580987,1481.1966043723935,1.0016649849271206,80.39907567729581,52.281421897159674,0.8699838732760549,normal
2026-01-20 12:00:00,MTR-009,118.7613003095848,117.4432051967831,123.49823011254466,5.05002407502669,410.7399298031414,1479.8148363679556,0.9397509538602457,79.69168768936937,58.301041806175945,0.867615091429492,normal
2026-01-20 16:00:00,MTR-009,119.82389856338858,118.82752862360657,122.11146347048765,2.7308253691749,411.2386712499617,1479.4812202509959,0.9361984804949086,78.05615236223234,54.65559567084148,0.8784318421924501,normal
2026-01-20 20:00:00,MTR-009,123.5353228579252,122.18724672519171,121.43468160556124,1.7164099950877396,416.76351959294993,1479.3060330169246,0.6662655227148195,81.4026502129133,53.95034175712205,0.877079133390535,normal
2026-01-21 00:00:00,MTR-009,121.17432419430233,120.42905737277096,118.15379213827357,2.5188090274213732,420.895517162027,1476.4720605886987,1.059269300768047,79.74597128268513,56.13357278117641,0.8672615836968737,normal
2026-01-21 04:00:00,MTR-009,122.05575103302053,124.16147409819563,124.80219929577562,2.2207313811103715,414.9916107304682,1477.9374285042852,0.9161712492466852,77.1236377616053,57.673188151089,0.8584435848537719,normal
2026-01-21 08:00:00,MTR-009,122.50952199396728,118.51650226727268,121.03029715662915,3.3086176021376805,410.08272791675,1478.7502178630434,0.8848737978683138,75.23930329253213,52.707864115783345,0.8609803186162165,normal
2026-01-21 12:00:00,MTR-009,122.67897077254905,123.22597541090622,125.37227572145784,2.1762484661113133,414.1655310534485,1480.3404830386771,0.809976525748676,77.16997239640686,53.97950042054294,0.868158374604578,normal
2026-01-21 16:00:00,MTR-009,124.48680258631956,119.01512908641195,122.4253392647126,4.485869680516105,410.8802716787528,1478.3295557270287,0.7809575250519933,78.8266975571005,56.6937394693685,0.8834892750611908,normal
2026-01-21 20:00:00,MTR-009,119.61705085442914,121.23632339047786,126.39261641692117,5.53489955080097,412.3246148285249,1477.3926122725063,0.9475887871918474,79.19440074126285,55.575988624854,0.8674982337075309,normal
2026-01-22 00:00:00,MTR-009,123.2368147959524,119.69148289356389,123.31504403681228,2.9681586506132818,413.7838356033867,1482.2793125773776,0.6376255797212877,80.71827536660403,57.20383566128277,0.8640587639003443,normal
2026-01-22 04:00:00,MTR-009,123.63757139216706,126.1261590296442,118.89410853317428,5.885172969849408,411.2827016470335,1481.1118419158436,1.0184248139475063,75.810908049762,56.03022390886356,0.8523928068675135,normal
2026-01-22 08:00:00,MTR-009,124.13820296956771,119.09479033098054,120.66740109170013,4.157796514903643,411.88837710330176,1478.3823113896312,0.7418841844506472,77.12168933210638,58.6164480182983,0.8851354143560229,normal
2026-01-22 12:00:00,MTR-009,118.93553871771353,121.73526608293297,121.63316506307592,2.3182694075412975,415.298136000889,1481.5188354144627,0.5911978970692062,75.64471466025097,55.3571771976673,0.8756902814598146,normal
2026-01-22 16:00:00,MTR-009,122.55267457134816,118.2546842656274,120.10486200484951,3.572605795139657,415.8601432485489,1478.6405263189422,1.173284297388903,75.3224015768411,55.44362229666192,0.8779600997000586,normal
2026-01-22 20:00:00,MTR-009,125.72197805263323,125.46928986475754,121.1821969831785,3.6574419211102542,409.30407866471614,1480.1891950884644,0.7712869425981632,76.74436250809336,55.643442744031596,0.8796168805192938,normal
2026-01-23 00:00:00,MTR-009,121.7850186073403,122.87033697375323,119.03526084716414,3.1634658305892267,416.58552689003733,1482.9251321641686,0.7916761257717457,78.73322448858804,54.715022296546884,0.8683526977124104,normal
2026-01-23 04:00:00,MTR-009,123.048646286927,122.29707941210734,122.0124088230061,0.846234804574929,413.4722645474744,1478.1887767205012,1.0701807496512112,79.54278886978064,56.69617431760185,0.8708459063374754,normal
2026-01-23 08:00:00,MTR-009,123.69259133403365,125.19762095277494,122.51492013829929,2.1669335560541336,417.88104609421043,1476.4827651764988,1.1781646350774961,76.10329178675666,55.474082447726055,0.8848860194195199,normal
2026-01-23 12:00:00,MTR-009,119.775869848594,122.31974289517437,119.82219826348184,2.1086608361444354,418.12199008275144,1479.564596250936,0.6700497632094855,76.38144816122552,56.57636001829029,0.8717958088931914,normal
2026-01-23 16:00:00,MTR-009,125.97736207889773,122.47622587465264,126.20819597875187,2.9882712335349075,412.8218352761798,1475.9096049514437,0.7565747909623997,74.44035364935313,56.88899970724832,0.87587525290064,normal
2026-01-23 20:00:00,MTR-009,123.083361728537,122.2856975136702,122.13775320668829,0.7719110148306753,417.45659077615096,1479.1676544719471,0.7675981766759106,78.428704416554,55.85690936312066,0.8787055071720051,normal
2026-01-24 00:00:00,MTR-009,123.12674388145064,123.22246022584997,120.22857981036452,2.4501324522365664,411.65217584120467,1479.1580875620596,1.0402202494043482,76.53572219605853,56.00343264846839,0.8764293133242265,normal
2026-01-24 04:00:00,MTR-009,118.39524728680382,120.93194935398411,118.46571031829767,2.1269583755082913,420.29504825134114,1472.6089476282832,1.14586981918943,81.3260627564237,52.979340424806935,0.8687183082973351,normal
2026-01-24 08:00:00,MTR-009,123.72327938456932,121.53523464002976,122.13000946678142,1.7867009484232588,411.80345519657413,1481.5919054912335,0.7379621157632882,78.81961759929919,53.89929282436036,0.8696611615718608,normal
2026-01-24 12:00:00,MTR-009,123.09834776263564,123.75752577194326,121.43502931549816,1.8918440057618349,416.41099843450206,1479.451930699956,1.112211800695233,77.65710851308646,56.686766905981465,0.8777764043797595,normal
2026-01-24 16:00:00,MTR-009,125.52269052412608,122.6015911127122,123.69832872335904,2.356849204450564,414.24956342142286,1483.5456893583157,0.7936448832706947,76.7177751449111,57.84726236363703,0.8777600285993472,normal
2026-01-24 20:00:00,MTR-009,121.32490033519767,121.75221764408073,121.68904582530524,0.35144485806418324,410.9324219430496,1480.6465959393822,0.9504184354418359,75.01065955961154,51.11913954898328,0.8816823259901946,normal
2026-01-25 00:00:00,MTR-009,119.85787882291538,118.96242254745339,119.41095659667938,0.7498979406853133,418.60366304714125,1482.2068257109465,0.7092819450858274,75.26425644610914,53.86427370549717,0.8755109698330984,normal
2026-01-25 04:00:00,MTR-009,120.52029942466723,125.24910461712827,125.62360234904293,4.122293233765308,412.54347276453285,1483.570116259621,0.8817104379627003,76.75571809085574,55.0472412048293,0.8759660561359205,normal
2026-01-25 08:00:00,MTR-009,120.90475831696195,120.56537953041789,122.9448219608867,1.9588458429813649,408.19971134008676,1479.6048487516878,0.8833330928890926,76.60219423595139,53.24145107583865,0.8655376663321556,normal
2026-01-25 12:00:00,MTR-009,119.57334621845284,124.14120787710488,121.44886643884445,3.752726643841119,403.4719465473279,1479.9975304334082,0.852726254052709,76.00165631430801,53.354960711636636,0.864188504889281,normal
2026-01-25 16:00:00,MTR-009,124.79821374043469,122.38119014232794,122.35708268154433,1.981778103904949,411.4998212222881,1475.2793703298294,0.9577456471979546,78.7541894548847,55.94983974758761,0.8778063067435149,normal
2026-01-25 20:00:00,MTR-009,124.87962914271401,119.19464953292366,123.02814433245373,4.645825731582035,420.5036336771959,1483.7186132357028,0.7489453702721212,79.02853118482972,58.162751938342865,0.8642581493198362,normal
2026-01-26 00:00:00,MTR-009,121.57534955486068,124.71604636904418,118.90096876631112,4.776998232971695,420.0309538700146,1479.5629078008353,0.7674415052719739,77.08273520539655,50.93635288735572,0.8697929899688314,normal
2026-01-26 04:00:00,MTR-009,121.14814736899072,122.55207037974655,122.34202124151933,1.1506237760663485,412.12560639060985,1476.982808348956,0.9656808217424033,81.87030453653064,54.65904770203661,0.8837902324097129,normal
2026-01-26 08:00:00,MTR-009,118.062421450223,124.89621570705634,121.0237322001448,5.6325208297020675,413.5021803411945,1482.2191674594624,1.1013052996463593,74.50654126696782,55.926560683580774,0.8822057029234509,normal
2026-01-26 12:00:00,MTR-009,123.50946263372515,121.60437579573721,123.10027730216586,1.5521568212038246,413.1403476977759,1473.4606564241074,0.8965779458928116,78.11632779794452,56.56042794440048,0.8730178883079718,normal
2026-01-26 16:00:00,MTR-009,125.5861278804756,123.5270088898841,120.39462764796505,4.214931916802577,409.66627141820175,1478.7121773313804,0.9755506160193259,77.56283959182414,55.638254686138076,0.8670386042016629,normal
2026-01-26 20:00:00,MTR-009,120.61799545767705,118.17727453183836,120.68846886538944,2.0956672545608344,411.20467251350664,1482.7249331236355,1.013712001544601,76.89859823606548,58.52280509987223,0.8687662108965649,normal
2026-01-27 00:00:00,MTR-009,121.74670733964942,120.91508737140553,125.60658264933005,3.821801354396593,418.92459807760315,1478.6868344441023,1.0245757782950238,76.60467430797388,55.057813186651586,0.8786766014105561,normal
2026-01-27 04:00:00,MTR-009,122.94192992498701,119.23901890609395,124.66971155711326,4.441065455850068,417.0155514855176,1477.8462341471543,0.7569712911245042,77.98608023417529,57.62398558078419,0.8696350072255383,normal
2026-01-27 08:00:00,MTR-009,125.74007182212281,121.18713547191673,114.85229397411536,9.028519700405017,416.09235543411955,1478.7515356086612,0.7834484654692644,77.54894434535655,53.70726465930806,0.8644171760698973,normal
2026-01-27 12:00:00,MTR-009,122.43329242780234,123.02330723946221,124.50888821085593,1.6830724900513097,409.65941355335656,1473.9702122065942,0.7964888109084698,77.21624694577488,55.1159658931777,0.8821577475640797,normal
2026-01-27 16:00:00,MTR-009,122.4238657734264,120.68873296544345,121.84025693860539,1.4263207817036752,415.40281285613594,1482.1464352953492,1.1892950701340945,75.40256073002125,52.5745698484023,0.8718160013912928,normal
2026-01-27 20:00:00,MTR-009,122.3889219047377,123.87357751864766,120.46403179246792,2.7891729416540936,405.7846201220479,1479.6313418740692,0.9762289408757856,74.763776364379,56.801728881097986,0.8642274417900825,normal
2026-01-28 00:00:00,MTR-009,118.90926282947115,120.14210235532263,119.81554990655407,1.0306100735457953,418.3712107650421,1479.1830261700156,0.9694973580577525,77.42296704960887,54.759114274717646,0.8747894018893263,normal
2026-01-28 04:00:00,MTR-009,118.86207182636012,123.91997985538306,119.94146932177496,4.183275472483531,416.0342996029486,1479.1939941507728,0.9549353629775608,77.19580779100694,55.71564212503979,0.8797121841319251,normal
2026-01-28 08:00:00,MTR-009,120.24754825543086,124.8407177642068,120.5252944842573,3.7688723873744374,409.61907019160066,1480.0422393953938,0.7018809894570752,77.60592627944635,54.373262737429854,0.8599232693521224,normal
2026-01-28 12:00:00,MTR-009,124.19684711168995,124.19822557299734,119.55537466294783,3.7854425318822957,421.4657022299602,1481.9603121120163,1.1907285706165558,77.78275640422098,56.17285700331803,0.8679954608664706,normal
2026-01-28 16:00:00,MTR-009,121.27264777588246,121.25349218980921,119.0620238462069,1.8340953750014477,407.8153413633257,1479.8438093764023,0.9718781296180441,76.95499531623436,55.7948679477115,0.8675331663241159,normal
2026-01-28 20:00:00,MTR-009,120.85134766304213,117.39012730757004,119.7435310506141,2.900585469158056,417.1212247289984,1475.9150903554605,1.008474016898243,77.57518515236359,53.01069714005759,0.8745228716578347,normal
2026-01-29 00:00:00,MTR-009,120.81323908079041,123.26265553070145,122.70140533898692,2.0034635051638316,417.22068707591467,1481.7265483646322,0.6351718066626297,76.29294338379302,53.12646513483398,0.8763200832285986,normal
2026-01-29 04:00:00,MTR-009,121.70143752580148,121.72837981875081,122.108639966678,0.3341939263012863,410.0413182425901,1481.4957090730127,1.0169465778542277,81.04789161832656,54.9444625393173,0.8644852608872051,normal
2026-01-29 08:00:00,MTR-009,125.69168298596267,119.87797442319045,123.20559088158802,4.729472970096446,414.84859723675953,1480.6165809946494,0.846568132480856,76.40051970370007,56.319147914813314,0.8550724882409397,normal
2026-01-29 12:00:00,MTR-009,121.67206967013246,120.79349251708106,121.85605119317997,0.8749620970108101,408.4526886313885,1483.2257239208839,0.7015825537910645,77.25803858106931,58.725791106227696,0.880317987545994,normal
2026-01-29 16:00:00,MTR-009,120.29460829412031,125.11110913077806,119.16595771842374,4.8921667406145595,403.61450273469273,1480.091136029239,0.7569354501192305,76.55242242177223,55.60598171333146,0.8588005472942278,normal
2026-01-29 20:00:00,MTR-009,122.05475496440816,119.53323547600998,123.07238742517724,2.9116011752214863,410.72849509227336,1483.3341282669678,0.710265868731995,76.5188369195902,57.01506280497708,0.8727118420504387,normal
2026-01-30 00:00:00,MTR-009,125.80658133160725,123.01571056756956,119.82094058626241,4.871084195677939,412.53350023095203,1484.221633064435,0.7077323707328085,78.04928313327589,51.774298130471664,0.8686801910126932,normal
2026-01-30 04:00:00,MTR-009,120.90942905404187,122.47272706538246,123.40243457498045,2.03907600061832,417.57702472324314,1481.7469386565735,0.9090821730546316,77.79553158023397,59.025911698867965,0.8716244390520408,normal
2026-01-30 08:00:00,MTR-009,119.43853135949199,121.22486586508597,119.47124906025334,1.4880555292487758,415.2696323402433,1477.7561991343662,0.8419855816902524,77.08107921924957,56.211372422258385,0.8865123397170686,normal
2026-01-30 12:00:00,MTR-009,120.91340560165136,123.39791978403896,120.50893958362258,2.375674115027074,415.3741818375446,1479.6076428444926,0.9501104043242081,77.43304801689138,54.90079097768244,0.9003828161362183,normal
2026-01-30 16:00:00,MTR-009,122.27927423705793,125.54015860596732,121.21618168623492,3.515089126490984,410.9423135068657,1483.7165681021752,1.1513963806602008,76.56037289801345,54.67060790508415,0.8536656258860139,normal
2026-01-30 20:00:00,MTR-009,123.4927181511234,121.3580706937935,123.46270907962574,1.7387205215329111,412.8799547838345,1475.5071164017916,0.8805744429558994,78.80345127545232,52.785600404282,0.8798390615533292,normal
2026-01-31 00:00:00,MTR-009,124.1838186062086,121.47256754372611,122.38171848461408,2.2100301803053926,411.2802935605234,1478.8241389954642,0.5632666059062359,82.11038548518142,53.35742640855966,0.8684375222732236,normal
2026-01-31 04:00:00,MTR-009,119.73195542358393,123.34918966060097,122.04338064537623,2.9720552705595913,410.10010397188074,1478.9711054906597,0.8637062682678276,76.25031744553357,58.82087126426683,0.8804785451371255,normal
2026-01-31 08:00:00,MTR-009,119.93772211903989,123.99156665271236,126.08980607603107,4.987918766345282,412.625202292051,1477.4043681989388,1.0790091654596807,78.7879264474692,53.02199112342797,0.8795726307617916,normal
2026-01-31 12:00:00,MTR-009,121.29888007741735,121.7230172573843,118.0157876325428,3.0804786695689277,415.29804954038536,1482.6186368497563,0.8871090791254755,78.08989791404142,52.98346448426731,0.8840974480719817,normal
2026-01-31 16:00:00,MTR-009,123.48458931578705,121.337678296828,119.74787426827614,3.074893924306947,412.7094459223032,1481.1304452131224,1.1293995980537552,79.33725951626518,53.59555902784884,0.872849649151627,normal
2026-01-31 20:00:00,MTR-009,119.26718287086977,117.19017110172781,119.65502232318654,2.0764663506764314,413.7059893223001,1477.8668249301986,0.9679412389706729,79.39358592099214,52.60363849407746,0.8611042351504498,normal
2026-02-01 00:00:00,MTR-009,120.68277541207183,120.31258511451165,118.15965187892414,2.1075497592935766,417.77965924364554,1481.8165387607075,0.6242595398403916,78.41082539443732,55.03061314969102,0.8792764948870962,normal
2026-02-01 04:00:00,MTR-009,120.71440471131986,119.52895957347127,120.43944212316275,0.9860008157758812,412.9969823252372,1479.5247512959954,0.9164373375657537,77.9203588477698,57.17782102533048,0.8711799757614407,normal
2026-02-01 08:00:00,MTR-009,124.04254862852362,123.48487554755646,123.49169489747908,0.4509253450547362,409.66413347604845,1477.329416280333,0.9445501941397093,77.13109960070311,53.77901534745593,0.8676615678486587,normal
2026-02-01 12:00:00,MTR-009,123.14573889424109,121.4710016048124,120.71678253121917,1.9945799193636995,417.25381408640493,1477.8612447692715,1.0620533701910466,76.47007929378273,52.253351440478355,0.8652377611929504,normal
2026-02-01 16:00:00,MTR-009,123.96006471196606,121.38615758443112,121.27775355409192,2.1948737681312998,416.0633985940331,1481.3081532243277,1.1729454857417352,77.80630867809643,55.58372262602931,0.8800633556910513,normal
2026-02-01 20:00:00,MTR-009,124.90344378411436,121.98035797045327,118.26396997330855,5.454893326656118,416.31463799268926,1482.8170296355654,1.0361588279563048,75.43082233716464,54.88845132464037,0.8860336949200738,normal
2026-02-02 00:00:00,MTR-009,121.33707890487347,120.11268392257247,120.27242453031889,1.015471285777109,417.50335463014284,1478.5396953011357,0.9660719696080826,76.81228801976506,57.00544910016325,0.8580464744130036,normal
2026-02-02 04:00:00,MTR-009,119.42464798413957,125.36882056490717,120.99862678574782,4.875041852936002,416.8265661092318,1481.633324001007,1.001428240736752,80.21370724894514,54.09098340139546,0.8762195224247893,normal
2026-02-02 08:00:00,MTR-009,119.43862113106957,124.81563835070199,123.39329513867996,4.387640134190606,415.1149147698852,1484.7452624727325,0.8747989790325649,78.19702444215939,54.47968644074665,0.8662761281457736,normal
2026-02-02 12:00:00,MTR-009,118.01334892556127,125.50949382278787,118.36729243473737,6.214160737015534,424.56581065140836,1476.2233883308893,0.6805683244788856,79.7853288378711,54.70093927091346,0.8553272760180789,normal
2026-02-02 16:00:00,MTR-009,121.00498572054622,123.48225603930923,121.01313658705816,2.0333251062288022,409.8601250147922,1481.0670096185158,0.906224412933429,80.93928777331685,55.178008221106964,0.8714770582076301,normal
2026-02-02 20:00:00,MTR-009,121.16666383983161,121.93606524386354,124.35718754966052,2.6047932566852063,412.6543308860458,1482.4919670738861,0.9547935491188358,77.64594108817036,54.21487664528482,0.8616686221981044,normal
2026-02-03 00:00:00,MTR-009,123.70811583342606,125.50216844385493,121.03466380718154,3.619904600821909,418.86933745871266,1479.7145505502035,0.7194513561132116,78.41465166838728,53.89071178390798,0.8542224677219981,normal
2026-02-03 04:00:00,MTR-009,122.03668505769859,120.52305859588651,117.41158235515593,3.854559267670964,415.5703451683823,1483.714849632567,1.0989932459249911,77.39630821169449,51.299244630236316,0.8621825952777546,normal
2026-02-03 08:00:00,MTR-009,120.93653208515914,120.11044452547506,124.7743901304263,3.8247729867450744,418.03169213604497,1486.5965111147839,1.0508116523223647,76.37478847904879,53.869225581759764,0.8597222608208615,normal
2026-02-03 12:00:00,MTR-009,121.74841165170504,120.69538835907693,123.5939098131498,2.3755924946643603,415.6790257181475,1481.030066045159,0.6942357877068197,76.09406348133518,56.4304465361635,0.863533131469366,normal
2026-02-03 16:00:00,MTR-009,119.74658195532086,123.13404968112968,123.88562587305978,3.385570918528342,420.4962262046399,1479.299230803166,1.1048748433184812,79.68630074519298,56.70049103873777,0.8567411592304631,normal
2026-02-03 20:00:00,MTR-009,124.22399291789613,120.34707851389696,118.21792702394777,4.966577751404235,410.96995657746703,1482.930948422986,0.853752844618523,78.4172545609713,54.0577739528174,0.8660485989137379,normal
2026-02-04 00:00:00,MTR-009,120.2954364682176,121.66301325222052,125.2803484187264,4.072210215070831,420.36983955762685,1482.5262065811337,0.7832262652322477,81.6932061441621,57.598971996363524,0.8628675087191603,normal
2026-02-04 04:00:00,MTR-009,119.52761573020126,118.52575385148546,120.32285009095882,1.5043656421580351,419.6839859728171,1472.4435071352455,1.061891653911979,79.94410402584778,54.94259185659929,0.8737561387714565,normal
2026-02-04 08:00:00,MTR-009,123.77389511001442,123.0434473810177,120.89508353431346,2.348692651063036,410.1588435430785,1479.9917933317267,0.8923418380859913,76.53757402092727,52.3243072563681,0.8759353898639831,normal
2026-02-04 12:00:00,MTR-009,123.24529837191804,118.70957136362064,120.47575441331512,3.754423638137046,417.5226616395507,1478.8162015997827,1.1848777981255305,79.68068436045354,51.69523188709149,0.8726014857677844,normal
2026-02-04 16:00:00,MTR-009,118.26151793450312,119.97824624544756,124.0538015324184,4.796345405576878,414.8278402710536,1481.1901170745418,0.7720667934169874,77.38984892179549,57.436515845239455,0.8676455554212649,normal
2026-02-04 20:00:00,MTR-009,123.85440354550484,124.63990027479805,121.61003735101073,2.455953027353056,412.57367192352376,1479.4190251591185,0.6402513714041018,80.43371941825801,54.25399254947785,0.8673757240430768,normal
2026-02-05 00:00:00,MTR-009,120.39156796498712,124.55997928306321,123.04484277290116,3.398194735963664,407.44552324112914,1479.744471723187,0.8579342578250788,77.02733224551396,52.57187095385484,0.8616292501258863,normal
2026-02-05 04:00:00,MTR-009,121.18860884688358,122.81184350088307,122.16462088518921,1.3299203878192773,410.9567453155307,1477.4103617216167,1.018383374859071,75.89514807951466,50.48144765712893,0.8618700534059006,normal
2026-02-05 08:00:00,MTR-009,122.40562583357618,122.59788367949686,121.79386445421268,0.6575994941740413,417.8324485607383,1482.2035876552734,0.7609285521696685,76.40848984587718,54.208567778249716,0.8770360386807874,normal
2026-02-05 12:00:00,MTR-009,123.27232418985338,120.84840752083876,119.9465305639638,2.740532289371761,418.2553650770422,1484.9651266644062,0.7004849425800181,76.51067019517018,55.809501717992724,0.8524029740134954,normal
2026-02-05 16:00:00,MTR-009,122.96619483221117,120.32365783152802,125.9303315849164,4.555553021672698,414.1571580776953,1477.4569841523548,0.9343391104054132,76.31949647076267,53.60461771190759,0.8691927506168706,normal
2026-02-05 20:00:00,MTR-009,121.89194957563498,121.21433800664177,118.82606181906421,2.541265870521339,418.26794057257314,1475.808834930559,0.6804469184748726,76.85478344878979,52.893509679732254,0.866764709384388,normal
2026-02-06 00:00:00,MTR-009,121.0789958021735,118.7170522793884,122.89413306368411,3.455081776219567,418.78104031157653,1480.0600096594824,0.946003904942012,79.71338374065047,53.90124846278655,0.8759913210137489,normal
2026-02-06 04:00:00,MTR-009,122.89406088204417,122.54753286585506,122.81692629754824,0.2822973514473033,415.6185598345054,1479.914033016894,0.8489065423157734,81.59208841653236,57.486384038289714,0.8557498801657765,normal
2026-02-06 08:00:00,MTR-009,121.74322993500452,122.10590928402891,124.50367052285503,2.2482037721809167,412.1106655045992,1483.5127983583611,0.974169973252856,75.33962096889299,52.21403676464962,0.8701248070548594,normal
2026-02-06 12:00:00,MTR-009,125.91561322690423,119.9755129859795,125.01061304800484,4.8045880718395715,416.7642164512626,1476.3124151428644,0.6924256794113097,80.5270260856663,53.716597939154966,0.8734298434135911,normal
2026-02-06 16:00:00,MTR-009,123.27185598606805,125.40229678397593,121.70201939326495,2.9971777361634055,416.94793883063545,1478.3861344749278,1.0947244727165857,77.04459256805114,57.42151547923518,0.8509526878137601,normal
2026-02-06 20:00:00,MTR-009,119.99721411113202,123.31632840275591,123.15036631685012,2.7171414796731748,417.69577756140126,1473.5568902821994,0.8725448272509465,78.69576506240446,55.988352578847504,0.8592567202713827,normal
2026-02-07 00:00:00,MTR-009,120.96413877213182,123.50052800158366,125.82781498089255,3.940406393654962,418.46161308000893,1484.1249509086354,1.0145284001857235,74.69170793885341,55.35825562755791,0.869082101531872,normal
2026-02-07 04:00:00,MTR-009,122.10452347779021,120.94301384930172,121.85863883440862,0.9549109094616364,409.5513417123151,1480.75163388497,1.0439813191927334,79.04807003468972,53.7031077291675,0.875141469076343,normal
2026-02-07 08:00:00,MTR-009,124.8183219242417,121.99711520854736,119.68702428519197,4.200215424909002,412.96028301853704,1478.6097012580576,0.7263832571451067,73.98937520636787,55.06100962900086,0.871824993111127,normal
2026-02-07 12:00:00,MTR-009,125.06052997531876,123.36070161356206,121.16613138223414,3.1611459021035166,407.40551461724874,1476.0331855642264,1.0323386264412115,78.62787014462033,53.924341863093396,0.875604542529498,normal
2026-02-07 16:00:00,MTR-009,121.14082780649602,122.33136797842184,119.17036778967173,2.614971743188615,417.9879841534214,1476.3085718254683,0.6862399837283512,78.51451209405867,53.2812277378585,0.8592062748735935,normal
2026-02-07 20:00:00,MTR-009,119.97505112135268,125.47434481318976,122.80642935006856,4.480005458911792,414.15075420807835,1481.2428006993741,0.6944793385860161,78.38201526859093,52.83988504939652,0.8541124965027197,normal
2026-02-08 00:00:00,MTR-009,119.69772956040613,121.55800740499834,124.30868724254502,3.783976812401172,416.72325628278963,1476.677724863198,1.1945998853982651,76.53017969873414,56.568191192745,0.8708450580575678,normal
2026-02-08 04:00:00,MTR-009,122.54748992676133,120.90566426786124,121.73747445276018,1.3487413395419194,409.09728500723935,1480.3120162694456,1.0667780053194937,79.09905334885929,54.879187735567726,0.8577064676178588,normal
2026-02-08 08:00:00,MTR-009,126.99665219065838,123.3756240165247,118.48431775940722,6.923287725219991,420.6039233987722,1486.128834583405,1.2110496263150632,78.78216301883343,55.62902748760539,0.861346776739522,normal
2026-02-08 12:00:00,MTR-009,123.1692352127844,119.25712058277415,124.21584714448065,4.057410621535119,410.2226433415229,1478.9572371311656,0.8444678954088134,77.58009443271776,55.30334637160281,0.8793227835482638,normal
2026-02-08 16:00:00,MTR-009,118.54298083101425,124.00469734651715,118.14740491891511,4.871670867248152,418.0982532175298,1477.1156666680768,0.9153642996117013,79.34370061435038,55.88183765561672,0.8718909955676685,normal
2026-02-08 20:00:00,MTR-009,120.425377767182,119.17890062804939,118.64699585943802,1.4892189104788354,415.47180068357017,1481.1460216163582,0.9791032120128546,77.80879170686899,54.49056242002822,0.8643185509474458,normal
2026-02-09 00:00:00,MTR-009,120.64679941999859,123.38501918682921,121.61320385290034,2.246621393949546,414.2422288898953,1476.3226247776547,0.8981706650109159,79.05755431781752,54.03668509789085,0.8630196849535904,normal
2026-02-09 04:00:00,MTR-009,120.21716786748411,120.5939666913944,122.54609422173175,1.9228402545312895,413.9193595735513,1485.1599535909882,0.7880795968956144,77.74824134521182,53.369439341217756,0.8762092155688916,normal
2026-02-09 08:00:00,MTR-009,121.15870139303156,123.03365806101287,122.91580790841812,1.5322105319411856,412.4477479627355,1484.210859005585,0.7655872953179927,78.43340398221908,52.17206173318577,0.8721197093564999,normal
2026-02-09 12:00:00,MTR-009,122.8011764096788,123.96792603412345,121.85655066045031,1.7183085516916108,420.1807847076031,1479.507485143139,0.9320793349243425,79.14944588215053,52.75593365875417,0.857854433576773,normal
2026-02-09 16:00:00,MTR-009,123.47914138057534,122.3327535262485,125.81733936615916,2.8129534911812426,415.05045133740896,1477.3081204557272,0.7399710237506543,77.20417485276393,54.269164557799556,0.8505217626689905,normal
2026-02-09 20:00:00,MTR-009,124.36791370474366,119.39815544710821,122.14134289088268,4.0746031051060205,409.9231138785871,1478.7226903816738,0.7357704761449722,75.53232682749162,51.793921031129045,0.8888180183264015,normal
2026-02-10 00:00:00,MTR-009,123.13693713620899,120.05499413635782,124.2440801495797,3.4202575820003522,413.46415919186063,1479.1130031637438,0.9590358016731889,78.55215801109631,52.23542819172794,0.8577752077468244,normal
2026-02-10 04:00:00,MTR-009,117.76166525653123,120.41961928522451,123.70681701012539,4.9284447828759435,415.51335610881176,1481.1507013951211,0.8857260972771578,80.37878275722586,57.084279785270354,0.8752769650330012,normal
2026-02-10 08:00:00,MTR-009,119.70682382793208,117.88994060410793,119.19590052748529,1.5276798563363887,418.5912211257813,1483.1188969879033,1.0405809405872528,78.5983019459149,55.448358969707584,0.8851069293233818,normal
2026-02-10 12:00:00,MTR-009,121.65711160005651,124.44537420027191,121.63187343202074,2.2952715983279868,412.5815211179312,1476.8904621077243,0.8362632884875737,78.63628462939275,54.09632654359296,0.8714759756883316,normal
2026-02-10 16:00:00,MTR-009,122.31943364273124,122.23881111932928,126.60524626880506,3.529254833778359,412.84889377678184,1483.0327286960282,0.8128116075036697,77.91564778700672,59.54314891780912,0.8639956332353279,normal
2026-02-10 20:00:00,MTR-009,123.8683207094205,119.53718752865676,120.90611903678736,3.566561857903045,415.0937285085896,1481.853056838434,0.9635330094053207,79.4782373055464,51.70350056257394,0.8557395095830429,normal
2026-02-11 00:00:00,MTR-009,122.09366167997239,125.15719702417636,120.53682304050638,3.7687836322460986,418.4936992797893,1478.4766315275801,0.7781962688169259,77.62812916772413,56.951222552923646,0.8555998946367996,normal
2026-02-11 04:00:00,MTR-009,122.109978399491,120.47889727614478,122.36995948338128,1.5544730186454117,409.5249818576159,1476.739864312969,0.8012808411664972,77.09220243774628,54.77706783444117,0.8737669484867638,normal
2026-02-11 08:00:00,MTR-009,122.51575605871938,122.54346388741573,120.98383233120487,1.2782361636214095,417.021418523967,1480.3486981518777,0.8072318414430878,80.21059650574973,56.57009404582563,0.8845097632294998,normal
2026-02-11 12:00:00,MTR-009,121.44688618433233,120.21007988419669,120.27854295645737,1.0251602310042396,413.14374987948537,1476.8212345488937,0.8685446840556671,76.93892336341463,55.217907434541615,0.8660454090329547,normal
2026-02-11 16:00:00,MTR-009,122.18844421449054,117.62261797855749,120.95181201592345,3.7968093967077468,413.70226967300607,1483.0710425474879,1.1658654814943854,79.7789418929035,51.25550987550948,0.8644427953785063,normal
2026-02-11 20:00:00,MTR-009,124.44180490381216,119.04068003235815,125.10586986501283,4.936555716139961,423.00630298051897,1476.6283516836033,0.6934816762564264,80.21187092391541,55.19092093511766,0.8769748109081119,normal
2026-02-12 00:00:00,MTR-009,121.8180065839707,121.02727408772081,121.70368923803976,0.6507212156811362,414.2141231017939,1481.6431185794895,1.0943261373176187,79.13363386412412,55.671111709279195,0.8631405274609525,normal
2026-02-12 04:00:00,MTR-009,121.93447195257453,123.94830610288246,119.11955281784756,3.968812971808934,418.0187750012343,1479.7581509055547,1.0106680134434876,75.50152896085473,50.61602940295117,0.8727448290762843,normal
2026-02-12 08:00:00,MTR-009,121.9271569887716,122.75159189176796,118.72118973072433,3.327245053848255,417.8756553488134,1478.3181253468745,1.135046827105499,78.05430981844499,58.8880965876038,0.8704180145008551,normal
2026-02-12 12:00:00,MTR-009,124.81472720502262,122.30408934031807,126.78631469707814,3.5962801648641047,410.27990434360595,1479.6915054810422,1.370502907248341,77.59600000588277,55.62241518834554,0.8659053194142194,normal
2026-02-12 16:00:00,MTR-009,119.59675545114325,117.64047342266888,121.51561256762737,3.2405088105129742,407.6184226991084,1483.2399495089026,1.1147179531181783,77.00800148932937,56.34397548027299,0.8698446184126348,normal
2026-02-12 20:00:00,MTR-009,125.85161459848047,124.75467573363505,122.94255248209389,2.336290559331312,418.28392836966765,1476.4232277730187,1.0388500421861793,78.28550317469285,52.66894122084738,0.8876315211464998,normal
2026-02-13 00:00:00,MTR-009,119.4485584666508,122.48513640839926,120.3269685046501,2.514690317258405,410.6658152302059,1478.7635303344246,0.7031255472562474,79.5384126949951,56.38123504429124,0.8760453294410095,normal
2026-02-13 04:00:00,MTR-009,120.58106894432024,121.74099634263389,122.696182902242,1.7383629189071055,408.34326818171587,1477.7447693059385,0.7220666607733436,77.0828946797376,57.17900891912611,0.8809250080425598,normal
2026-02-13 08:00:00,MTR-009,123.6152545583159,124.45609990077591,125.16512386658465,1.2457538838819326,419.10464885937677,1479.884148599354,0.9540285276547833,77.65723465145265,55.50713645627569,0.8608130563907994,normal
2026-02-13 12:00:00,MTR-009,124.23464243284957,124.70568178267253,120.58531362814688,3.3451276982319764,410.92229306489764,1477.945957322462,0.6452885778120654,77.51788213233603,54.98125688295847,0.8809593614760758,normal
2026-02-13 16:00:00,MTR-009,118.9559665764655,124.50417795925904,122.99462377162182,4.542070560375607,411.9099300972624,1474.69575627284,0.992315887693683,80.32774209108862,53.212823750203164,0.8763902047546899,normal
2026-02-13 20:00:00,MTR-009,119.6300510699352,121.46409684270576,118.9510925216244,2.093907130712504,422.8974926203572,1476.834587359203,0.5797617163858484,77.48579876437883,54.56758616443335,0.8550040390344064,normal
2026-02-14 00:00:00,MTR-009,122.60261018232116,119.82357083705472,126.38737184783554,5.339121320043303,408.36105855447374,1484.9132650556144,1.0728350078346924,75.5311886844765,53.97594097148144,0.875397907333711,normal
2026-02-14 04:00:00,MTR-009,127.08478516101658,124.14486392695703,122.5824245953749,3.613334787138716,409.9748558343723,1480.740184633859,0.8517449532099602,74.85313032201897,56.14399127478537,0.8648672586320533,normal
2026-02-14 08:00:00,MTR-009,124.7030054983438,119.03934858569616,121.10469601758258,4.65701195424503,413.1612074301043,1480.6370861614241,0.9189895418205284,78.72545913313193,53.300248149765196,0.8545419632367438,normal
2026-02-14 12:00:00,MTR-009,121.46190506568745,126.22338350430297,121.35394412371711,3.9584729339284324,414.03897264066234,1479.152162829974,0.7877441555369277,76.47863652022819,56.129301443007115,0.8712977573232762,normal
2026-02-14 16:00:00,MTR-009,116.75317769164013,122.06072790246643,120.89378387038668,4.42655275348252,411.4250188715294,1479.8451237276724,0.6152210384666141,79.33744901054496,53.322028874540685,0.8753904259106261,normal
2026-02-14 20:00:00,MTR-009,122.17707401954456,119.69905992541601,121.00468568847883,2.0486181358097375,410.3653796107083,1478.710564231506,1.0852042918791394,75.33756002298574,54.475294891679965,0.8715160806864456,normal
2026-02-15 00:00:00,MTR-009,122.78578151190897,119.32821398031811,116.69165498014829,5.095343278795329,421.0399772977277,1481.5807855931232,1.1003552092432072,76.92217566677878,56.232088794025636,0.8689086141515424,normal
2026-02-15 04:00:00,MTR-009,121.16997676067375,119.22901709271397,121.78752321216348,2.119217032300333,416.05194449641886,1480.302426562778,0.8472768352194453,75.3388623009597,53.59240656002791,0.8666941466154167,normal
2026-02-15 08:00:00,MTR-009,120.15487418939227,122.30443154879899,121.69661868384183,1.7708546382858101,417.34067497683674,1476.4861953695242,0.9992894347101012,78.86922143109784,56.3010729779552,0.8946658800934155,normal
2026-02-15 12:00:00,MTR-009,122.34521176460817,121.9861357680481,123.05985257859162,0.8767630881347096,414.4510992937659,1480.7611735093126,0.8413662869684394,79.2976950812493,56.105988315342735,0.8581743061147136,normal
2026-02-15 16:00:00,MTR-009,119.95634016613221,119.3194221303445,120.86535934105126,1.2877761947962414,416.1578197954365,1472.6237742301853,0.943273476639937,78.6772503152732,54.45809865324611,0.878729219823572,normal
2026-02-15 20:00:00,MTR-009,126.06113309544293,121.22688700515876,120.32770790532969,4.678873687923981,418.7316066444384,1481.2415775990335,1.0138708798380165,75.82812735919231,57.32356640271158,0.8701542297088898,normal
2026-02-16 00:00:00,MTR-009,125.28965093865112,119.03310014038856,121.98313700936421,5.124037861563899,411.0148039418187,1475.7719294294905,0.983262738686081,76.50847251177866,55.15556868395423,0.8614553349373296,normal
2026-02-16 04:00:00,MTR-009,123.42693939652119,123.27813013911447,118.50295270387487,4.044807117695578,416.05934398607195,1479.7118347414898,1.1011454420114017,78.46862797722311,57.2045530531707,0.8695160094937142,normal
2026-02-16 08:00:00,MTR-009,122.19457225657878,121.88159327171998,122.31106895785278,0.35165719138806706,417.78416925363155,1476.4161171904113,0.9778321013558003,74.62451718375127,58.586929849754355,0.8560706736241138,normal
2026-02-16 12:00:00,MTR-009,120.56817744770036,121.17928700938793,117.961920894904,2.6833045609879727,421.17918938553703,1480.0084695985993,0.9042126925557893,77.5177301112242,54.51739795659738,0.8640450959319315,normal
2026-02-16 16:00:00,MTR-009,121.95491490782773,119.20623094989799,124.43093111390857,4.287319523406379,422.791563919207,1481.7348355578288,0.7857871548183867,81.03381070667176,56.28990996805479,0.869530656741644,normal
2026-02-16 20:00:00,MTR-009,125.55545334213845,121.34899585373907,123.48410550383315,3.4070632866691,415.27943918792704,1484.5084812557488,0.8282241929514119,77.64008890163925,53.72486414935425,0.8544888294140087,normal
2026-02-17 00:00:00,MTR-009,123.88401413563145,121.10050130623553,119.99120574357813,3.199781382232298,419.55455579874854,1475.3759270349656,1.0215077095087524,75.0229107219361,52.934371180983604,0.8750638253848806,normal
2026-02-17 04:00:00,MTR-009,122.44178591954005,122.68911391195681,123.43393489115094,0.8075775642221804,404.3193282665138,1482.9264188670134,0.6747260221628822,76.78518150464772,54.60908068522714,0.8603623895908846,normal
2026-02-17 08:00:00,MTR-009,124.00399766699461,122.36224343698257,122.2418619619373,1.4341537994422753,421.20913163750686,1480.3934581161325,1.0658710955119195,76.73861534864484,52.27479944050108,0.8554827904198645,normal
2026-02-17 12:00:00,MTR-009,123.18336890546597,123.71789035473209,119.81156892102484,3.1956788529171507,412.0964653531168,1478.647998541526,0.8578284410978201,82.28061755967312,53.12478444070538,0.8591958226417163,normal
2026-02-17 16:00:00,MTR-009,122.85948195317685,120.94900731897569,117.61260637898758,4.355204195872778,414.03561020404845,1482.2795695151783,0.7772091143388166,81.3313581610278,56.18286519864213,0.8917595416183549,normal
2026-02-17 20:00:00,MTR-009,124.12673275727941,117.96497416412494,122.68631383783159,5.06754100507175,416.76441793746807,1479.2922254467444,0.73519137348278,79.46187086820315,53.972701969102324,0.8502193585813116,normal
2026-02-18 00:00:00,MTR-009,123.1213755141088,124.14957032791041,120.27729092710268,3.1606295556031694,414.3862305307379,1482.152591549202,1.001155167847258,77.3138481385172,56.42102817424372,0.8743612308876979,normal
2026-02-18 04:00:00,MTR-009,123.86210274404644,119.96984948281106,124.37486733338528,3.58903009116064,415.78581351827256,1477.023190860616,0.8978037969295023,80.40125932195944,55.59882387603498,0.8624836372898071,normal
2026-02-18 08:00:00,MTR-009,122.35003057876284,119.59921990279358,122.03043760948597,2.2672781745567088,421.3507718729046,1478.101008903111,1.1383147834844731,75.73308072189909,58.70230812403823,0.8664987182848244,normal
2026-02-18 12:00:00,MTR-009,121.44882932570324,121.90648500437551,120.48268286270805,1.173985800812087,413.4631198186161,1482.830800158384,0.7105386524211119,80.15315063048851,56.04867457115209,0.8760393092868033,normal
2026-02-18 16:00:00,MTR-009,120.81109562256536,122.65559115698579,125.899312452214,4.1326625950126665,410.65230473399777,1484.4562015707113,0.8132754565407205,79.85594707484009,57.22843614055863,0.8755481871483892,normal
2026-02-18 20:00:00,MTR-009,120.55267961124521,120.84867481782771,123.25024839284563,2.219298169039841,422.25385542919423,1479.8949043025414,0.886166826280888,77.69730853070143,55.80376932625509,0.8631930358083821,normal
2026-02-19 00:00:00,MTR-009,118.5185636626157,120.83163542863802,114.07252346946309,5.7374171447171785,417.10705686801873,1471.6381332239328,0.7872214884045099,80.27837262670154,55.622787002156144,0.8564217599336671,normal
2026-02-19 04:00:00,MTR-009,120.02210358202626,121.15190736413516,120.94507029702248,0.9359935783252736,422.68895590125385,1479.4028521521745,0.9009177996212705,77.1055577410723,57.32946608422663,0.8762214097370064,normal
2026-02-19 08:00:00,MTR-009,119.95939323361732,125.07231862793179,118.99806476399084,5.005843686948649,418.45451964231563,1480.0972783534673,0.9479251149623279,75.46982880380354,56.33759493173053,0.8755237719300935,normal
2026-02-19 12:00:00,MTR-009,120.89962464159908,121.9941915256517,120.26532713952217,1.4281874087381292,409.70562243194627,1479.3016798699205,0.9726726358694611,79.95593002599985,55.420127225914854,0.8671503049121181,normal
2026-02-19 16:00:00,MTR-009,125.38833411018439,119.90059615263397,121.68609150812335,4.486194671561943,417.58153868702755,1481.0090156849965,1.1259250696326693,77.82951414172108,55.411309331859435,0.8744194438380838,normal
2026-02-19 20:00:00,MTR-009,121.65826562528781,119.92267431925045,122.76789187640321,2.3427144335275716,411.06420773646977,1478.569270217208,0.704479135682763,79.20356120659733,56.076458623660834,0.8655417051902446,normal
2026-01-01 00:00:00,MTR-010,128.08862429414182,129.20172615576482,131.2379179822306,2.4317100792671393,413.75806574274964,1480.399463584515,0.9010825719131847,77.24679051211695,54.39542311381299,0.8804547250046607,normal
2026-01-01 04:00:00,MTR-010,130.00915704081316,131.3773374248541,125.21729593426039,4.78011983603784,410.8496325140414,1485.2089714265496,1.0140114168582621,77.82519658061764,59.650110031751176,0.8711267934624907,normal
2026-01-01 08:00:00,MTR-010,131.19954233496705,131.11693803619153,133.27388261395217,1.635740993398636,414.5281296633253,1481.8601556029173,1.018729160509166,80.12525499477597,58.069892548063024,0.8712405541783854,normal
2026-01-01 12:00:00,MTR-010,130.71471173407673,132.28181947749155,130.701173489346,1.2044616739737053,412.835323612858,1482.7675263898145,0.9817764263446399,79.84485550123662,55.991010196190445,0.8828134002419431,normal
2026-01-01 16:00:00,MTR-010,131.1767315272883,129.7750110354173,130.35367338420534,1.0746494436927323,416.98234457003883,1480.5723698100603,0.8072353249208197,78.36966577671818,55.15692778689683,0.871113584956981,normal
2026-01-01 20:00:00,MTR-010,128.24221771506512,129.15991054635526,126.231703571674,2.2898452104885414,411.4586897559826,1475.1532339045957,0.8024806434859273,80.38107796874557,56.07626509870687,0.8627182315320339,normal
2026-01-02 00:00:00,MTR-010,133.65590304388573,134.0500465868282,127.02650335463171,5.337952209713971,415.3593364885138,1474.5583525885916,1.01931067098614,76.1130276423712,56.65366943574582,0.8758575856016222,normal
2026-01-02 04:00:00,MTR-010,129.20871980099517,130.13559428334315,129.0788288647269,0.8161965406537387,411.7664446510829,1486.2484299706255,1.0217998398325097,80.15467377455674,55.83765337140902,0.8488635658561505,normal
2026-01-02 08:00:00,MTR-010,129.72517271658742,127.65035255319565,131.86606009846093,3.2491704666732852,412.60098304736476,1478.4045331743064,0.8742007521852161,76.41914257130107,53.497239753226886,0.8831955880156022,normal
2026-01-02 12:00:00,MTR-010,126.95243967647426,133.40919778514274,125.2007096606966,6.386895545463199,416.1891665108216,1478.1497459675443,0.8360742138651471,80.47938906012848,58.56902153544902,0.8834043913596509,normal
2026-01-02 16:00:00,MTR-010,129.55197919433516,126.54235708655506,131.82199865068546,4.083077526287987,415.9388709313686,1480.7369897241317,1.075087064016855,77.97330707046004,55.492416455508035,0.8819816666812308,normal
2026-01-02 20:00:00,MTR-010,131.23006054739017,121.92256215247077,129.16792760650512,7.303425139554482,413.33191126968654,1481.6512089349899,0.846007700278013,74.00342664692452,59.02786006077963,0.881597719623777,normal
2026-01-03 00:00:00,MTR-010,131.76224674933417,131.7781382852424,129.48364352966374,1.7514156302051256,413.9223575266693,1482.0305864120032,1.0118898336785673,79.46031432806288,55.374294973754665,0.8691582467465888,normal
2026-01-03 04:00:00,MTR-010,133.60981859260946,132.1047311330347,130.58608146524097,2.2889722266771177,409.1855742195619,1485.3232555986401,0.8794735237712852,79.61909151900156,54.508693295748934,0.8689331761550698,normal
2026-01-03 08:00:00,MTR-010,131.20232064812996,130.95682991027218,130.6224220608006,0.44291684825924227,420.6110572423228,1484.5022091479739,0.74287008284445,77.08683989102283,57.76828024809293,0.8577035991022914,normal
2026-01-03 12:00:00,MTR-010,130.63997716362599,126.9898792725517,128.3534983699243,2.8369859831711404,417.7498255915121,1477.5672003260836,1.1418468210035555,77.25748084321197,55.602373916155535,0.8874804125171105,normal
2026-01-03 16:00:00,MTR-010,128.96856240894468,129.86394522343997,131.44423664890576,1.9030144195653749,417.60579220348444,1482.9062037202655,0.9180095843597215,77.68090944023079,55.26684526901858,0.8651498182697372,normal
2026-01-03 20:00:00,MTR-010,128.4706443898615,129.3571215188977,124.6396131877949,3.7003221102774484,408.61987113217515,1478.8477272453677,0.7933884030167875,74.14969637474746,52.599271588714814,0.8733988530975189,normal
2026-01-04 00:00:00,MTR-010,132.24235212278862,128.7582653970487,128.9590319065992,2.680344028566356,412.61804003004283,1479.5874737667077,0.6913791498337194,73.27054365380971,56.32043561027166,0.8725404528295477,normal
2026-01-04 04:00:00,MTR-010,132.19802925735215,133.26344935120366,130.3551756304533,2.2042582263309063,413.6618158843055,1476.718032382146,0.706499880264475,80.60325127626078,54.013379234088184,0.8565958081839584,normal
2026-01-04 08:00:00,MTR-010,127.51090398026061,127.58103844227342,129.20278380483765,1.3207674025503222,407.2757540318639,1474.9207814385059,0.8440632893858099,76.35186466517885,54.104417581852054,0.8525532497587679,normal
2026-01-04 12:00:00,MTR-010,131.67115493919917,130.7305525138459,125.77780729750084,4.554604829277667,418.55980038430437,1479.905314862103,1.1887693325300388,81.71052821915272,54.018902309189656,0.8700558662086735,normal
2026-01-04 16:00:00,MTR-010,131.5031089756704,132.75957525113128,131.75188549757976,0.9518333704252633,420.81553795419256,1477.1320542516662,0.8123007181988636,80.74080360227782,55.8780676693906,0.865462438823885,normal
2026-01-04 20:00:00,MTR-010,127.42586391018942,130.881553747404,127.11483705641749,2.931888321120549,423.24773982401445,1482.7834410357161,1.1171182248519307,81.13439062853948,51.92924745284862,0.8691056314075667,normal
2026-01-05 00:00:00,MTR-010,131.24905572662388,132.8683624608782,129.84396762704574,2.303064419051572,410.81646468992903,1479.1567652694396,0.8803854497095375,76.6994020950657,54.578309314548385,0.8806541563020324,normal
2026-01-05 04:00:00,MTR-010,127.57438151586426,131.3028073585024,130.3536799576674,2.8736871670733937,415.4692939873371,1480.9257706568496,0.7228274413347477,74.78319762613884,56.96055798221876,0.8722494415053702,normal
2026-01-05 08:00:00,MTR-010,124.38563403026572,130.99227479402603,130.04582275536885,5.14237206153573,420.29127307660167,1484.1025772617463,0.8290183217324406,75.82623538681129,52.508662261319984,0.8775852254076473,normal
2026-01-05 12:00:00,MTR-010,129.6299855328006,130.84779614130096,132.70171413977414,2.343760526434715,413.9855260842122,1475.5441144546537,0.7078518114393836,77.10709054569418,55.34575792186917,0.8744532816217557,normal
2026-01-05 16:00:00,MTR-010,130.59583842992265,131.41773554959147,129.87690430579238,1.179537137932699,412.7320483446293,1477.8261478343509,0.7716047322054219,73.25354053429872,53.73720115945833,0.8668366580676017,normal
2026-01-05 20:00:00,MTR-010,129.73405858427014,129.10897630820278,130.9878969352996,1.4459503905607924,407.53592930582204,1480.5426508736975,0.7671377907186124,77.04914862175167,54.192613761068735,0.8599819683280694,normal
2026-01-06 00:00:00,MTR-010,136.62620242194555,126.99122487567178,129.87079956782824,7.3458189255317805,419.530489831087,1480.9375744474698,0.6144294198778101,77.59664394497779,58.310304520779816,0.8726471786811347,normal
2026-01-06 04:00:00,MTR-010,130.87556728534304,132.2049003287152,131.41660961673983,1.0109071423571958,414.92295697570654,1483.310492503817,1.1269194103222089,75.41115805682661,51.69902163290998,0.8708389261934609,normal
2026-01-06 08:00:00,MTR-010,130.34006109349033,132.68491553894665,133.2205224642876,2.1808157145230833,412.08263256414773,1482.6014593871218,0.9316525545333423,75.91902980350834,56.53126067634323,0.8791515633750475,normal
2026-01-06 12:00:00,MTR-010,130.9928332343259,130.58235102964952,130.31787445033575,0.5166910479643316,416.13542915931544,1480.2908008771922,0.7970582391572848,77.55880295763839,54.044143462445575,0.8684909993027751,normal
2026-01-06 16:00:00,MTR-010,128.98006274538645,128.73264301240056,131.80694304863627,2.367762483091212,415.61202149271463,1480.9102140117918,0.9332636619650084,78.7125730966206,53.94467202970866,0.8670265845488447,normal
2026-01-06 20:00:00,MTR-010,132.14812938794952,126.39994266402039,133.36342687172774,5.330400531878571,415.6730364094184,1480.9932276729714,0.7746779409536908,76.2183546639995,52.77687531502347,0.867705006162184,normal
2026-01-07 00:00:00,MTR-010,130.83431560894263,130.19830974204515,133.1366035930072,2.23631904918144,414.1316077506933,1475.5908629059788,0.4993407051945367,78.58450521915253,56.507799274547274,0.8608127336499455,normal
2026-01-07 04:00:00,MTR-010,130.72839682677375,126.88242586998513,129.10955337832075,2.983528560730877,421.48943263505345,1479.530873567935,1.3435037449839824,78.27369201597571,54.617190767431964,0.8844690994482046,normal
2026-01-07 08:00:00,MTR-010,128.55758881826307,126.5587844383479,132.39531033327773,4.518464455724705,414.4653610669503,1480.7454196539913,0.9284399815015589,78.09377171803678,54.3646611724107,0.8813962875461576,normal
2026-01-07 12:00:00,MTR-010,126.38465880109543,129.9520871352526,130.57493779210907,3.2490197380194417,421.4772883052932,1481.3756525763554,0.8116480441027853,76.69597175228685,55.21967385840815,0.8578697017104195,normal
2026-01-07 16:00:00,MTR-010,128.84124103857692,128.2348438194766,132.58204266142948,3.3469330176377716,417.2564677056008,1477.2269096798075,0.6099127782483851,75.33324080792923,54.6594257485164,0.8780394814197255,normal
2026-01-07 20:00:00,MTR-010,130.6531982455784,130.79804875202524,131.31417770423437,0.5048658184393889,416.4046805710469,1476.1936062624134,0.675877530728616,81.39290395980149,50.99862424049295,0.8515499493606763,normal
2026-01-08 00:00:00,MTR-010,128.97225009125611,129.6318501629681,130.63709955350586,1.283149982380168,414.54690098688735,1479.2964022224457,1.1481737894332358,79.26061183291485,54.01835163404528,0.8798528923311102,normal
2026-01-08 04:00:00,MTR-010,130.67421389722236,128.59800011361887,131.00295769680045,1.8486630133237054,418.89582677418366,1485.9020983332746,1.12529078231977,80.01146330612147,56.79088178189665,0.8630364954889232,normal
2026-01-08 08:00:00,MTR-010,129.46298588459877,126.05975181342639,130.58988327617885,3.519800609979378,415.451967070312,1477.542257461814,1.0129822553998422,77.83274063032215,51.98676707177538,0.8735990055767825,normal
2026-01-08 12:00:00,MTR-010,130.99511703113686,128.02888077585874,130.68023637098216,2.283451906701717,411.2714751395459,1483.5217847420645,0.732738444238528,77.67194911547972,52.82012420028729,0.8507049031045832,normal
2026-01-08 16:00:00,MTR-010,127.74245090908816,128.1138178896597,129.63292076665513,1.4712240255283957,411.13803123600786,1484.7542189291353,1.1264960981965515,78.98131936145077,54.14641720920295,0.8580129576832205,normal
2026-01-08 20:00:00,MTR-010,130.44579024968996,127.16817782120987,129.41823707948484,2.540573408256726,416.6899384877371,1480.1363995786996,0.9674673926916529,74.3306232990955,53.54875316272572,0.8746870296724941,normal
2026-01-09 00:00:00,MTR-010,128.51868375065456,129.2395420732176,134.07489317010572,4.254012090950809,411.370484459334,1477.9604561960396,0.9982386672527301,75.7707130612937,54.94422903571678,0.8629909181661722,normal
2026-01-09 04:00:00,MTR-010,126.4448572004092,127.34857317595191,131.10362006123475,3.6311758083328427,414.75107577211,1481.5384586909747,0.966925641666487,76.40445024394326,52.81384649664252,0.861600371296278,normal
2026-01-09 08:00:00,MTR-010,129.6183104712233,129.6215723173714,128.67502862417632,0.7320242135687488,419.2287381542044,1480.5849708762985,0.6739519223060845,77.09086715491648,54.22429095238125,0.8839586169745209,normal
2026-01-09 12:00:00,MTR-010,133.55060061504616,130.55561702714533,129.35885749180704,3.1960217474028005,416.2158807115773,1477.422688059429,0.7202758573879668,76.2406086410597,54.904010936801335,0.8921095921127288,normal
2026-01-09 16:00:00,MTR-010,126.62906785742261,128.090629438745,132.4411306479686,4.5036034415532,412.111460518685,1478.0235915208846,0.8234672750387457,78.66561425050149,56.29788083241594,0.8793701393681949,normal
2026-01-09 20:00:00,MTR-010,130.27592875646658,130.98316661021184,128.29859071446185,2.0674031022898274,420.63995004646455,1481.360739556436,0.996545956129967,78.16289446892567,57.489578772199195,0.8590811942826494,normal
2026-01-10 00:00:00,MTR-010,131.84328921287732,126.85375069756086,126.57486935759233,4.1023648975299105,417.1915009479788,1482.8003212245058,0.6929351876635281,80.78572937950275,54.47690569229312,0.887635193328177,normal
2026-01-10 04:00:00,MTR-010,135.31562647233383,127.42963445703968,126.74491754171972,6.601482710750981,419.07117194881636,1479.0316293960539,0.8736980377583714,82.94751831422512,58.77612048249165,0.8543856774035161,normal
2026-01-10 08:00:00,MTR-010,128.86077710723433,129.73834224548943,126.00414527952671,2.9127654203871236,405.9297666271628,1479.792599305336,0.8735085734755424,75.47429951970314,54.63219083891095,0.8669550854592467,normal
2026-01-10 12:00:00,MTR-010,128.53937638047003,131.58782830125375,126.99829454978881,3.556624733252404,416.323411513051,1482.0059157115331,1.0189109533991367,78.29461042793689,56.657750296513065,0.8705477776698737,normal
2026-01-10 16:00:00,MTR-010,127.30364470271815,132.00465671810852,127.27088760579369,3.6735829915475806,418.3686313455196,1479.4825393474782,1.0012007303411494,78.29105175641395,58.86301546945356,0.8892403784383874,normal
2026-01-10 20:00:00,MTR-010,132.63585997386681,133.7264138823197,133.2014374995388,0.8188085234912429,421.80115456919197,1479.1020190801123,0.74846611064218,77.97160386047068,55.27861681847187,0.8791265913755173,normal
2026-01-11 00:00:00,MTR-010,127.99530910575858,129.1296612670884,129.8932747085208,1.4712218043078513,409.14472566339583,1477.7339775408184,1.1170029254230953,75.830350858069,52.25294675684493,0.8653624230520048,normal
2026-01-11 04:00:00,MTR-010,129.14351046878585,129.70533028572126,129.1604575984396,0.43438635567776585,419.8244583567781,1477.6819461298778,0.7255140256874565,76.1656051087149,55.181807714415264,0.8605504372922025,normal
2026-01-11 08:00:00,MTR-010,125.7268991278531,127.61337211071398,126.66411203213485,1.4893035969406347,421.577521142805,1488.0066482746697,1.0638359162851125,78.48081122383223,53.776714223590176,0.8800219265380326,normal
2026-01-11 12:00:00,MTR-010,132.0429571475237,127.10240669939853,129.66921899251068,3.8120101453335593,406.9308440908841,1479.4113950197627,0.8174782652477403,76.10929985338552,54.451135946055096,0.8646664104277965,normal
2026-01-11 16:00:00,MTR-010,132.67686358224256,130.52825548840138,125.98484181096275,5.158423220466024,416.91436443947896,1484.0951749645367,0.9245888930150058,78.31854394433401,58.96995376499043,0.8721674008786497,normal
2026-01-11 20:00:00,MTR-010,131.95468014695052,128.20687475683536,129.14623587080484,2.8880532156766994,417.4704832573628,1485.0519800125571,0.9338981190156458,77.50810043090878,52.55447315355225,0.8563022351074089,normal
2026-01-12 00:00:00,MTR-010,126.28991490531585,132.84816526226217,134.77127592319428,6.459375148167832,413.69196934939237,1479.4492531315204,0.9296561161063194,78.28331580624257,55.600933644611715,0.875692578552242,normal
2026-01-12 04:00:00,MTR-010,131.40319351646772,126.62026408635091,131.5341238263436,3.784184911995788,413.03962215973485,1481.1052894253044,1.0011748797651856,76.09339905913113,53.24455743935655,0.8748869514574747,normal
2026-01-12 08:00:00,MTR-010,126.13427288863787,131.12401629790597,129.51513314051397,3.870284089775496,417.6714156531513,1480.3074354460991,0.95871892469003,78.31493848466907,54.38468411759817,0.8575837993834183,normal
2026-01-12 12:00:00,MTR-010,130.13413758699292,127.67562487028954,131.61344122138357,3.03357605342644,412.5400729863575,1475.1634529480239,1.0175473694805808,76.23809483304682,56.48968467040897,0.8803162311287164,normal
2026-01-12 16:00:00,MTR-010,130.47395707374034,128.10385243234896,128.79465576610517,1.835523833419069,414.13100268632763,1475.3440809632555,0.9696929940517703,78.32139121731383,55.63632788694605,0.8755474580824278,normal
2026-01-12 20:00:00,MTR-010,130.71686788185022,131.24594788413802,128.14954477201255,2.3811625254749025,418.24973960329567,1480.1465454007127,0.7103317111611235,80.67879224487831,54.549935462076824,0.877400242527801,normal
2026-01-13 00:00:00,MTR-010,131.23560443098438,128.4379652143284,133.938432921587,4.192301813502556,422.0161722013075,1478.7252593841743,0.9404698611836981,78.52196770003214,53.70039934947074,0.8662132130724987,normal
2026-01-13 04:00:00,MTR-010,129.9814334495519,128.80796571062066,127.36007635538425,2.036535533811991,417.1519370901681,1485.6747410151809,0.8154195146242,78.64374076476611,55.63215638430723,0.8717895641128645,normal
2026-01-13 08:00:00,MTR-010,125.46460734836067,128.12301178201415,129.18158647754566,2.9132274028797247,415.533937981658,1479.2902811839162,0.7336106283139074,79.63441303499509,58.415373434306744,0.8706337886886533,normal
2026-01-13 12:00:00,MTR-010,131.23672410922558,134.12540218506217,130.70727691924012,2.5890350817979892,412.9344100613569,1485.8527869912043,0.856524016098405,75.19288331105348,53.19729611475275,0.8685182959524577,normal
2026-01-13 16:00:00,MTR-010,130.22558325949524,128.57292052550397,127.83625872447168,1.8539392470937222,410.9575998373958,1478.5708258115933,0.9274853398552636,81.43784314744603,58.82332777091555,0.8717050327816585,normal
2026-01-13 20:00:00,MTR-010,127.91394537105315,130.11914290251127,131.5036203372815,2.76457254493144,419.4383129660038,1485.7366012618268,0.9374512541981677,75.88882001477526,57.3989949014503,0.8825644297379638,normal
2026-01-14 00:00:00,MTR-010,126.37294818226206,129.53335523490597,129.29142598749345,2.4613907181086767,414.3862005954925,1481.5192734908421,1.0584037117710403,79.75932199473787,57.73870673515553,0.8807495063870393,normal
2026-01-14 04:00:00,MTR-010,133.55916238524742,130.5117194315405,131.5343705348212,2.3109725684317066,419.6028130986669,1481.6898756873136,1.0960963678457367,79.49381997451265,55.616864761859205,0.8581813932253114,normal
2026-01-14 08:00:00,MTR-010,132.8456723551607,128.5792746114565,131.35427454875676,3.2586227911273644,413.6817924880182,1478.464708129799,0.9504421246136034,76.19566727699048,57.34225955101979,0.8798540181690694,normal
2026-01-14 12:00:00,MTR-010,131.63154600799945,129.5358890579482,129.43837196477585,1.6844404284940033,412.40284535455595,1481.730751541211,0.9775659565514114,80.01777227353352,52.98233743509875,0.8819114337274804,normal
2026-01-14 16:00:00,MTR-010,128.43699576070202,130.91046686523043,133.9535222655436,4.207866278059608,416.6831955553101,1485.0781402992438,0.9142963549763483,78.99562553282662,53.66391218430298,0.8684882232664763,normal
2026-01-14 20:00:00,MTR-010,124.18294361266672,128.0054946143931,128.46233503206494,3.372690970328121,414.6938562429264,1479.5655175178197,1.0150838195474376,81.77995728880451,56.531627627840784,0.8750844710379777,normal
2026-01-15 00:00:00,MTR-010,131.76725853878366,132.51754269087397,133.11738953193486,1.0192175769568121,410.17788558155706,1478.9818095539001,0.9730482208255596,78.38675750268258,55.59169011044763,0.8749400166730301,normal
2026-01-15 04:00:00,MTR-010,130.84745387735396,132.7397771995629,132.71540127185148,1.4324835373868436,422.26947331912737,1479.2597123834198,0.8918267859213295,77.7829133369548,54.70324148300446,0.861500333833257,normal
2026-01-15 08:00:00,MTR-010,129.13411377458874,131.40167184712243,134.092705546593,3.7695644508516932,412.49206490491343,1484.8603348150193,1.222797385050645,76.9704749441636,49.994782218785154,0.8661804371247167,normal
2026-01-15 12:00:00,MTR-010,132.5995523532573,130.16149208653408,130.40226284648165,1.8603416607348926,418.71036608469683,1482.5660536210032,0.8180724954837272,74.51328945729766,54.12905190392366,0.8775081023885161,normal
2026-01-15 16:00:00,MTR-010,131.95981652293636,123.08838776414952,128.17749079909976,6.944807359635716,418.36742651758595,1484.3430399714134,1.1181685435062507,77.36354487049768,52.65189243940347,0.8650417776316854,normal
2026-01-15 20:00:00,MTR-010,130.40697623946684,130.98058395102365,134.79970766387274,3.326253855805869,409.96214894034256,1480.9408681314528,0.6968560610509594,77.44820321148225,55.987068622623006,0.879754995592623,normal
2026-01-16 00:00:00,MTR-010,130.0810238990799,129.09559195235997,129.22646771845461,0.7611411868793228,410.99044942153404,1480.1179580703335,1.0220424804677182,78.52411636511486,54.61766294286553,0.8830497244084976,normal
2026-01-16 04:00:00,MTR-010,130.1177920584526,129.43083247139057,128.1198127208583,1.5461506372020384,413.79396264119947,1481.271832117212,1.1154852527590255,75.15379377823507,53.74339891166699,0.8814367184198048,normal
2026-01-16 08:00:00,MTR-010,131.57141659499587,125.61495016945838,129.56138174279778,4.62042748680084,411.53741382168675,1483.2104756032377,0.6139171393488121,77.52197557762624,60.285820965248604,0.8897980460316945,normal
2026-01-16 12:00:00,MTR-010,128.01827688798954,131.14073783402034,127.73120367821475,2.6437997087937815,421.90582548751473,1479.2586452722364,0.9208425859582642,79.15250278404423,57.07634895338847,0.8690926771770888,normal
2026-01-16 16:00:00,MTR-010,130.9844943259032,126.65216824733326,131.2159883958406,3.520989354553952,414.199297452806,1484.1060309800703,1.0073121061866066,79.35101935098503,57.11174428271212,0.8717720107396906,normal
2026-01-16 20:00:00,MTR-010,127.87241203944805,130.273692284069,128.6002330732692,1.8626784631891664,418.5589961712563,1481.0974916711975,0.93779454061921,74.28036964772535,59.40443028936434,0.8732066304776264,normal
2026-01-17 00:00:00,MTR-010,133.0889275080496,132.09076395819164,129.3355921406643,2.854136853510448,417.05454955600084,1472.7811655859095,0.9567233903410445,79.41281321730645,56.60438356536622,0.8693960207500926,normal
2026-01-17 04:00:00,MTR-010,131.22980825430722,128.91533042539945,132.23664448029237,2.5393488159504685,416.05608979598543,1482.6504802813156,0.9204334743564996,77.50685217375701,53.45809198105427,0.8754217897410165,normal
2026-01-17 08:00:00,MTR-010,128.4094280175456,132.8104306538613,131.44142430796276,3.3624420031349946,415.16128484295837,1476.183084960214,0.7358628260457613,77.62997824500289,53.22420729661653,0.8528879597098801,normal
2026-01-17 12:00:00,MTR-010,130.18626590442432,128.2736222370323,130.03601767882765,1.476960481748393,419.9485228311548,1482.5775182820219,1.2552068388233164,73.27096926028833,56.92980551750847,0.8720490538869252,normal
2026-01-17 16:00:00,MTR-010,128.02680481060187,131.38766755511165,130.3949077108819,2.5865432564881186,411.69962810665993,1482.7045539947144,0.8244693205026301,80.98714232511576,50.881291440449644,0.8562256335011711,normal
2026-01-17 20:00:00,MTR-010,133.47617189157518,126.98449515218473,130.028323661904,4.9873442482917225,421.90534124182636,1480.9896777921435,0.9651241858168358,78.35359777002259,54.84444073798087,0.8603737672239242,normal
2026-01-18 00:00:00,MTR-010,133.7506467196668,132.38305700459497,129.00355273539097,3.6041354542030337,409.8511072779836,1481.6310426966302,0.8029740484371859,74.93707914695459,50.6577512448871,0.8773288981102991,normal
2026-01-18 04:00:00,MTR-010,131.60905028858969,132.02451110640547,129.99416060604068,1.5474142598824232,418.1260469024897,1483.296612363532,0.5586205214968953,78.75040314983293,55.197687016779014,0.8680088376155098,normal
2026-01-18 08:00:00,MTR-010,133.5976062896906,131.0824271997384,131.13438953447258,1.906332066479789,409.3793445602409,1478.5131169785677,0.7613230689376547,78.68895688169405,56.708140501423905,0.876976144747158,normal
2026-01-18 12:00:00,MTR-010,130.35081730406088,129.09107666204807,129.70842530191558,0.9711470706607679,413.73717779109217,1482.3802889791075,0.6828589961587294,80.44508830586598,55.558831069207265,0.8677922339639887,normal
2026-01-18 16:00:00,MTR-010,131.76456237747064,126.75982078141058,130.97012963430996,3.8547975119105806,415.3732397522439,1483.4890699088712,1.0637351308836736,77.38062246141824,56.87621871794119,0.8810640631639115,normal
2026-01-18 20:00:00,MTR-010,132.83047445063588,129.09718682704838,128.06636548986674,3.664755329913321,413.05321860468194,1485.2802477926155,0.8089697975933318,78.02399213787717,58.92965388331983,0.8676091929437869,normal
2026-01-19 00:00:00,MTR-010,129.98672591258543,132.5660432506179,128.6043346729077,3.038453249748542,414.27332172153245,1476.682659141821,0.8228862991230056,76.71438439952418,54.71292312547598,0.8504508151043688,normal
2026-01-19 04:00:00,MTR-010,130.16432891468898,130.30035632540418,128.3029037257668,1.5413727813195701,409.45211820827683,1481.2255481949633,0.7403503931094396,79.19589722798548,60.61530156655776,0.8722539258201127,normal
2026-01-19 08:00:00,MTR-010,132.15778414552457,126.4107590962379,128.6939186074131,4.452038822852599,411.0501981251058,1477.1155324028157,0.9141053098072655,76.4330193166499,55.425339912340306,0.8483114015429745,normal
2026-01-19 12:00:00,MTR-010,131.49412863159964,127.40062945556281,132.9748184190541,4.267380754476243,416.99305882878355,1476.9882339468954,0.7925312225458079,76.21401896583954,56.89833012538072,0.8554727909746759,normal
2026-01-19 16:00:00,MTR-010,128.25404633553535,132.89617212641417,131.67795632185505,3.5451574674604065,415.11868729990977,1481.077083317218,1.0488532096870182,77.86440492444017,53.77787457086986,0.8611705347100143,normal
2026-01-19 20:00:00,MTR-010,124.94599434195038,131.12762058269556,127.51111101459618,4.83462387007895,412.23788789671397,1480.2323674443885,0.9453058984633742,75.54827245739234,58.238627959261365,0.8599229052222981,normal
2026-01-20 00:00:00,MTR-010,129.59433514422017,127.1480886098455,131.01110717392177,2.988768577940068,420.2971110525187,1483.435004435566,0.8142261321413329,81.20426243707847,57.083420397085256,0.8645494919558372,normal
2026-01-20 04:00:00,MTR-010,125.15379834134626,125.91896720884094,129.0973208774344,3.1119143853304756,410.12027640003913,1478.9614706512173,1.0275349577755528,81.85453345548375,57.942902605136,0.859579321764689,normal
2026-01-20 08:00:00,MTR-010,127.70964882322274,128.5554581778132,128.4229334024657,0.659606693545723,413.5536381365437,1479.597845691409,0.9011910784534858,77.09281982915637,55.10900884354791,0.8559404733641433,normal
2026-01-20 12:00:00,MTR-010,127.97942569891467,125.72130431931218,126.56629101255243,1.781475585351676,412.9773748872861,1480.6345127870145,0.9032245358534927,75.22680998688567,52.48916487123342,0.8854183574484077,normal
2026-01-20 16:00:00,MTR-010,128.68580443693838,129.63984917865048,132.24621209238455,2.7347650724859816,417.46015051104416,1477.4145134456905,0.6806047644402111,78.67318407780412,55.92079487925081,0.863218554536081,normal
2026-01-20 20:00:00,MTR-010,131.89612371095575,135.66597863713278,126.84796072076928,6.707246144597494,415.19265476454876,1477.8307904649523,0.8893370800822029,77.03579496406215,51.60596037335297,0.847692323468526,normal
2026-01-21 00:00:00,MTR-010,132.39819271635437,126.30925706949525,129.87990732193273,4.700823793274036,414.5673390138616,1483.3482959973176,0.9482316958976997,80.34936226505606,54.3276283927561,0.8663908162699074,normal
2026-01-21 04:00:00,MTR-010,131.1757563302211,129.5700740228123,127.81296956543586,2.5963535754363427,407.62313318453107,1478.3531348761567,1.1000350233297518,76.42570680894019,55.3821608732645,0.8587526894197245,normal
2026-01-21 08:00:00,MTR-010,131.46179390023173,133.03200808521,131.7930615665616,1.1886951065479086,418.46013792252836,1483.547429699349,0.7872159555145016,79.08902644485688,59.754448585021535,0.8611503237270719,normal
2026-01-21 12:00:00,MTR-010,131.51636727694088,131.7312252725158,129.22727577918553,1.9139692974431803,414.12869674067304,1481.8219377420048,1.2417162935078268,78.22798717878338,55.637097223883885,0.8771034248135249,normal
2026-01-21 16:00:00,MTR-010,124.22954846473387,129.6562436813531,129.68924186279742,4.270111123502182,415.4626440704417,1475.3574069235333,0.9835302475243479,76.64747697877318,55.279074938166076,0.8655184238121478,normal
2026-01-21 20:00:00,MTR-010,130.02356797619422,129.66177196227795,129.76719192567282,0.2786958494154579,412.0057471196245,1481.5911360755133,0.672088218594929,78.48009965698388,54.873935151929416,0.8584740339878212,normal
2026-01-22 00:00:00,MTR-010,125.84818428885154,127.32856405839652,130.6992736629627,3.7911375777324166,411.37668494873174,1481.5674394692824,0.7732202828871666,79.7570651169497,52.31581819046996,0.8744625350995724,normal
2026-01-22 04:00:00,MTR-010,131.17667789932977,129.38141777598716,130.0300554545392,1.378889849691644,420.99715103390275,1481.2687858255338,1.1131498746325228,78.17369703811079,55.17165168002602,0.8814994083060909,normal
2026-01-22 08:00:00,MTR-010,125.16259450397226,130.5626185395772,129.89999085217875,4.200988924778691,407.90704568695037,1479.574369820851,1.0864843714443593,78.19456933025252,55.205765352273545,0.8753687216263984,normal
2026-01-22 12:00:00,MTR-010,129.58298649607838,132.55404018890013,128.80191543496673,2.879317726896237,410.7832038888689,1477.1797976338244,0.9027140222340754,76.25443314429265,53.06278300909256,0.8454644442834958,normal
2026-01-22 16:00:00,MTR-010,131.26595681568972,128.56670522565477,126.36062544827605,3.810525604393502,420.92196861067634,1484.038638298338,0.9224876554586778,80.28840959580828,52.62650877114327,0.8588501049760299,normal
2026-01-22 20:00:00,MTR-010,127.41673718611341,129.56126992625332,127.41490444905882,1.6751340198828089,417.5629855239946,1479.6952612338314,0.7253084589411043,80.08909315628637,54.03685863446454,0.8704744853063621,normal
2026-01-23 00:00:00,MTR-010,132.222632442075,127.80626217780677,131.66048650717306,3.3825555226137136,413.69814987303033,1477.349781518994,1.0982164110353012,77.178881622627,55.129865957145384,0.8675570059473598,normal
2026-01-23 04:00:00,MTR-010,131.1708601261107,130.52075152604917,129.29321724031254,1.4407026158407938,419.9863852571546,1481.372406058264,0.75183493698383,77.751423081034,54.084891637237085,0.866727248460608,normal
2026-01-23 08:00:00,MTR-010,130.8801281859365,131.81140139626962,128.46539962481916,2.566234819027998,416.78744046558404,1477.7716600878002,1.0267111666685127,80.82844134538065,52.89824910069696,0.8601724330715916,normal
2026-01-23 12:00:00,MTR-010,131.61315922446877,131.45518651992685,126.75120606623385,3.741695204090339,415.9306403678977,1477.1527419151446,1.1028063552997707,75.73285835790509,55.57854450400861,0.8559441591692256,normal
2026-01-23 16:00:00,MTR-010,129.1698486860504,127.29556764786656,126.02570438734674,2.4660527748524492,415.9022480684097,1478.8735821633927,0.9072233331329264,79.20857678271756,56.07773364833846,0.8900778171781302,normal
2026-01-23 20:00:00,MTR-010,130.35110137401574,130.33941719518816,128.37481076592593,1.5238756520405534,416.86095286885796,1478.0038067070457,1.0451417049183298,76.88277245373774,55.24259541844447,0.8702711095313891,normal
2026-01-24 00:00:00,MTR-010,130.0232303002746,128.43465549026624,132.05238881823792,2.779235449000155,417.0227700051898,1477.2632732440463,1.1771459562038542,81.55615575350328,53.87403457224613,0.8764212178886742,normal
2026-01-24 04:00:00,MTR-010,129.9709979946649,132.33664892506434,128.71254888585065,2.7804957990064803,423.7838922115838,1482.4192352867854,0.9401953198816108,78.12689345733068,56.18968204246452,0.870062511735838,normal
2026-01-24 08:00:00,MTR-010,128.44686151174898,129.6271883740345,130.9255665472247,1.911599598635531,414.2204287533093,1479.6585165566128,0.8737047275352081,80.52075703628009,54.618925420546034,0.8704634869863799,normal
2026-01-24 12:00:00,MTR-010,127.12837022375197,126.48823584050949,128.6062617276136,1.6624012315171588,414.3438112474072,1483.7568398365477,0.8899720713672725,76.47734530307774,52.621832585309704,0.8693789660019071,normal
2026-01-24 16:00:00,MTR-010,129.22148292608654,129.49201152481768,131.47649191971112,1.7337777024467533,410.05242724971714,1477.4364715668103,0.7885518145991868,75.50294263535146,57.072488710002794,0.8587955414092556,normal
2026-01-24 20:00:00,MTR-010,129.0941648367066,131.0595810488152,129.18706481359774,1.514418338457309,414.79241045271596,1474.817316887091,0.785162431089469,77.53148108559778,55.70701603853298,0.8548551054196575,normal
2026-01-25 00:00:00,MTR-010,128.29733282884985,130.5639251237078,127.15297863250552,2.6508969109878695,422.4515475981793,1480.4463110477482,0.9663610145738555,78.52536691589367,54.76141938860852,0.8738622537374499,normal
2026-01-25 04:00:00,MTR-010,131.96919096240538,128.81718254622655,129.37841957641018,2.4235977761518357,418.9379400097386,1485.5679367654193,0.8754075266776074,76.97853663596717,51.85789559033055,0.8718784240727117,normal
2026-01-25 08:00:00,MTR-010,127.29090026095592,128.64736816563112,134.2385787444703,5.341945736058835,412.82532902449867,1481.592960488086,0.9491353765276899,79.51661485254994,53.51027944172958,0.8793828089845971,normal
2026-01-25 12:00:00,MTR-010,129.60362327722913,127.71776761301118,134.1366215292731,4.919189577897593,415.1201654580851,1489.6461225886385,0.6765095775221144,77.58009286437914,59.03713142476585,0.8773536082664203,normal
2026-01-25 16:00:00,MTR-010,132.69554066671935,129.08768976633618,131.12443252197897,2.754731892920141,409.81424649766,1480.9961773628472,0.886107176221929,73.83712567646678,51.983315876238606,0.8619148780725033,normal
2026-01-25 20:00:00,MTR-010,132.1010989482301,128.02243083291813,129.68324184882167,3.1389922485879964,411.1235226228068,1480.7066566338642,1.0545176775135694,79.105623958386,54.49730144071661,0.8813259130892187,normal
2026-01-26 00:00:00,MTR-010,132.81099031222482,132.24197650138757,130.70235083150862,1.5984418048479923,415.5977646104549,1473.5339119868263,0.7321613584535973,76.23492588170569,54.96732847529276,0.8776502719515452,normal
2026-01-26 04:00:00,MTR-010,128.6346404434018,127.91737136364249,130.73228096062806,2.180498654001085,413.0221815887182,1481.2838423217656,0.9024789621201827,77.27680523664696,55.64095357882311,0.8769084156985734,normal
2026-01-26 08:00:00,MTR-010,131.8125770016818,130.28261297968155,129.90781728341827,1.4577130911985192,410.8216008424863,1480.506003280058,0.6218086033652384,81.10626240707872,52.00565812834717,0.8924932679197881,normal
2026-01-26 12:00:00,MTR-010,127.54335730476166,130.12550235435418,131.01907062382116,2.68265082211025,416.95936305895157,1478.7777364053863,0.7041806966590239,81.54562344824218,55.3483525128092,0.8904395876250819,normal
2026-01-26 16:00:00,MTR-010,129.36242463544622,132.1855425462229,130.4812354147549,2.1603884803063695,414.67099965338673,1479.5896633988227,1.0211491331517075,76.84901312981438,51.62778907505664,0.8768991376655488,normal
2026-01-26 20:00:00,MTR-010,129.5799421261969,132.51765115670378,129.26975270938024,2.489654653549657,408.72979851323583,1479.7956982769736,0.8536073560030576,79.15557326126368,55.194857592391024,0.8756519720583753,normal
2026-01-27 00:00:00,MTR-010,128.6691692873646,131.60846386891686,127.23762873031336,3.383739095067648,406.6994121353288,1479.4602125412039,1.1733109298307813,76.8954510191547,53.69520416198083,0.8808165518176968,normal
2026-01-27 04:00:00,MTR-010,129.16380767198243,130.81565661560384,128.93675197353562,1.4493388782791514,412.71995400570296,1486.269144889378,0.9648664665636469,77.4262540422028,53.26826146616438,0.8641604623032962,normal
2026-01-27 08:00:00,MTR-010,128.8597534120061,127.57646224013817,131.84777689563677,3.3001473695619716,408.64693942623387,1478.887413916585,0.9795893497333987,76.7884491702029,56.66963431733517,0.8643017074240895,normal
2026-01-27 12:00:00,MTR-010,127.72957874767609,127.5297224638938,129.92728730338848,1.8673273506781793,407.52435437411737,1480.5079411715615,0.7385276925157651,74.55131263920703,54.528787513272235,0.8767342140709191,normal
2026-01-27 16:00:00,MTR-010,131.9792667694356,128.04551454987657,130.6939963716689,3.020396595325837,419.51587680560834,1478.7882967498415,0.8422341934733321,78.19011044746742,55.947421609815144,0.8614352391087243,normal
2026-01-27 20:00:00,MTR-010,129.578337771135,131.73777297691785,129.34591966930535,1.8367692184396867,414.6091564405388,1482.3502935599317,0.7901045726928582,78.57633077389234,56.013653822755636,0.8759276948552326,normal
2026-01-28 00:00:00,MTR-010,130.46554223483105,130.16947361195702,127.55115243286433,2.252313482638442,413.938214487098,1480.5302910999167,0.7401837390674122,76.65799650937772,57.539906977910206,0.8715683216653619,normal
2026-01-28 04:00:00,MTR-010,130.37850654675682,132.00756340081108,129.44850021451845,1.959293575271358,414.246376735397,1479.1602682804885,0.9995839689144204,80.17558342287421,52.58348451675795,0.8614380989540789,normal
2026-01-28 08:00:00,MTR-010,130.12647884914315,132.31758854153975,127.63699080715705,3.5997116260965525,410.4486713968281,1474.2220961622784,1.0296773798653018,77.12783956580957,56.838031325039516,0.870258665102883,normal
2026-01-28 12:00:00,MTR-010,130.21448161755262,128.3222444970862,127.48946502100513,2.1177448518693596,416.64390466005665,1480.7299246758662,0.9598405791251173,76.72557635028197,55.032923244876095,0.8830508159213841,normal
2026-01-28 16:00:00,MTR-010,129.29414686926165,130.07412733479885,132.78636016272043,2.671558350264849,414.47719869306985,1479.0712711792607,0.775789921016102,79.0530062362162,54.24375083926081,0.8708237045065383,normal
2026-01-28 20:00:00,MTR-010,133.27807276278992,129.96997016482015,129.02913456637427,3.2494407833457064,411.9703653760823,1479.8177780293388,0.9496095052646194,74.91463602005494,52.701498961619436,0.8708654764761797,normal
2026-01-29 00:00:00,MTR-010,131.75816567133506,129.24244622842403,128.28634641227015,2.67552188810968,412.5694852619,1476.452626158264,0.6130982397801517,79.81335806340562,56.213181723085725,0.8732898527890459,normal
2026-01-29 04:00:00,MTR-010,130.04248292018193,128.76391873620955,133.73928460390255,3.80238482436962,410.0901651471508,1484.2998465181606,1.098451390306206,77.19566168521128,53.15555095733223,0.8745918852289161,normal
2026-01-29 08:00:00,MTR-010,128.9668075257673,132.73810160788332,131.88352097071203,2.8745464502978635,413.3750285083927,1482.5702295275316,0.7052774736543845,79.97857215278817,56.03561317395429,0.866691595339188,normal
2026-01-29 12:00:00,MTR-010,129.72539183013723,130.1201124350758,129.1414009010624,0.7548157953505208,414.04148847687,1484.292117992922,0.7319311526342305,80.5762610516583,58.85566154593427,0.8735026104796705,normal
2026-01-29 16:00:00,MTR-010,130.9651697267258,130.0303790668937,130.98831506349882,0.7331444620033949,413.27086668348016,1483.440937902343,0.9172938404355289,79.28030688471428,56.95995408071866,0.8595092964040927,normal
2026-01-29 20:00:00,MTR-010,133.4665282138617,128.14469159585926,129.45506699779747,4.082558479878752,415.2206182293663,1481.7769519063825,0.9306239340363068,76.37605341454338,57.782868650301296,0.8620092894316611,normal
2026-01-30 00:00:00,MTR-010,126.82673456344078,131.560490950289,128.39914029677604,3.6716054173176618,414.685953180953,1476.5731524738208,0.8890877102322323,75.49833658703119,53.56199044554994,0.8632885089192438,normal
2026-01-30 04:00:00,MTR-010,131.52481277552766,127.67708488695214,131.09706416325423,2.957523538297423,415.9230741546584,1485.5301614922155,0.7334808088526555,75.13185467332953,56.52546609226399,0.8746976268963411,normal
2026-01-30 08:00:00,MTR-010,132.60398351611062,131.05133722221882,129.2505023094822,2.5605229115326864,418.7723881476864,1477.2170945473374,1.0700021990404938,80.20582140340262,52.71157008972722,0.8716023282755627,normal
2026-01-30 12:00:00,MTR-010,126.5640284251079,131.1144856321275,130.17448428746528,3.519728268008964,417.3720939088523,1479.194777127775,0.6471076198396124,77.73039977559964,54.53303419485077,0.8686564042275605,normal
2026-01-30 16:00:00,MTR-010,129.58134019599882,129.04663188600776,132.36048392065703,2.5426725396414493,418.81835936204135,1482.1207068418807,0.6775096514327333,76.8015564109383,58.48254411243824,0.8769076998958528,normal
2026-01-30 20:00:00,MTR-010,127.53978068443031,130.73412925429002,132.10591472877152,3.508993361706467,411.6090630806951,1482.2696223615621,0.8839525842068279,77.73583569692222,53.784315587147034,0.8737886208274234,normal
2026-01-31 00:00:00,MTR-010,130.99500176920915,130.42910298090283,128.72867328104374,1.7426469443089054,412.9655404236454,1481.7167101808336,0.7103649027233419,80.16124241790834,57.22271236834619,0.8671002322001713,normal
2026-01-31 04:00:00,MTR-010,129.17181117855606,129.90903322266098,131.12327303639682,1.500339261401646,417.61438673578385,1478.7991345560126,1.083393791441389,79.5574795707191,57.03129346599943,0.8596476915718019,normal
2026-01-31 08:00:00,MTR-010,129.6992341565437,130.02991497633565,127.39339889779647,2.043163922084632,417.68591068572835,1478.1792051179336,0.7232678046880628,78.87701231141772,57.14948250044168,0.8618029119877325,normal
2026-01-31 12:00:00,MTR-010,129.05000435651198,130.14278465804725,131.0409571728185,1.5305848116097114,412.2855175298525,1487.6035977058184,1.1335540728315467,79.27577211485281,52.46599604775746,0.8553319053460711,normal
2026-01-31 16:00:00,MTR-010,131.66437771128668,130.3002403101754,130.3431891511848,1.0431635895364184,417.446335703127,1479.8820581845005,1.055268324865736,78.3603447109939,56.05040193203136,0.8714056955015083,normal
2026-01-31 20:00:00,MTR-010,130.52932062004902,130.13922602799434,130.87586341523993,0.5644090695560192,411.22587153341624,1479.5146858460835,1.0852583603261376,78.60422611459285,54.686802868166275,0.8613786121754633,normal
2026-02-01 00:00:00,MTR-010,130.533697410225,127.44884720484305,129.3125721226,2.389534547737232,416.9242228965672,1477.8593305271838,1.1830658974429868,78.44205046230209,57.176993715058224,0.8650467701801613,normal
2026-02-01 04:00:00,MTR-010,130.3712148846327,129.64822357989817,134.81652027688577,3.9269194579911972,414.8948151965374,1480.7340110472128,0.9121841886143649,77.99987750874489,51.68999920054631,0.8687240931937114,normal
2026-02-01 08:00:00,MTR-010,131.3230900348227,130.61232565609944,127.9169962312775,2.621064048380148,409.46225758437464,1480.5940684017341,0.7480538106270064,79.50674776766256,55.73557577813121,0.8804399519133068,normal
2026-02-01 12:00:00,MTR-010,129.39455393544316,130.22484506151304,132.24536395423823,2.1824953057722105,413.26370471296235,1479.9513213738871,0.8845488186347038,78.72256421240078,55.452750405680135,0.8792879059831682,normal
2026-02-01 16:00:00,MTR-010,133.93067950898347,132.20422282171322,127.61563054986874,4.811459362034881,423.72907123878196,1481.1451799403637,0.8150001591886556,76.23856993778608,51.01976652550213,0.8694529152874603,normal
2026-02-01 20:00:00,MTR-010,127.1462521305172,131.43308900684318,131.16559542580998,3.2997248770911196,415.81112145122,1485.290612507327,0.7936213091229417,79.05774877104531,53.22915928781005,0.882655034894003,normal
2026-02-02 00:00:00,MTR-010,126.01121069756348,127.98838685232164,131.330714614093,4.141514759108129,424.201799906873,1478.2148418811273,0.9226280155210249,78.4944941327586,51.3396955737663,0.8498765149067914,normal
2026-02-02 04:00:00,MTR-010,125.81993824143797,129.6149062391632,130.12705534761062,3.3513039862795337,409.22429388049983,1480.1292512266064,0.8532443678688381,79.22282693783019,53.547289396154184,0.8887722054976651,normal
2026-02-02 08:00:00,MTR-010,125.1938407909686,129.28046640092205,128.8552502511879,3.1982602415627372,418.0029671706554,1478.0564546423484,0.7871685473524506,77.79158617276994,56.0984341693303,0.8769249971430458,normal
2026-02-02 12:00:00,MTR-010,131.5557702386957,129.9899501642394,130.32617841416692,1.198723418940875,404.86265523277154,1480.884095082477,0.8631896411119113,79.62348062753432,55.39073115129722,0.8710280328501993,normal
2026-02-02 16:00:00,MTR-010,131.27427201611988,129.9931096537061,130.61709054837195,0.9807704463220679,414.9990580603409,1478.2945914958768,0.9823467696305558,77.87718289826769,55.338800161187095,0.8610864031924793,normal
2026-02-02 20:00:00,MTR-010,132.79130566988138,131.41329452446544,134.13674210168563,2.0510908269191552,417.5248695106053,1478.4236710256973,1.0434625809889044,79.4477593732011,52.92050378213723,0.8656193263386953,normal
2026-02-03 00:00:00,MTR-010,127.55799168156946,130.40982555037064,127.98392467397265,2.2167283308930363,418.35156037998513,1475.6214298778332,0.6595614130213516,77.08705696809898,57.240900983021064,0.8760935089557804,normal
2026-02-03 04:00:00,MTR-010,131.72284425096737,132.84392623425975,128.71522214185208,3.1494226812891157,411.80292110167835,1480.293384348459,0.8545198370507187,77.2254918918021,54.96236064327732,0.8763207938353141,normal
2026-02-03 08:00:00,MTR-010,130.13132672141174,130.55698502926413,130.65805550967136,0.40378204500557385,419.15636168790695,1481.289308865715,0.8787985191787944,79.20410504642025,55.06740762451502,0.8766839337059079,normal
2026-02-03 12:00:00,MTR-010,130.3849999091602,128.08041301966497,129.4082312399754,1.7824775600058165,412.86514095982125,1485.581429059577,0.7226219966658552,77.3364532125105,56.88079913789226,0.8627150326563354,normal
2026-02-03 16:00:00,MTR-010,131.44588402480798,128.92006256672235,129.76879404613373,1.942268551083593,414.3436109955504,1481.4085074435695,0.8820441400438952,82.41156538949632,53.017308504614924,0.8607015228698479,normal
2026-02-03 20:00:00,MTR-010,128.25214884198903,131.3954236301356,132.47370201950736,3.229781283602673,413.26671112257344,1478.650947630108,0.9221993414310041,79.13288997355805,55.45709553974385,0.871952052443525,normal
2026-02-04 00:00:00,MTR-010,135.97942022404592,126.26947778869797,123.48205074763021,9.719756361198332,410.4544425970707,1475.9209627369416,0.9778251817921486,78.0498469723084,55.84692498320284,0.8776985395777147,normal
2026-02-04 04:00:00,MTR-010,133.0781233698808,126.88952081922123,128.6180726248477,4.777789519440272,421.27887834968345,1476.3361389830036,0.9115737038447506,79.6398015535177,53.9088636994123,0.8700318484950486,normal
2026-02-04 08:00:00,MTR-010,128.77116846187738,130.02472243424498,125.97319112155267,3.158932072800634,415.19207126863233,1476.113114981584,0.7678575885003667,77.03863918004697,56.30474676151955,0.8848148424688517,normal
2026-02-04 12:00:00,MTR-010,127.47918315548382,132.19768667391557,127.2363353458217,3.846871542557219,419.3492735146345,1485.634126106348,1.201804504135777,79.84602963846604,55.954246341259136,0.8703313746219011,normal
2026-02-04 16:00:00,MTR-010,129.79684371494028,133.02070410940684,135.5573543816786,4.338007214941862,419.1788449670584,1480.863431490779,1.0243690157432397,79.79047043332706,54.79764657544515,0.8699929135616701,normal
2026-02-04 20:00:00,MTR-010,130.42121951405628,129.4982444957719,131.38243302069083,1.4445535832186152,411.12823914290806,1478.2511013422143,0.9829079616974801,80.5070681155591,54.735698219730274,0.8767055999119266,normal
2026-02-05 00:00:00,MTR-010,132.46275526688143,132.4516929654785,132.1991722712454,0.19912411614219755,419.86450899068643,1477.1204211845402,1.0507246885516404,77.11838093730285,56.04709531574261,0.8821923013759204,normal
2026-02-05 04:00:00,MTR-010,127.29895611548653,130.16701916924367,129.81388703160468,2.22169805313642,417.0136569741973,1477.4316764788182,0.9366913757715716,75.55453349172451,56.57694208002638,0.8565074474019545,normal
2026-02-05 08:00:00,MTR-010,130.65979204650475,126.46072981881565,131.75347195072263,4.083128892191266,410.83639254210846,1478.1721018164808,1.0929451328282933,76.7796907215949,55.12579983481328,0.8588198829196441,normal
2026-02-05 12:00:00,MTR-010,126.46627638801915,129.98133422680556,125.91727313817542,3.1886252592605553,416.795403325366,1483.9487656487654,0.9085307925428646,77.43673896805451,57.2403789208137,0.8668673856225596,normal
2026-02-05 16:00:00,MTR-010,131.00847088255014,128.5696345564302,132.39962299608973,2.9312801430966684,410.90812846052773,1479.9101696588268,0.9002621190411276,81.33442320170352,56.31705192486117,0.9015894178458866,normal
2026-02-05 20:00:00,MTR-010,129.75154580160807,132.12213359043744,128.10524914821713,3.0900780644143966,421.4258334719146,1475.657600748178,0.9952842718186806,82.39002405825549,51.42307210054637,0.8673853143745907,normal
2026-02-06 00:00:00,MTR-010,134.47588211728265,129.94066162051408,128.7720701064468,4.351966315913222,418.2551469796884,1486.931377824191,1.1364536319436385,78.68932460928797,52.190206604915716,0.8687821705698943,normal
2026-02-06 04:00:00,MTR-010,126.42701634224785,127.04660082040283,131.16746025171742,3.6972992650725804,414.71540575123583,1476.5795165819022,1.126807292293396,78.0187812160372,57.36447043804332,0.8761835192980791,normal
2026-02-06 08:00:00,MTR-010,133.1676282594438,126.53399243701134,130.73134361983446,5.097138122583236,420.05921447286875,1478.2274940702284,0.9889271397389994,77.30018433905158,54.5064537370582,0.8797692890281348,normal
2026-02-06 12:00:00,MTR-010,126.06225646983808,129.95151298730883,130.1955663340651,3.2106757769792895,408.6720494211859,1483.9304331629016,0.9774917787865199,79.64938070042173,55.32835164559495,0.8716978511645476,normal
2026-02-06 16:00:00,MTR-010,126.9326695880383,124.40660851040424,126.84973333394771,2.0038084142634935,412.00263479951985,1481.2454488978271,5.804406361664473,82.37716278398304,57.27858103531829,0.8816434749504025,misalignment_looseness
2026-02-06 20:00:00,MTR-010,126.124048131531,128.80246244128662,130.23068047905446,3.198667278916561,413.99032111303853,1478.5902310011274,5.847843137000489,81.57170178237655,54.98717756525632,0.8580602881697408,misalignment_looseness
2026-02-07 00:00:00,MTR-010,130.57859269508688,130.5339367528279,132.21996401693903,1.2859557438992308,423.94273872570204,1476.3058992217184,5.894809790911986,80.27595322521167,55.0745352191787,0.8623391157525727,misalignment_looseness
2026-02-07 04:00:00,MTR-010,127.28745163736914,127.55711741284983,128.76936315568048,1.1589085227873892,410.7180683965064,1477.099929673225,5.664512387399422,80.24660506222772,53.26254153441654,0.8816248695057964,misalignment_looseness
2026-02-07 08:00:00,MTR-010,126.88385607668498,132.29721476262566,133.03896561589758,4.707900387885095,408.1707762330373,1477.2805116427705,5.897709193475609,79.66461977250823,55.73998901445504,0.8701094311478348,misalignment_looseness
2026-02-07 12:00:00,MTR-010,130.46861845708514,132.75254847053495,127.98311197033206,3.6575033230505802,409.22245794200694,1480.0210953935486,5.751449267110695,77.90541870858293,56.17302443793365,0.8573754939499133,misalignment_looseness
2026-02-07 16:00:00,MTR-010,131.0441031140215,127.65029113141772,130.01513290530468,2.6192915883594887,418.6248634768224,1480.573185451844,5.797639743374992,76.5269035549184,53.84423632599429,0.8567746206838279,misalignment_looseness
2026-02-07 20:00:00,MTR-010,130.09209616959185,129.31118679741257,133.54831298380373,3.2348458920026206,412.6232309178446,1479.5540361141059,5.9072923982300996,77.95837182134412,53.155957243388265,0.8618905919465529,misalignment_looseness
2026-02-08 00:00:00,MTR-010,129.6250935222613,132.29884639416517,128.4252090906498,2.977055782011063,414.36365334252554,1479.882358558227,5.812059337513602,78.8446792042627,60.25257851039046,0.8700212554215792,misalignment_looseness
2026-02-08 04:00:00,MTR-010,134.2268133727437,129.99697814305492,132.43587756158257,3.199091482777098,418.0513305666979,1476.847830414417,5.837399334472925,75.09273220256341,54.814183060303435,0.8746737956972679,misalignment_looseness
2026-02-08 08:00:00,MTR-010,130.3370438153148,126.77720506394893,134.56364101491263,5.963907704670882,414.3676614881684,1480.8794083186717,5.6415872200076365,77.69409854126758,53.63261532078142,0.8667094000005586,misalignment_looseness
2026-02-08 12:00:00,MTR-010,131.8620425175092,129.6687690859846,130.39530184818025,1.6788420237237196,415.8165864180322,1483.841555910511,5.924746731562452,76.34813529081745,56.413172890584526,0.8738499918923952,misalignment_looseness
2026-02-08 16:00:00,MTR-010,130.33030891270568,128.0287878773607,128.78200518471414,1.7834745705932995,417.14086059043876,1479.5116249547514,5.804353006661419,80.02768232213629,54.89841192954422,0.8656293351330638,misalignment_looseness
2026-02-08 20:00:00,MTR-010,127.46268591158918,132.56116847173982,128.2141147665155,3.9397093782314965,413.2772944321591,1479.4531398807117,5.718909857676074,76.90058319568658,52.828467353475794,0.8822392020161691,misalignment_looseness
2026-02-09 00:00:00,MTR-010,131.27085153150688,131.40037639577238,133.0150818032916,1.3224341319559856,414.3347317602813,1480.2490031561586,5.865161158033965,78.65644066396197,55.96610714330289,0.8955184009457235,misalignment_looseness
2026-02-09 04:00:00,MTR-010,128.48437954682538,129.2748728376083,132.95058214958496,3.429298836119299,415.96782160928404,1483.3546145792782,6.088174574664075,76.59995941412885,53.293758061848365,0.8660738726791558,misalignment_looseness
2026-02-09 08:00:00,MTR-010,129.78972092542043,130.32851985118054,133.3495144172965,2.7141691624426727,418.47271709221286,1477.315831001684,5.52466132472671,81.19539865192183,58.152916004311265,0.8747993281079894,misalignment_looseness
2026-02-09 12:00:00,MTR-010,130.70581953148704,126.9767856887747,129.92410692292847,2.886199123405342,411.8305229432774,1484.3525420071965,5.579440106561508,74.59848612693082,55.989009259504805,0.8739841082415011,misalignment_looseness
2026-02-09 16:00:00,MTR-010,125.51316713430643,128.2579365402224,132.39848715375155,5.3489349107036555,402.9176963126809,1481.2636667183058,6.102795796325383,78.95168075368794,54.44623915094783,0.8713869542625993,misalignment_looseness
2026-02-09 20:00:00,MTR-010,126.2802617581169,133.58980078933376,129.88712674050865,5.626225172064595,417.7183325975426,1480.0860420870965,5.764004226345656,75.44548466312014,55.218694036044226,0.8765325094534129,misalignment_looseness
2026-02-10 00:00:00,MTR-010,132.10186119866103,130.1236783081841,127.95916149672735,3.1851835999298315,418.7108636750003,1483.639716509993,5.728630451794735,76.9813346990303,56.806576242196385,0.8747882118897983,misalignment_looseness
2026-02-10 04:00:00,MTR-010,128.46600821230467,132.14953163774004,132.59809745892633,3.152552852617497,415.80013664852066,1476.4538137783707,5.682692138750675,78.412373407369,55.371922507121596,0.8652894642961511,misalignment_looseness
2026-02-10 08:00:00,MTR-010,128.5756114029484,130.536208026543,133.77605575424298,3.9709377762262985,416.0731728758261,1481.566136608734,5.881265400145716,78.51071406263368,59.2442189144671,0.8831654577262269,misalignment_looseness
2026-02-10 12:00:00,MTR-010,130.38465762947922,133.03745137055714,127.64127544068317,4.139617369898733,412.74276042343934,1481.2909286935198,6.091687096321543,78.45853368219082,57.27173503279105,0.8720166624748678,misalignment_looseness
2026-02-10 16:00:00,MTR-010,129.10866777554057,125.38046436910402,127.59775955240734,2.9272425886250164,417.0007336861397,1477.1936348068186,5.600221718889998,78.30349828195101,55.97521473512224,0.8661519958016963,misalignment_looseness
2026-02-10 20:00:00,MTR-010,130.96509314868555,129.5650082502672,130.09240269244296,1.0752720724641907,418.41266727873676,1481.3819143688615,5.6854684909216,76.71631147625311,53.12602825298303,0.894432025238474,misalignment_looseness
2026-02-11 00:00:00,MTR-010,129.8818518660392,133.80127313792232,132.2097194443792,2.9700622227800033,415.2259853656739,1480.8499155381414,5.6473909307148205,77.67189335382238,54.70622379219602,0.868837866228444,misalignment_looseness
2026-02-11 04:00:00,MTR-010,130.45899348486148,132.2098230510735,127.3796178633242,3.7150810733456496,424.96499332002907,1479.4637856409302,5.809929746522892,78.06326803235783,55.957749940104904,0.8725494384142375,misalignment_looseness
2026-02-11 08:00:00,MTR-010,128.37792727588456,133.06308255364843,130.52465859207587,3.5858920731223756,408.7450356493145,1482.588452665691,5.883359015647586,78.39072079351777,53.354277168483726,0.8717544034458033,misalignment_looseness
2026-02-11 12:00:00,MTR-010,130.44741914713813,129.98436627243834,128.635457706173,1.3971580540226671,415.6518466834254,1478.284737242927,5.943139917799967,77.86863905438602,57.5868537499259,0.8687010538904879,misalignment_looseness
2026-02-11 16:00:00,MTR-010,132.55398366735304,128.75868739548906,131.61969391959556,2.8976714137815613,410.30258815073074,1480.81096373753,5.815007742393042,79.45918084196892,53.051685316443915,0.8744866470504401,misalignment_looseness
2026-02-11 20:00:00,MTR-010,128.68787078942498,127.62610880427678,128.1559949014317,0.8284875716568871,418.51938369582757,1479.6049786526341,6.077899918686542,78.18677394030189,53.725548603908194,0.8615500009090837,misalignment_looseness
2026-02-12 00:00:00,MTR-010,132.11540229396232,127.46487729927118,131.78372248952255,3.5648590340005977,408.67409828783127,1478.155909530977,5.613787052518888,78.40265193524323,53.875401630210234,0.8759654338652306,misalignment_looseness
2026-02-12 04:00:00,MTR-010,129.8808383754321,131.8652066326597,129.63434799277684,1.709992641259806,409.6643138291292,1481.5086540553564,5.574818917135095,77.23469530337697,56.48764892126626,0.8524164597160757,misalignment_looseness
2026-02-12 08:00:00,MTR-010,131.6974687160379,131.18608776097264,127.83416412304825,2.966313829116652,412.46725223780317,1479.3767927579524,5.920401643997431,75.89511614677116,53.39012726565846,0.8570193024874287,misalignment_looseness
2026-02-12 12:00:00,MTR-010,130.2976048246383,129.8461413615476,130.14719456365324,0.34702070887682274,416.0633286794216,1475.5809806238713,5.718424847939451,78.30805786146495,51.40004685916189,0.8882572454716852,misalignment_looseness
2026-02-12 16:00:00,MTR-010,129.92278365132924,131.17448506899055,125.52112833984914,4.386772672068357,412.6181144453535,1474.596801685846,5.493608951487707,80.41489208792588,57.17607767152342,0.8574381997327821,misalignment_looseness
2026-02-12 20:00:00,MTR-010,130.80826415413205,130.32922184314253,128.70787032224635,1.6163284732042784,412.65823494960364,1482.3671724042497,5.652590554254383,78.88772246146083,54.111227429788876,0.8504004114796314,misalignment_looseness
2026-02-13 00:00:00,MTR-010,132.80475881065408,132.22379202101214,130.7797713625281,1.5348243085695934,414.27643818029566,1476.3381996783196,5.738348798114591,76.36501211757042,52.86298473569612,0.8576858383093381,misalignment_looseness
2026-02-13 04:00:00,MTR-010,130.54564707996374,132.20176494467665,125.90527784401517,4.860242008969009,414.03103936375396,1480.8381534802018,5.603062764313897,79.6294800516372,53.49028289359492,0.8874005726919674,misalignment_looseness
2026-02-13 08:00:00,MTR-010,131.10593792032162,127.53664652332392,124.05781705060083,5.525043226138414,420.9497975532741,1480.1648556808846,5.5478008969358115,77.32976586441208,58.4335254983687,0.8520813825972728,misalignment_looseness
2026-02-13 12:00:00,MTR-010,129.14839042195607,130.6324262821524,124.59346219420956,4.71334666714813,417.7436444786759,1478.8944046690874,5.6688556295211185,79.42930796096057,53.68591260545418,0.8604418581740845,misalignment_looseness
2026-02-13 16:00:00,MTR-010,133.63049318434406,126.14306351066257,133.06714155048974,5.717912915175403,413.7016930408614,1485.8700053716461,5.540319986945743,77.26240827020767,54.7532637892462,0.8554180751568301,misalignment_looseness
2026-02-13 20:00:00,MTR-010,131.47989021192635,130.30742570580938,129.82260139272614,1.2695966669452343,423.38804764485445,1480.5390220553813,5.795269655847035,78.70661287965474,54.10616327542797,0.8672587080290999,misalignment_looseness
2026-02-14 00:00:00,MTR-010,130.17959288539112,131.39661433531032,128.76941331162783,2.019134494271774,416.966644699424,1482.2669004480463,5.408429272966073,76.9630053267513,52.534674913132484,0.8656397910181927,misalignment_looseness
2026-02-14 04:00:00,MTR-010,129.71653373523364,126.96384862536692,132.1843576113189,4.027499885689518,411.1241517787458,1480.8544486460194,5.7135637391948135,77.01389500705933,53.51456287550607,0.8651924349327297,misalignment_looseness
2026-02-14 08:00:00,MTR-010,132.26005466676452,129.03750834471273,129.06527184496028,2.476577712555753,416.0260549599674,1479.3053817306475,5.777926483216246,74.86746926580852,52.39778318598701,0.8885613379940513,misalignment_looseness
2026-02-14 12:00:00,MTR-010,128.59899502193986,130.0220165162413,130.620445279692,1.557992003943704,417.14205017946125,1479.942733749292,5.686418814037744,79.02414963832231,56.91176255136143,0.8580092468236246,misalignment_looseness
2026-02-14 16:00:00,MTR-010,125.87957774017292,130.54060336228517,130.0595234776893,3.618062397746675,412.2495011237546,1484.3756282969814,5.86398343456063,78.74033926964067,55.201758129227194,0.8689781222028289,misalignment_looseness
2026-02-14 20:00:00,MTR-010,130.16732351866986,129.35611588588037,128.9114680053709,0.9699351083091343,410.78996435677584,1483.2643158778012,5.494415814869379,78.85288543252189,59.965355524348645,0.8733860124632074,misalignment_looseness
2026-02-15 00:00:00,MTR-010,132.7502327911976,127.29071182555364,130.67980382054373,4.191884603630249,415.34583636016976,1485.8559592950658,5.594836574793582,78.55066112226362,53.582178550018824,0.8601979073792786,misalignment_looseness
2026-02-15 04:00:00,MTR-010,133.6776914747379,129.8751833555644,131.78709260061544,2.8854973686701526,413.5591129147759,1480.6649262789188,5.650494803062366,76.47549993335339,53.282279507708765,0.874865899812466,misalignment_looseness
2026-02-15 08:00:00,MTR-010,129.75203177517503,126.18148153418085,129.57266026289406,2.7785938221752,420.91651155382175,1477.3691888028977,5.806908685411396,79.93179852898716,58.067519536710655,0.8660018950544669,misalignment_looseness
2026-02-15 12:00:00,MTR-010,130.10073593444324,129.46233979077905,128.9356048975982,0.8997181418818327,417.96462329633965,1478.6784491669205,5.732776137906918,79.98555860018455,57.11595406413627,0.8737430906618986,misalignment_looseness
2026-02-15 16:00:00,MTR-010,131.20069255514798,128.97993653723375,129.20841576817904,1.710954157975456,412.4368989036537,1476.4366654246041,6.021504897411362,76.42352506965884,55.76953004354204,0.8689200074847435,misalignment_looseness
2026-02-15 20:00:00,MTR-010,129.38905912084817,129.68969711027333,124.68926881311742,3.908946007093333,416.7037524437944,1482.3011323866258,5.579132115453916,79.06424798269991,52.77261696982346,0.849494687744337,misalignment_looseness
2026-02-16 00:00:00,MTR-010,131.19347152517065,128.7073447631673,130.6541820630428,1.9096875772921948,420.068512570899,1478.2422510517683,5.490751665212902,79.74998237073595,58.48999253545587,0.8830609871276575,misalignment_looseness
2026-02-16 04:00:00,MTR-010,129.8026270641978,126.51558206292789,127.20560946544867,2.5711923290702847,409.4247822164014,1470.8340461610414,5.9683633474399596,77.05980345331255,54.85579368045931,0.8907045831535407,misalignment_looseness
2026-02-16 08:00:00,MTR-010,132.3373844166173,129.15333988130425,131.45534994018595,2.43090190542304,410.908887036049,1487.3913270949897,5.485371212410143,77.40792862151129,54.13864974300993,0.8682324581806519,misalignment_looseness
2026-02-16 12:00:00,MTR-010,131.6708882969372,132.15122873341957,129.7910198562171,1.798879653157461,414.95532553088185,1478.288196584535,5.802459406709857,79.06822681642358,57.28591947383656,0.861020479481334,misalignment_looseness
2026-02-16 16:00:00,MTR-010,131.87252654576562,132.91537608032968,130.2429465342037,2.0295348212474984,415.14240787162015,1478.2702272235426,5.553199493696704,74.9793404611714,54.95540975749254,0.8850601272117569,misalignment_looseness
2026-02-16 20:00:00,MTR-010,129.52548810979073,135.6375725552623,131.61853852762323,4.621245887844375,414.7912099781486,1485.0148350779812,5.389602247372847,75.822965556932,52.66865982873623,0.8889038290286747,misalignment_looseness
2026-02-17 00:00:00,MTR-010,134.45103202960522,133.9095920549635,127.85870062890095,4.991425952385022,413.7568912848493,1476.3752456476075,5.643782430928015,76.02044998426088,55.08060519899716,0.8683120458841,misalignment_looseness
2026-02-17 04:00:00,MTR-010,131.11837426683255,127.23374345836704,130.85337418018887,2.9942774877979974,413.6957587101919,1483.4098176595994,5.8349249943715735,74.40736727034901,53.43730239685847,0.8678131938477949,misalignment_looseness
2026-02-17 08:00:00,MTR-010,130.57152403472512,129.05605532150318,130.61850198814483,1.2011241685700864,416.5370325472865,1478.237672669728,5.516734336729039,80.16987954837496,48.981317714633654,0.869200889023285,misalignment_looseness
2026-02-17 12:00:00,MTR-010,128.24137622268967,129.9473398661527,129.57295096455888,1.3198547884529,419.5357702145567,1476.0286136662094,5.786414209221724,74.02373637161666,53.23657961569974,0.8532545111075469,misalignment_looseness
2026-02-17 16:00:00,MTR-010,129.7756562378789,129.80226171643767,127.85485855823538,1.5079285565860225,413.0761890812463,1485.1171532841345,5.814429534177968,78.68622132686274,53.9445288582643,0.8670887412130677,misalignment_looseness
2026-02-17 20:00:00,MTR-010,130.2643443358461,130.16069925131572,131.37566199692748,0.9302913917425288,424.7535973806826,1482.7692908411875,5.509246478772104,79.62336678951044,52.688709781413905,0.8871494188754925,misalignment_looseness
2026-02-18 00:00:00,MTR-010,128.17959024826385,135.56421128535436,131.6257616137691,5.60333044731947,422.84276574296126,1482.7600029535452,5.665835806693144,77.41280809117346,56.15049306422807,0.8683131133922944,misalignment_looseness
2026-02-18 04:00:00,MTR-010,129.32442259644478,127.49925864972424,130.2625469044822,2.1416067432519315,420.3170225183203,1481.1029666403663,5.9365612233490745,76.66326475053751,53.44510448534243,0.859599654721278,misalignment_looseness
2026-02-18 08:00:00,MTR-010,129.61681773593972,128.3509502629714,127.52641219479283,1.626799299613163,417.48993333824626,1481.797304899233,5.797588892994561,78.46568490147328,55.95685240166891,0.8749668561930448,misalignment_looseness
2026-02-18 12:00:00,MTR-010,130.1292388608003,133.79906437176146,128.78100667946117,3.8334138501257815,423.0319524258806,1476.3035259257558,5.660776130313597,78.00366600118896,52.53336052726337,0.8633280120150588,misalignment_looseness
2026-02-18 16:00:00,MTR-010,125.92618828968162,128.57639867375946,129.8605643748514,3.070827214943138,413.83953854000237,1480.334832571734,5.762294322188088,80.00700972483283,56.818437842165075,0.8693354787633207,misalignment_looseness
2026-02-18 20:00:00,MTR-010,129.68737475037236,130.9096086141092,131.59118740440306,1.456300415918929,411.6695823520391,1477.2137109986475,5.597210503729433,72.74295771920409,52.44703494666702,0.8573115121945272,misalignment_looseness
2026-02-19 00:00:00,MTR-010,129.1279110435486,132.39120814369542,126.3403800507608,4.680170091093949,412.89611176238407,1475.8331784428108,5.867054351757753,76.16258504770374,50.316939181217855,0.8596337583881327,misalignment_looseness
2026-02-19 04:00:00,MTR-010,129.9517344097558,131.12435328311403,128.69698754916323,1.8682914917431226,410.9882287876397,1481.232859992124,5.866989009690321,79.12315376783211,57.47452517032645,0.8773765925486359,misalignment_looseness
2026-02-19 08:00:00,MTR-010,132.39263917517215,130.44319168539243,129.06937897257802,2.54392653060854,415.4872052892535,1483.4744486669786,5.718135887262908,78.10089488554893,53.28821239253766,0.8711586677940109,misalignment_looseness
2026-02-19 12:00:00,MTR-010,134.74331402623568,132.1692337788483,129.80766568315744,3.7323394487620667,416.19932185651095,1478.8498935273158,5.734605923468654,79.50406831839373,58.513858116398815,0.8622394261315718,misalignment_looseness
2026-02-19 16:00:00,MTR-010,131.56780508362314,127.93601933607741,126.99249267692035,3.5513759414884687,415.8033593547244,1479.3639613229964,5.550180468749149,78.52403995247933,56.12918380241614,0.871195351303049,misalignment_looseness
2026-02-19 20:00:00,MTR-010,127.14711320233558,128.8528496562759,129.49725757887052,1.8289193166175448,414.9502745912728,1476.5855480647508,5.497194535939825,77.73052587351738,56.58052663676251,0.8639285329127274,misalignment_looseness
